cell_id,model_version,error_reduction,cost_reduction,cycle_compression,tool_fixed_cost,total_budget,h2_yield,gxe_cor_onstation,n_reps,mean_dg_trad,mean_dg_tool,mean_dg_diff,sd_dg_diff,p_tool_gt_trad,mean_dg_vs_base_trad,mean_dg_vs_base_tool,h2_plot_trad,h2_plot_tool,elapsed_s
0,2,0.1,0.05,0,3000,100000,0.3,0.6,100,281.938055800376,286.3081217925,4.37006599212484,23.0900386212685,0.53,629.847575222989,634.217641215114,0.3,0.32258064516129,745.818736076355
1,2,0.2,0.05,0,3000,100000,0.3,0.6,100,283.481899224356,289.216340653157,5.73444142880026,25.039693491538,0.57,628.670889538213,634.405330967013,0.3,0.348837209302326,746.909567832947
2,2,0.3,0.05,0,3000,100000,0.3,0.6,100,298.066522695554,307.049953714995,8.98343101944088,25.8693968651663,0.59,641.424858675568,650.408289695009,0.3,0.379746835443038,742.116972446442
3,2,0.4,0.05,0,3000,100000,0.3,0.6,100,294.87360740439,311.080739670774,16.2071322663837,22.609217273171,0.73,642.274000701436,658.481132967819,0.3,0.416666666666667,744.270812511444
4,2,0.5,0.05,0,3000,100000,0.3,0.6,100,291.232815818371,307.765512079314,16.5326962609426,24.5698866111586,0.72,644.582378826826,661.115075087769,0.3,0.461538461538462,827.150142192841
5,2,0.1,0.1,0,3000,100000,0.3,0.6,100,299.743709749705,303.675449012666,3.93173926296106,20.8295434507571,0.59,645.446990699504,649.378729962465,0.3,0.32258064516129,829.439614057541
6,2,0.2,0.1,0,3000,100000,0.3,0.6,100,296.276317553269,301.460626597761,5.18430904449176,22.1208091590463,0.55,637.373307557807,642.557616602299,0.3,0.348837209302326,818.775749444962
7,2,0.3,0.1,0,3000,100000,0.3,0.6,100,281.167135427542,291.578128408328,10.4109929807862,24.0434519020187,0.68,628.37711083565,638.788103816436,0.3,0.379746835443038,743.585477352142
8,2,0.4,0.1,0,3000,100000,0.3,0.6,100,278.396990294447,289.801107218635,11.4041169241883,20.6834038407416,0.7,626.279970705039,637.684087629228,0.3,0.416666666666667,740.306754827499
9,2,0.5,0.1,0,3000,100000,0.3,0.6,100,288.883273996398,309.787531240603,20.9042572442044,27.3879851490823,0.86,637.015955413997,657.920212658201,0.3,0.461538461538462,740.650644540787
10,2,0.1,0.2,0,3000,100000,0.3,0.6,100,287.057706289574,295.882947514481,8.82524122490747,27.9181756911331,0.58,627.934258028187,636.759499253094,0.3,0.32258064516129,795.467812538147
11,2,0.2,0.2,0,3000,100000,0.3,0.6,100,287.685195232526,295.694872089819,8.00967685729263,26.8117708678318,0.63,637.772819380991,645.782496238283,0.3,0.348837209302326,757.267077684403
12,2,0.3,0.2,0,3000,100000,0.3,0.6,100,297.059436743164,310.078394597285,13.0189578541206,26.9330088077624,0.66,639.810092584325,652.829050438445,0.3,0.379746835443038,735.571111679077
13,2,0.4,0.2,0,3000,100000,0.3,0.6,100,295.15703171957,309.105639046861,13.9486073272907,26.1410866106144,0.69,640.606909878328,654.555517205618,0.3,0.416666666666667,735.810338020325
14,2,0.5,0.2,0,3000,100000,0.3,0.6,100,289.071779533637,305.806971490854,16.7351919572172,25.9279450263244,0.74,638.78679075737,655.521982714587,0.3,0.461538461538462,742.18404340744
15,2,0.1,0.05,1,3000,100000,0.3,0.6,100,290.258383886025,292.461899934583,2.20351604855791,24.7681653827038,0.5,639.479879080766,641.683395129324,0.3,0.32258064516129,746.76208615303
16,2,0.2,0.05,1,3000,100000,0.3,0.6,100,286.384679090509,292.041812495872,5.65713340536339,22.6905209415593,0.61,630.696445627371,636.353579032734,0.3,0.348837209302326,829.191761016846
17,2,0.3,0.05,1,3000,100000,0.3,0.6,100,290.003641678262,300.886085617419,10.8824439391572,27.4439405633295,0.71,638.321733143755,649.204177082913,0.3,0.379746835443038,830.489106178284
18,2,0.4,0.05,1,3000,100000,0.3,0.6,100,295.105670435025,311.272539662714,16.1668692276898,29.0302834759577,0.71,639.581907621261,655.748776848951,0.3,0.416666666666667,812.090562582016
19,2,0.5,0.05,1,3000,100000,0.3,0.6,100,295.730140874902,312.263026684977,16.532885810075,26.1054122690412,0.74,642.335610166364,658.868495976439,0.3,0.461538461538462,740.341260671616
20,2,0.1,0.1,1,3000,100000,0.3,0.6,100,295.832331749399,299.07726661629,3.24493486689164,23.303082244868,0.54,637.61095654571,640.855891412601,0.3,0.32258064516129,740.946625709534
21,2,0.2,0.1,1,3000,100000,0.3,0.6,100,293.802423916136,299.639024652649,5.83660073651247,21.7119610563397,0.58,641.491268704777,647.32786944129,0.3,0.348837209302326,740.091828107834
22,2,0.3,0.1,1,3000,100000,0.3,0.6,100,289.929786494982,306.514096223132,16.5843097281494,23.988156741695,0.78,638.575965292976,655.160275021125,0.3,0.379746835443038,793.691287279129
23,2,0.4,0.1,1,3000,100000,0.3,0.6,100,292.642774882811,307.993353401516,15.3505785187046,23.7148992671449,0.76,634.510627168154,649.861205686858,0.3,0.416666666666667,757.468915700913
24,2,0.5,0.1,1,3000,100000,0.3,0.6,100,302.105659938209,318.89667226985,16.7910123316406,25.2144848885042,0.71,642.476230265588,659.267242597228,0.3,0.461538461538462,737.872281312943
25,2,0.1,0.2,1,3000,100000,0.3,0.6,100,298.021320644163,302.09929922393,4.07797857976681,24.3597382676683,0.54,643.76641812835,647.844396708117,0.3,0.32258064516129,746.981283426285
26,2,0.2,0.2,1,3000,100000,0.3,0.6,100,293.142049389876,303.065651716098,9.92360232622232,24.8893241284703,0.63,639.712899672209,649.636501998432,0.3,0.348837209302326,740.048688650131
27,2,0.3,0.2,1,3000,100000,0.3,0.6,100,290.693448385768,304.165816746959,13.4723683611906,31.0239802009164,0.56,639.230498679878,652.702867041069,0.3,0.379746835443038,742.644888162613
28,2,0.4,0.2,1,3000,100000,0.3,0.6,100,285.493563657513,304.098924873916,18.6053612164031,30.1398138793958,0.73,631.67866842478,650.284029641183,0.3,0.416666666666667,829.111883163452
29,2,0.5,0.2,1,3000,100000,0.3,0.6,100,292.143368168199,312.19905865033,20.0556904821311,31.5164878554828,0.74,639.212831964098,659.268522446229,0.3,0.461538461538462,820.373988866806
30,2,0.1,0.05,2,3000,100000,0.3,0.6,100,297.744448642957,299.505293007931,1.76084436497343,23.3273247286543,0.52,641.001009163332,642.761853528305,0.3,0.32258064516129,816.167407751084
31,2,0.2,0.05,2,3000,100000,0.3,0.6,100,295.108888365144,297.530222003305,2.42133363816145,19.4552599958966,0.55,642.938170531062,645.359504169223,0.3,0.348837209302326,742.42412686348
32,2,0.3,0.05,2,3000,100000,0.3,0.6,100,291.702853157603,301.597420793613,9.89456763601031,27.091841525271,0.6,639.269168322729,649.16373595874,0.3,0.379746835443038,743.773319482803
33,2,0.4,0.05,2,3000,100000,0.3,0.6,100,300.320135487314,311.491101977081,11.1709664897667,23.9080826885288,0.67,643.297723195689,654.468689685456,0.3,0.416666666666667,744.874171257019
34,2,0.5,0.05,2,3000,100000,0.3,0.6,100,293.398001096096,308.756292413912,15.3582913178161,27.4703810857461,0.69,640.821398309913,656.179689627729,0.3,0.461538461538462,783.642950296402
35,2,0.1,0.1,2,3000,100000,0.3,0.6,100,295.638037756217,301.548719299854,5.91068154363627,21.2720015174213,0.55,645.175880963173,651.086562506809,0.3,0.32258064516129,756.679988622665
36,2,0.2,0.1,2,3000,100000,0.3,0.6,100,300.969913227192,300.994908012393,0.0249947852007813,18.7251195442939,0.45,647.335824300072,647.360819085273,0.3,0.348837209302326,736.592670202255
37,2,0.3,0.1,2,3000,100000,0.3,0.6,100,273.255448507142,285.110642026694,11.8551935195515,23.5074450619365,0.63,626.296087145297,638.151280664848,0.3,0.379746835443038,746.214155435562
38,2,0.4,0.1,2,3000,100000,0.3,0.6,100,290.797068016348,300.95346532195,10.1563973056017,25.887196396319,0.71,639.092864934287,649.249262239889,0.3,0.416666666666667,742.876689434052
39,2,0.5,0.1,2,3000,100000,0.3,0.6,100,287.319127721907,308.806155857792,21.4870281358852,26.310553302854,0.79,634.34939715881,655.836425294696,0.3,0.461538461538462,750.450935125351
40,2,0.1,0.2,2,3000,100000,0.3,0.6,100,287.883590982261,294.08129470692,6.19770372465904,29.2536957835051,0.57,632.656368961887,638.854072686546,0.3,0.32258064516129,828.615794658661
41,2,0.2,0.2,2,3000,100000,0.3,0.6,100,295.86834605377,299.217181890948,3.3488358371778,24.5042263496158,0.6,646.342215734299,649.691051571477,0.3,0.348837209302326,828.028296709061
42,2,0.3,0.2,2,3000,100000,0.3,0.6,100,292.370462441961,302.625394182277,10.2549317403165,25.8779688022428,0.62,640.386932357986,650.641864098303,0.3,0.379746835443038,814.124977350235
43,2,0.4,0.2,2,3000,100000,0.3,0.6,100,299.967284917323,315.177879895473,15.2105949781496,29.7951348472039,0.6,645.062760978391,660.27335595654,0.3,0.416666666666667,738.866207838059
44,2,0.5,0.2,2,3000,100000,0.3,0.6,100,289.526998760281,308.170540504471,18.643541744189,27.861534356357,0.79,636.669112835231,655.31265457942,0.3,0.461538461538462,740.674912214279
45,2,0.1,0.05,3,3000,100000,0.3,0.6,100,303.329195976355,303.728259667428,0.399063691073582,23.4975269783619,0.51,650.595613788761,650.994677479834,0.3,0.32258064516129,740.514647722244
46,2,0.2,0.05,3,3000,100000,0.3,0.6,100,289.97436784132,297.094952975859,7.12058513453932,22.5641654418327,0.68,636.687218343225,643.807803477764,0.3,0.348837209302326,784.160653352738
47,2,0.3,0.05,3,3000,100000,0.3,0.6,100,295.31593423033,304.223629088762,8.9076948584318,24.3271380320192,0.61,638.086627817104,646.994322675536,0.3,0.379746835443038,755.299172878265
48,2,0.4,0.05,3,3000,100000,0.3,0.6,100,292.035890814372,307.366740749897,15.3308499355244,24.3814819155815,0.72,633.722495785193,649.053345720718,0.3,0.416666666666667,739.191620111466
49,2,0.5,0.05,3,3000,100000,0.3,0.6,100,295.13852079145,313.053961205199,17.9154404137486,27.0103244445749,0.72,639.137195845715,657.052636259463,0.3,0.461538461538462,743.916866779327
50,2,0.1,0.1,3,3000,100000,0.3,0.6,100,278.025332234057,282.406404618799,4.38107238474152,22.0412943606723,0.53,625.62075589456,630.001828279301,0.3,0.32258064516129,741.445791006088
51,2,0.2,0.1,3,3000,100000,0.3,0.6,100,285.806356336905,290.535257807647,4.72890147074234,21.2476710020099,0.51,628.741377053479,633.470278524222,0.3,0.348837209302326,744.214450359345
52,2,0.3,0.1,3,3000,100000,0.3,0.6,100,295.569806622533,306.262517500123,10.6927108775902,23.5238906484587,0.71,643.182298964833,653.875009842423,0.3,0.379746835443038,853.544725894928
53,2,0.4,0.1,3,3000,100000,0.3,0.6,100,291.240715224097,305.663998834913,14.423283610816,27.2020435976714,0.71,638.271308733277,652.694592344093,0.3,0.416666666666667,831.998626708984
54,2,0.5,0.1,3,3000,100000,0.3,0.6,100,300.261854353488,318.801805917027,18.5399515635387,28.5746506807325,0.76,642.405772445328,660.945724008866,0.3,0.461538461538462,812.230304956436
55,2,0.1,0.2,3,3000,100000,0.3,0.6,100,296.087036342107,302.408067104165,6.32103076205857,32.4219489070584,0.59,642.657031351605,648.978062113664,0.3,0.32258064516129,740.627689599991
56,2,0.2,0.2,3,3000,100000,0.3,0.6,100,285.26816063149,289.496876812757,4.22871618126719,27.8570053633703,0.57,635.024591466618,639.253307647885,0.3,0.348837209302326,741.852728843689
57,2,0.3,0.2,3,3000,100000,0.3,0.6,100,297.392816188014,306.99213561043,9.59931942241634,26.9054437608694,0.62,641.893004536226,651.492323958642,0.3,0.379746835443038,744.453550577164
58,2,0.4,0.2,3,3000,100000,0.3,0.6,100,283.713988018018,296.701978092959,12.9879900749403,24.4013725034109,0.64,631.520040961668,644.508031036608,0.3,0.416666666666667,781.086400747299
59,2,0.5,0.2,3,3000,100000,0.3,0.6,100,302.819815117095,318.46447161881,15.6446565017148,29.5245569357196,0.69,648.328134125196,663.972790626911,0.3,0.461538461538462,753.463854789734
60,2,0.1,0.05,0,6500,100000,0.3,0.6,100,295.849137850624,298.969524043362,3.12038619273867,25.8864743495483,0.55,637.50901020427,640.629396397009,0.3,0.32258064516129,748.056700706482
61,2,0.2,0.05,0,6500,100000,0.3,0.6,100,297.319027099965,302.304817602927,4.98579050296157,25.340002647,0.54,641.12212524275,646.107915745711,0.3,0.348837209302326,762.0797996521
62,2,0.3,0.05,0,6500,100000,0.3,0.6,100,297.943777428312,310.466673009947,12.5228955816351,25.0608430348985,0.68,641.892217506109,654.415113087744,0.3,0.379746835443038,744.6754322052
63,2,0.4,0.05,0,6500,100000,0.3,0.6,100,286.748333494464,302.308621404689,15.5602879102246,27.0792432009019,0.72,633.761547067641,649.321834977866,0.3,0.416666666666667,741.863966941834
64,2,0.5,0.05,0,6500,100000,0.3,0.6,100,292.350254369112,311.848840361901,19.4985859927881,28.4579177510173,0.74,639.728426324237,659.227012317025,0.3,0.461538461538462,829.667314529419
65,2,0.1,0.1,0,6500,100000,0.3,0.6,100,303.16953755517,308.607611879802,5.43807432463203,25.6645816359472,0.6,646.653101341676,652.091175666307,0.3,0.32258064516129,823.816557645798
66,2,0.2,0.1,0,6500,100000,0.3,0.6,100,297.118813370784,304.230935778039,7.11212240725547,24.1964612841621,0.58,640.436987285104,647.54910969236,0.3,0.348837209302326,817.708736181259
67,2,0.3,0.1,0,6500,100000,0.3,0.6,100,297.601591104031,310.169096449997,12.5675053459662,25.0193149104568,0.67,643.671598265939,656.239103611905,0.3,0.379746835443038,743.43983745575
68,2,0.4,0.1,0,6500,100000,0.3,0.6,100,293.871930205012,303.62153749957,9.74960729455883,24.6416191596413,0.63,636.944011765208,646.693619059767,0.3,0.416666666666667,739.345145702362
69,2,0.5,0.1,0,6500,100000,0.3,0.6,100,289.884121573785,305.50294820219,15.6188266284052,21.0156825236742,0.83,642.272484744859,657.891311373264,0.3,0.461538461538462,744.193949222565
70,2,0.1,0.2,0,6500,100000,0.3,0.6,100,286.482414661562,290.081791083539,3.5993764219765,19.750165967958,0.56,632.317372502218,635.916748924195,0.3,0.32258064516129,783.663752317429
71,2,0.2,0.2,0,6500,100000,0.3,0.6,100,294.095031867542,302.527511165548,8.43247929800651,23.0771546298463,0.59,638.092101712143,646.524581010149,0.3,0.348837209302326,755.793608903885
72,2,0.3,0.2,0,6500,100000,0.3,0.6,100,291.415010023893,301.872003437406,10.4569934135132,28.8992334782541,0.63,633.846208554686,644.303201968199,0.3,0.379746835443038,736.450718641281
73,2,0.4,0.2,0,6500,100000,0.3,0.6,100,298.643171441298,315.418279023389,16.7751075820914,24.5930624606974,0.78,644.89840915706,661.673516739151,0.3,0.416666666666667,739.441650390625
74,2,0.5,0.2,0,6500,100000,0.3,0.6,100,289.228702555919,309.307723630964,20.0790210750455,29.8409358166203,0.72,636.145514116216,656.224535191262,0.3,0.461538461538462,739.947095155716
75,2,0.1,0.05,1,6500,100000,0.3,0.6,100,293.076961672374,296.182653144167,3.105691471793,28.7916317456629,0.55,641.48501591797,644.590707389763,0.3,0.32258064516129,742.156805992127
76,2,0.2,0.05,1,6500,100000,0.3,0.6,100,301.700131271835,308.139957841143,6.4398265693072,25.0899250645287,0.54,646.003807615079,652.443634184386,0.3,0.348837209302326,852.428710699081
77,2,0.3,0.05,1,6500,100000,0.3,0.6,100,288.946295602915,305.503519807733,16.5572242048183,32.0099342318149,0.67,636.122555456377,652.679779661195,0.3,0.379746835443038,855.568384885788
78,2,0.4,0.05,1,6500,100000,0.3,0.6,100,297.262817662848,310.387710149946,13.1248924870979,26.1580192197792,0.65,641.164876638254,654.289769125352,0.3,0.416666666666667,820.016825199127
79,2,0.5,0.05,1,6500,100000,0.3,0.6,100,286.624654481375,305.994436073286,19.3697815919116,23.826676796521,0.83,634.883731781519,654.253513373431,0.3,0.461538461538462,739.453062295914
80,2,0.1,0.1,1,6500,100000,0.3,0.6,100,292.221991035663,298.889098247267,6.66710721160332,31.1533256011491,0.53,641.258692641676,647.925799853279,0.3,0.32258064516129,744.414928197861
81,2,0.2,0.1,1,6500,100000,0.3,0.6,100,289.605370775025,295.64387426767,6.03850349264467,24.4012707155253,0.63,634.642098692657,640.680602185301,0.3,0.348837209302326,743.718721389771
82,2,0.3,0.1,1,6500,100000,0.3,0.6,100,295.603924469871,308.251806483913,12.6478820140419,23.6269983003656,0.73,641.190106187711,653.837988201754,0.3,0.379746835443038,784.746256828308
83,2,0.4,0.1,1,6500,100000,0.3,0.6,100,287.948534338988,302.105120881189,14.1565865422003,26.418656298734,0.7,638.057705584371,652.214292126571,0.3,0.416666666666667,752.836438417435
84,2,0.5,0.1,1,6500,100000,0.3,0.6,100,296.493249867448,313.868911425623,17.3756615581755,33.0075226475211,0.71,643.254981260095,660.630642818271,0.3,0.461538461538462,740.79732131958
85,2,0.1,0.2,1,6500,100000,0.3,0.6,100,297.931088220193,304.242380197577,6.31129197738416,25.390102663805,0.55,645.367111617677,651.678403595061,0.3,0.32258064516129,758.711791753769
86,2,0.2,0.2,1,6500,100000,0.3,0.6,100,293.319537200209,298.926284282017,5.60674708180818,22.4788207253006,0.55,638.319569082608,643.926316164416,0.3,0.348837209302326,738.528075933456
87,2,0.3,0.2,1,6500,100000,0.3,0.6,100,304.215166551557,312.282027192948,8.06686064139103,21.9442857517928,0.63,652.470543633798,660.537404275189,0.3,0.379746835443038,740.710213899612
88,2,0.4,0.2,1,6500,100000,0.3,0.6,100,298.462630261171,310.764094270151,12.3014640089799,23.7149820356761,0.73,641.900656776053,654.202120785033,0.3,0.416666666666667,835.049179077148
89,2,0.5,0.2,1,6500,100000,0.3,0.6,100,300.730246504369,313.149177951414,12.418931447044,21.549592200516,0.66,647.553385054214,659.972316501258,0.3,0.461538461538462,848.873375177383
90,2,0.1,0.05,2,6500,100000,0.3,0.6,100,298.763873306746,295.27545871193,-3.48841459481635,24.0285802891182,0.39,644.079541984687,640.591127389871,0.3,0.32258064516129,825.111424207687
91,2,0.2,0.05,2,6500,100000,0.3,0.6,100,303.680715063751,314.627071555537,10.9463564917861,26.0879217093423,0.64,645.011485660925,655.957842152711,0.3,0.348837209302326,741.558368444443
92,2,0.3,0.05,2,6500,100000,0.3,0.6,100,298.634942768794,310.348448359953,11.7135055911589,23.2514067563612,0.69,642.779523000258,654.493028591417,0.3,0.379746835443038,742.09223985672
93,2,0.4,0.05,2,6500,100000,0.3,0.6,100,295.069214826108,311.509580972862,16.440366146754,26.3596340314914,0.71,639.514427659027,655.954793805781,0.3,0.416666666666667,744.276457071304
94,2,0.5,0.05,2,6500,100000,0.3,0.6,100,299.147403152334,313.522331222028,14.3749280696941,24.236907121056,0.71,643.68417548116,658.059103550854,0.3,0.461538461538462,794.04691362381
95,2,0.1,0.1,2,6500,100000,0.3,0.6,100,291.652365724309,294.738886957654,3.08652123334455,25.9676263124771,0.55,636.344247522488,639.430768755833,0.3,0.32258064516129,756.797819375992
96,2,0.2,0.1,2,6500,100000,0.3,0.6,100,297.828693323498,304.855576443743,7.02688312024512,26.4582237547632,0.59,640.771557532976,647.798440653221,0.3,0.348837209302326,739.211982727051
97,2,0.3,0.1,2,6500,100000,0.3,0.6,100,282.441641421128,292.523540198469,10.0818987773404,22.992805589187,0.68,629.531166157749,639.613064935089,0.3,0.379746835443038,737.800348997116
98,2,0.4,0.1,2,6500,100000,0.3,0.6,100,295.026032138406,310.808541395126,15.7825092567197,30.2695157492193,0.73,637.929739947015,653.712249203735,0.3,0.416666666666667,741.178471565247
99,2,0.5,0.1,2,6500,100000,0.3,0.6,100,288.041347015284,302.385336252125,14.3439892368406,27.2019178192342,0.67,634.853108035583,649.197097272424,0.3,0.461538461538462,744.551506996155
100,2,0.1,0.2,2,6500,100000,0.3,0.6,100,281.840333277501,285.75287721003,3.91254393252849,23.9748238339869,0.61,627.141614235993,631.054158168521,0.3,0.32258064516129,824.686078310013
101,2,0.2,0.2,2,6500,100000,0.3,0.6,100,284.024503870574,291.279120674252,7.25461680367857,23.5937831356062,0.63,632.913978258382,640.168595062061,0.3,0.348837209302326,821.650084972382
102,2,0.3,0.2,2,6500,100000,0.3,0.6,100,287.710900047991,301.547480863887,13.8365808158957,24.1708266758744,0.68,634.513027953092,648.349608768988,0.3,0.379746835443038,814.917883872986
103,2,0.4,0.2,2,6500,100000,0.3,0.6,100,292.655069704112,305.996709577739,13.3416398736266,23.5806274462388,0.69,635.274360483813,648.616000357439,0.3,0.416666666666667,737.134238243103
104,2,0.5,0.2,2,6500,100000,0.3,0.6,100,293.595973811657,310.88421044318,17.2882366315225,26.9886509632683,0.74,638.499793094637,655.78802972616,0.3,0.461538461538462,740.891666173935
105,2,0.1,0.05,3,6500,100000,0.3,0.6,100,288.279814438796,294.00459265557,5.72477821677407,26.3243264392718,0.6,636.767078256239,642.491856473013,0.3,0.32258064516129,746.2875187397
106,2,0.2,0.05,3,6500,100000,0.3,0.6,100,295.975036431747,304.801253301774,8.82621687002701,27.1675341524141,0.61,641.561830057867,650.388046927894,0.3,0.348837209302326,797.513487815857
107,2,0.3,0.05,3,6500,100000,0.3,0.6,100,289.919974263734,305.249100653806,15.329126390072,29.054248181911,0.65,636.664406377884,651.993532767956,0.3,0.379746835443038,760.308467626572
108,2,0.4,0.05,3,6500,100000,0.3,0.6,100,287.052581418409,308.558491449809,21.5059100313999,25.2287213316217,0.78,633.160703526819,654.666613558219,0.3,0.416666666666667,739.142737388611
109,2,0.5,0.05,3,6500,100000,0.3,0.6,100,293.178507424255,311.963569581527,18.7850621572716,28.1402707622683,0.76,641.213977776003,659.999039933275,0.3,0.461538461538462,745.190823078156
110,2,0.1,0.1,3,6500,100000,0.3,0.6,100,293.3095928833,298.92293059163,5.61333770833052,26.7246414454483,0.54,645.249835899469,650.863173607799,0.3,0.32258064516129,742.499974250794
111,2,0.2,0.1,3,6500,100000,0.3,0.6,100,287.903549771568,297.807153056127,9.90360328455944,25.2694022731517,0.6,634.199346612085,644.102949896644,0.3,0.348837209302326,742.693111419678
112,2,0.3,0.1,3,6500,100000,0.3,0.6,100,298.435242668366,309.461174485986,11.0259318176205,28.4411291762191,0.62,645.335482710674,656.361414528294,0.3,0.379746835443038,843.377287387848
113,2,0.4,0.1,3,6500,100000,0.3,0.6,100,299.06451879693,314.578270363102,15.5137515661721,31.4606022726797,0.65,637.792389787869,653.306141354041,0.3,0.416666666666667,822.98699760437
114,2,0.5,0.1,3,6500,100000,0.3,0.6,100,285.372921250964,303.563894113847,18.1909728628829,24.2574105717752,0.77,634.344517782381,652.535490645264,0.3,0.461538461538462,817.346467494965
115,2,0.1,0.2,3,6500,100000,0.3,0.6,100,296.515138240415,301.016848522899,4.50171028248325,19.8463402880269,0.59,643.343456272328,647.845166554812,0.3,0.32258064516129,740.380159378052
116,2,0.2,0.2,3,6500,100000,0.3,0.6,100,292.226824327652,300.259878776981,8.03305444932876,21.4262724575641,0.64,636.703711876624,644.736766325953,0.3,0.348837209302326,740.506232023239
117,2,0.3,0.2,3,6500,100000,0.3,0.6,100,290.332452867276,299.935358799375,9.60290593209907,23.5941863518686,0.65,633.230659372944,642.833565305043,0.3,0.379746835443038,745.238176584244
118,2,0.4,0.2,3,6500,100000,0.3,0.6,100,298.212341888896,313.677706600882,15.4653647119859,22.7214485927221,0.75,642.593331957469,658.058696669454,0.3,0.416666666666667,791.640507936478
119,2,0.5,0.2,3,6500,100000,0.3,0.6,100,292.342446778129,310.32969392988,17.987247151751,25.004811915153,0.79,635.400136199309,653.38738335106,0.3,0.461538461538462,758.071598768234
120,2,0.1,0.05,0,10000,100000,0.3,0.6,100,293.836409183735,293.524764867165,-0.311644316569505,26.2405632338803,0.48,639.412324015215,639.100679698646,0.3,0.32258064516129,737.844479799271
121,2,0.2,0.05,0,10000,100000,0.3,0.6,100,305.006099747735,312.288738427863,7.28263868012829,21.2050575532282,0.63,648.932429581978,656.215068262106,0.3,0.348837209302326,737.100111007691
122,2,0.3,0.05,0,10000,100000,0.3,0.6,100,296.814625661561,307.218283992401,10.40365833084,26.4344295271799,0.68,645.500311083463,655.903969414303,0.3,0.379746835443038,741.243227481842
123,2,0.4,0.05,0,10000,100000,0.3,0.6,100,288.602559891719,295.844344391821,7.2417845001028,22.9080169305665,0.63,633.99116795023,641.232952450332,0.3,0.416666666666667,744.107409715653
124,2,0.5,0.05,0,10000,100000,0.3,0.6,100,297.661586631889,315.854912821436,18.1933261895476,25.5959266741744,0.76,642.209834583831,660.403160773379,0.3,0.461538461538462,837.033100605011
125,2,0.1,0.1,0,10000,100000,0.3,0.6,100,297.238294406879,298.64800079976,1.40970639288055,24.4552075564509,0.49,643.117518306195,644.527224699075,0.3,0.32258064516129,829.42240858078
126,2,0.2,0.1,0,10000,100000,0.3,0.6,100,290.243674033921,293.840587738802,3.59691370488105,25.4686000709806,0.54,636.422770231546,640.019683936427,0.3,0.348837209302326,819.988966464996
127,2,0.3,0.1,0,10000,100000,0.3,0.6,100,282.675651454742,291.968791871326,9.29314041658365,24.9247710636347,0.61,633.310667409732,642.603807826315,0.3,0.379746835443038,741.504411458969
128,2,0.4,0.1,0,10000,100000,0.3,0.6,100,298.298967538958,315.339654192403,17.0406866534447,25.6354185230725,0.74,638.745465173921,655.786151827366,0.3,0.416666666666667,743.100306034088
129,2,0.5,0.1,0,10000,100000,0.3,0.6,100,294.653513533183,315.11521785874,20.4617043255562,28.6785873731427,0.74,636.271465382467,656.733169708024,0.3,0.461538461538462,746.023728609085
130,2,0.1,0.2,0,10000,100000,0.3,0.6,100,290.491807524657,297.100469573147,6.60866204849082,24.5098288226982,0.58,635.9994700929,642.608132141391,0.3,0.32258064516129,796.250852108002
131,2,0.2,0.2,0,10000,100000,0.3,0.6,100,292.972962863455,304.899450428681,11.9264875652261,25.0704129793571,0.71,636.151407918667,648.077895483893,0.3,0.348837209302326,756.184651851654
132,2,0.3,0.2,0,10000,100000,0.3,0.6,100,297.971077499312,310.398920617079,12.4278431177665,26.8047341502789,0.7,640.902883646119,653.330726763886,0.3,0.379746835443038,736.231110572815
133,2,0.4,0.2,0,10000,100000,0.3,0.6,100,288.207300706865,308.921712304082,20.7144115972172,27.1784934654268,0.78,634.545645578836,655.260057176053,0.3,0.416666666666667,743.606498718262
134,2,0.5,0.2,0,10000,100000,0.3,0.6,100,292.036154754941,309.492948714459,17.4567939595177,25.1196281989376,0.78,637.067728682233,654.524522641751,0.3,0.461538461538462,741.749227762222
135,2,0.1,0.05,1,10000,100000,0.3,0.6,100,288.943968172248,292.632246626274,3.68827845402602,22.3720928216284,0.52,635.681378801994,639.36965725602,0.3,0.32258064516129,742.21923828125
136,2,0.2,0.05,1,10000,100000,0.3,0.6,100,301.345642499789,303.844116640747,2.49847414095791,27.047051537491,0.58,651.207210163316,653.705684304274,0.3,0.348837209302326,834.98654794693
137,2,0.3,0.05,1,10000,100000,0.3,0.6,100,297.288531854172,306.974138928215,9.6856070740432,26.0793291143198,0.61,646.014661959309,655.700269033352,0.3,0.379746835443038,830.492687225342
138,2,0.4,0.05,1,10000,100000,0.3,0.6,100,298.872034855626,314.022461848892,15.1504269932651,26.4042789468034,0.7,643.621910952029,658.772337945295,0.3,0.416666666666667,817.633967161179
139,2,0.5,0.05,1,10000,100000,0.3,0.6,100,299.25195085977,313.654270609251,14.4023197494807,25.9331242416762,0.66,643.43138727886,657.833707028341,0.3,0.461538461538462,742.246750116348
140,2,0.1,0.1,1,10000,100000,0.3,0.6,100,302.981743766399,305.119698593531,2.13795482713203,24.6276022166827,0.48,642.468873810948,644.60682863808,0.3,0.32258064516129,741.325407981873
141,2,0.2,0.1,1,10000,100000,0.3,0.6,100,302.052680306427,308.224407492943,6.17172718651552,24.6795367236304,0.61,648.520419287861,654.692146474377,0.3,0.348837209302326,741.576960325241
142,2,0.3,0.1,1,10000,100000,0.3,0.6,100,289.495008362226,297.891763497161,8.39675513493465,23.8247709478212,0.61,634.833117737834,643.229872872769,0.3,0.379746835443038,794.49134850502
143,2,0.4,0.1,1,10000,100000,0.3,0.6,100,299.56832285577,312.363239916293,12.7949170605229,21.3191361221501,0.73,644.016143237541,656.811060298064,0.3,0.416666666666667,753.043502092362
144,2,0.5,0.1,1,10000,100000,0.3,0.6,100,303.102548359222,324.499813136727,21.3972647775053,28.3463458640174,0.78,646.524183413038,667.921448190544,0.3,0.461538461538462,738.232188463211
145,2,0.1,0.2,1,10000,100000,0.3,0.6,100,286.264476683371,291.301518679374,5.037041996003,26.7300881355857,0.55,636.105720582372,641.142762578375,0.3,0.32258064516129,736.785640954971
146,2,0.2,0.2,1,10000,100000,0.3,0.6,100,293.540831178507,301.602889932063,8.06205875355639,23.5988727893579,0.63,635.605648806455,643.667707560011,0.3,0.348837209302326,747.466454267502
147,2,0.3,0.2,1,10000,100000,0.3,0.6,100,291.977517574052,311.924853617283,19.9473360432306,25.8800299547517,0.81,641.099074434446,661.046410477676,0.3,0.379746835443038,749.162112474442
148,2,0.4,0.2,1,10000,100000,0.3,0.6,100,302.29355241811,317.18746315385,14.8939107357399,27.1816170760483,0.72,644.526918731216,659.420829466956,0.3,0.416666666666667,842.564134120941
149,2,0.5,0.2,1,10000,100000,0.3,0.6,100,302.97656361145,321.542723642965,18.5661600315148,28.7290183598196,0.71,649.036912567624,667.603072599139,0.3,0.461538461538462,820.785476922989
150,2,0.1,0.05,2,10000,100000,0.3,0.6,100,300.047481774178,303.50526594817,3.45778417399254,24.4410160882799,0.57,646.461351644113,649.919135818105,0.3,0.32258064516129,812.181187152863
151,2,0.2,0.05,2,10000,100000,0.3,0.6,100,289.839190887824,297.294216629247,7.45502574142218,25.7677566432145,0.57,634.240239074241,641.695264815663,0.3,0.348837209302326,737.596458435059
152,2,0.3,0.05,2,10000,100000,0.3,0.6,100,288.328326796271,294.787070884758,6.45874408848648,25.0093246727124,0.63,634.204914671474,640.66365875996,0.3,0.379746835443038,735.639535903931
153,2,0.4,0.05,2,10000,100000,0.3,0.6,100,309.400108786439,316.0087521434,6.60864335696137,24.4816462194597,0.59,654.18404288272,660.792686239682,0.3,0.416666666666667,737.610475063324
154,2,0.5,0.05,2,10000,100000,0.3,0.6,100,288.660261485483,303.55467682399,14.8944153385065,25.1091657044844,0.73,635.293345801852,650.187761140359,0.3,0.461538461538462,783.71944475174
155,2,0.1,0.1,2,10000,100000,0.3,0.6,100,288.662093607092,292.459341607963,3.79724800087117,20.6306841913529,0.6,634.759925961166,638.557173962037,0.3,0.32258064516129,758.315778255463
156,2,0.2,0.1,2,10000,100000,0.3,0.6,100,286.884229114055,296.059805048801,9.17557593474573,20.678376406854,0.66,634.056082007728,643.231657942473,0.3,0.348837209302326,739.276345491409
157,2,0.3,0.1,2,10000,100000,0.3,0.6,100,287.948772070835,298.29484776886,10.346075698025,25.8215100439857,0.65,633.03035900239,643.376434700415,0.3,0.379746835443038,736.593200206757
158,2,0.4,0.1,2,10000,100000,0.3,0.6,100,289.37975139645,300.131506908255,10.7517555118058,22.19279013018,0.7,635.824906165456,646.576661677262,0.3,0.416666666666667,745.424763202667
159,2,0.5,0.1,2,10000,100000,0.3,0.6,100,302.494431289745,316.801087732508,14.3066564427632,23.4852692798266,0.72,646.536543629652,660.843200072415,0.3,0.461538461538462,747.110903501511
160,2,0.1,0.2,2,10000,100000,0.3,0.6,100,297.023355986681,307.194432495003,10.1710765083212,27.6260752827775,0.62,642.412117015744,652.583193524065,0.3,0.32258064516129,828.210056304932
161,2,0.2,0.2,2,10000,100000,0.3,0.6,100,286.651395311735,291.836426937763,5.18503162602867,25.6280638863566,0.55,634.160572135788,639.345603761817,0.3,0.348837209302326,817.20235824585
162,2,0.3,0.2,2,10000,100000,0.3,0.6,100,288.402735797168,297.577753494879,9.17501769771085,25.5950765614893,0.64,632.104451425302,641.279469123013,0.3,0.379746835443038,811.589806318283
163,2,0.4,0.2,2,10000,100000,0.3,0.6,100,285.828331188806,301.638491104209,15.8101599154035,27.4242526906117,0.73,633.108565980359,648.918725895762,0.3,0.416666666666667,736.133613109589
164,2,0.5,0.2,2,10000,100000,0.3,0.6,100,285.157003478373,304.897235193431,19.740231715058,30.2265342801849,0.69,633.518127866156,653.258359581214,0.3,0.461538461538462,740.181324958801
165,2,0.1,0.05,3,10000,100000,0.3,0.6,100,301.689849616107,297.243188198992,-4.44666141711531,25.0846322820764,0.44,647.962063469548,643.515402052433,0.3,0.32258064516129,739.027731180191
166,2,0.2,0.05,3,10000,100000,0.3,0.6,100,280.647478668095,285.852711271986,5.20523260389164,25.6059040245414,0.56,628.240074227637,633.445306831529,0.3,0.348837209302326,780.637660980225
167,2,0.3,0.05,3,10000,100000,0.3,0.6,100,290.739422030535,300.281885786333,9.54246375579768,28.9470131751072,0.61,638.791805262127,648.334269017925,0.3,0.379746835443038,756.031625509262
168,2,0.4,0.05,3,10000,100000,0.3,0.6,100,283.136008441122,295.730811682418,12.5948032412956,27.1230059700099,0.67,632.881081631158,645.475884872454,0.3,0.416666666666667,735.002549886704
169,2,0.5,0.05,3,10000,100000,0.3,0.6,100,293.20995643307,308.036901370538,14.8269449374687,25.6156492248618,0.69,639.290278305445,654.117223242913,0.3,0.461538461538462,736.879002571106
170,2,0.1,0.1,3,10000,100000,0.3,0.6,100,298.56519332507,302.586745994907,4.02155266983697,21.3325522162375,0.51,643.233483832605,647.255036502442,0.3,0.32258064516129,744.593093633652
171,2,0.2,0.1,3,10000,100000,0.3,0.6,100,294.728906751975,303.041715806954,8.31280905497914,24.8262964816325,0.65,641.489099696053,649.801908751032,0.3,0.348837209302326,748.480820894241
172,2,0.3,0.1,3,10000,100000,0.3,0.6,100,298.353790921385,307.266766130085,8.91297520869959,22.2837647957409,0.68,643.148547431905,652.061522640605,0.3,0.379746835443038,827.295183897019
173,2,0.4,0.1,3,10000,100000,0.3,0.6,100,293.15076836,310.794978139919,17.644209779919,20.8402556297912,0.73,638.055639701951,655.69984948187,0.3,0.416666666666667,819.742818832398
174,2,0.5,0.1,3,10000,100000,0.3,0.6,100,292.388804550955,310.875836970051,18.4870324190961,21.9125207896178,0.8,643.018537908301,661.505570327397,0.3,0.461538461538462,812.798177003861
175,2,0.1,0.2,3,10000,100000,0.3,0.6,100,290.01972466206,299.361899645566,9.34217498350617,21.9700165414693,0.7,633.432729213664,642.77490419717,0.3,0.32258064516129,741.761379480362
176,2,0.2,0.2,3,10000,100000,0.3,0.6,100,293.759472738018,307.407483941785,13.6480112037666,29.0023589291791,0.67,634.962969758564,648.61098096233,0.3,0.348837209302326,738.15722322464
177,2,0.3,0.2,3,10000,100000,0.3,0.6,100,288.134032699307,299.241606428165,11.1075737288586,29.6414493406263,0.62,637.498456589735,648.606030318594,0.3,0.379746835443038,739.786423444748
178,2,0.4,0.2,3,10000,100000,0.3,0.6,100,283.673349994231,303.035000255501,19.3616502612696,26.5286539060133,0.81,629.350473906776,648.712124168046,0.3,0.416666666666667,778.99902510643
179,2,0.5,0.2,3,10000,100000,0.3,0.6,100,287.195541119739,307.145738439306,19.9501973195669,26.4434001482757,0.78,637.344879724192,657.295077043759,0.3,0.461538461538462,749.527879238129
180,2,0.1,0.05,0,13500,100000,0.3,0.6,100,292.80124507687,293.279731535215,0.478486458345094,21.7332019810578,0.47,637.856843427733,638.335329886078,0.3,0.32258064516129,738.444672822952
181,2,0.2,0.05,0,13500,100000,0.3,0.6,100,298.831217579273,304.458142835992,5.6269252567189,18.9591613150863,0.58,645.543862865642,651.170788122361,0.3,0.348837209302326,756.84681224823
182,2,0.3,0.05,0,13500,100000,0.3,0.6,100,285.440966540545,295.569323005867,10.1283564653218,30.8444989959864,0.65,632.703209750732,642.831566216054,0.3,0.379746835443038,747.949939489365
183,2,0.4,0.05,0,13500,100000,0.3,0.6,100,290.460552825818,302.413386370853,11.9528335450348,22.7929317716566,0.66,635.402502994698,647.355336539733,0.3,0.416666666666667,749.552016019821
184,2,0.5,0.05,0,13500,100000,0.3,0.6,100,299.375457309804,317.817117897357,18.4416605875528,28.1754363708701,0.71,642.536640606665,660.978301194218,0.3,0.461538461538462,827.346374750137
185,2,0.1,0.1,0,13500,100000,0.3,0.6,100,294.750467270421,292.956763226498,-1.7937040439227,26.5400520411463,0.44,638.363647094729,636.569943050806,0.3,0.32258064516129,819.600247144699
186,2,0.2,0.1,0,13500,100000,0.3,0.6,100,287.009525403189,291.587178442867,4.5776530396777,22.3963729640251,0.63,637.958887242437,642.536540282115,0.3,0.348837209302326,812.02613401413
187,2,0.3,0.1,0,13500,100000,0.3,0.6,100,291.576558876533,298.614508464787,7.03794958825438,24.150822227408,0.62,641.062926335482,648.100875923736,0.3,0.379746835443038,737.455422401428
188,2,0.4,0.1,0,13500,100000,0.3,0.6,100,289.455192963898,301.456249762856,12.0010567989576,25.1588029011145,0.67,635.536804636199,647.537861435156,0.3,0.416666666666667,743.317677974701
189,2,0.5,0.1,0,13500,100000,0.3,0.6,100,291.665004185781,309.611824666343,17.946820480562,29.0126888079949,0.77,640.688041541787,658.634862022349,0.3,0.461538461538462,743.960435390472
190,2,0.1,0.2,0,13500,100000,0.3,0.6,100,290.151038914518,296.33172420626,6.1806852917425,20.6808884838341,0.6,631.524484421279,637.705169713022,0.3,0.32258064516129,780.272631406784
191,2,0.2,0.2,0,13500,100000,0.3,0.6,100,289.904791421524,296.217743270541,6.31295184901753,21.8935437407847,0.56,637.412584636213,643.725536485231,0.3,0.348837209302326,755.394322633743
192,2,0.3,0.2,0,13500,100000,0.3,0.6,100,292.350668024465,306.120001371421,13.7693333469555,24.4991311707944,0.69,634.875468745465,648.644802092421,0.3,0.379746835443038,738.901644945145
193,2,0.4,0.2,0,13500,100000,0.3,0.6,100,293.950350019036,304.027174414775,10.0768243957387,22.2816889601723,0.63,646.088230978286,656.165055374025,0.3,0.416666666666667,754.432764530182
194,2,0.5,0.2,0,13500,100000,0.3,0.6,100,294.207742829093,312.781785536144,18.5740427070514,24.6635728175322,0.76,640.512524844784,659.086567551836,0.3,0.461538461538462,745.697025537491
195,2,0.1,0.05,1,13500,100000,0.3,0.6,100,298.753649120321,300.96655674395,2.21290762362901,21.7159530122432,0.48,641.550718834567,643.763626458196,0.3,0.32258064516129,746.483324289322
196,2,0.2,0.05,1,13500,100000,0.3,0.6,100,292.082500504272,297.481769161213,5.39926865694109,20.9809957449301,0.59,639.369367211642,644.768635868583,0.3,0.348837209302326,825.423087120056
197,2,0.3,0.05,1,13500,100000,0.3,0.6,100,289.316580205207,300.50718894768,11.1906087424726,24.4672163793312,0.67,636.916036354339,648.106645096812,0.3,0.379746835443038,826.808797597885
198,2,0.4,0.05,1,13500,100000,0.3,0.6,100,297.423263842798,311.663815518714,14.2405516759154,23.4983061778366,0.72,644.285369144322,658.525920820237,0.3,0.416666666666667,814.526193380356
199,2,0.5,0.05,1,13500,100000,0.3,0.6,100,296.460255796879,311.617517589773,15.157261792894,27.4896481773273,0.72,642.685752234937,657.843014027831,0.3,0.461538461538462,741.504707098007
200,2,0.1,0.1,1,13500,100000,0.3,0.6,100,291.913172179936,292.689569588341,0.77639740840428,21.8704846976619,0.48,638.786393361102,639.562790769507,0.3,0.32258064516129,744.169632434845
201,2,0.2,0.1,1,13500,100000,0.3,0.6,100,286.179501070841,293.576611067108,7.39710999626724,25.4503628942508,0.6,631.937345824924,639.334455821192,0.3,0.348837209302326,744.119565725327
202,2,0.3,0.1,1,13500,100000,0.3,0.6,100,303.689616429314,313.448389521441,9.75877309212671,24.259596238757,0.62,644.910207105001,654.668980197128,0.3,0.379746835443038,783.384397983551
203,2,0.4,0.1,1,13500,100000,0.3,0.6,100,291.115975129758,302.882764377444,11.7667892476859,26.2400592907021,0.66,636.033086690553,647.799875938239,0.3,0.416666666666667,758.056443452835
204,2,0.5,0.1,1,13500,100000,0.3,0.6,100,295.665982857214,312.486494792211,16.8205119349968,26.8735249562709,0.76,640.273542112083,657.09405404708,0.3,0.461538461538462,735.615649938583
205,2,0.1,0.2,1,13500,100000,0.3,0.6,100,303.080763155883,305.096922496867,2.01615934098363,23.3658881275333,0.5,647.40258279335,649.418742134333,0.3,0.32258064516129,758.477275848389
206,2,0.2,0.2,1,13500,100000,0.3,0.6,100,287.62322418595,292.942224594759,5.31900040880877,21.381015254656,0.59,632.911717495919,638.230717904728,0.3,0.348837209302326,746.756114244461
207,2,0.3,0.2,1,13500,100000,0.3,0.6,100,299.829265681935,309.495309468193,9.66604378625842,21.1761268412231,0.68,646.447399532755,656.113443319013,0.3,0.379746835443038,749.472137689591
208,2,0.4,0.2,1,13500,100000,0.3,0.6,100,286.217410539837,302.384043352557,16.1666328127198,26.3677262168495,0.7,631.597154606367,647.763787419086,0.3,0.416666666666667,826.640987873078
209,2,0.5,0.2,1,13500,100000,0.3,0.6,100,296.223038825893,313.896319976621,17.673281150728,26.416607796914,0.77,642.043266307892,659.71654745862,0.3,0.461538461538462,828.842519044876
210,2,0.1,0.05,2,13500,100000,0.3,0.6,100,289.298278570086,289.403732140005,0.105453569919353,23.4108357295916,0.49,632.558127180033,632.663580749952,0.3,0.32258064516129,816.097925662994
211,2,0.2,0.05,2,13500,100000,0.3,0.6,100,295.068863868577,303.447583375234,8.3787195066571,22.302896734267,0.59,642.02005060218,650.398770108837,0.3,0.348837209302326,735.357232809067
212,2,0.3,0.05,2,13500,100000,0.3,0.6,100,296.550722453443,308.431574348076,11.8808518946325,25.7480234940312,0.6,640.73075170256,652.611603597192,0.3,0.379746835443038,759.377551555634
213,2,0.4,0.05,2,13500,100000,0.3,0.6,100,289.194247650122,303.360539540375,14.1662918902526,24.4640617333726,0.72,631.325044577763,645.491336468016,0.3,0.416666666666667,740.04575419426
214,2,0.5,0.05,2,13500,100000,0.3,0.6,100,291.564376887289,308.173467098061,16.6090902107712,26.3858263544032,0.79,633.289296575666,649.898386786437,0.3,0.461538461538462,794.71222782135
215,2,0.1,0.1,2,13500,100000,0.3,0.6,100,292.485586431389,294.779802043245,2.29421561185526,22.7097972497913,0.54,641.810858672106,644.105074283961,0.3,0.32258064516129,760.090667963028
216,2,0.2,0.1,2,13500,100000,0.3,0.6,100,287.094585968091,293.952897503709,6.85831153561831,27.345885124055,0.59,633.171202217692,640.02951375331,0.3,0.348837209302326,738.964851856232
217,2,0.3,0.1,2,13500,100000,0.3,0.6,100,292.226045698682,302.480594603461,10.2545489047793,24.6662478747297,0.64,637.462931388675,647.717480293454,0.3,0.379746835443038,757.126234054566
218,2,0.4,0.1,2,13500,100000,0.3,0.6,100,294.055193841673,302.802991066244,8.74779722457113,24.7429043682816,0.64,642.76232591718,651.510123141751,0.3,0.416666666666667,748.64462685585
219,2,0.5,0.1,2,13500,100000,0.3,0.6,100,293.039570582715,305.32280864583,12.2832380631142,24.2604673077952,0.64,634.6853506835,646.968588746614,0.3,0.461538461538462,749.137804269791
220,2,0.1,0.2,2,13500,100000,0.3,0.6,100,288.111879056223,296.023298396581,7.91141934035788,22.1436340304759,0.63,635.633249199386,643.544668539744,0.3,0.32258064516129,837.654314994812
221,2,0.2,0.2,2,13500,100000,0.3,0.6,100,285.364611011591,291.779454201148,6.41484318955634,20.6767074114118,0.64,627.278209511801,633.693052701358,0.3,0.348837209302326,829.044920444489
222,2,0.3,0.2,2,13500,100000,0.3,0.6,100,295.369978187958,306.52451199582,11.1545338078624,23.5725584576448,0.64,642.188557295042,653.343091102904,0.3,0.379746835443038,817.073195695877
223,2,0.4,0.2,2,13500,100000,0.3,0.6,100,296.826674007642,305.690271930559,8.86359792291774,23.179855505754,0.6,641.458769963316,650.322367886233,0.3,0.416666666666667,740.635730266571
224,2,0.5,0.2,2,13500,100000,0.3,0.6,100,290.480880604386,309.226740880215,18.745860275829,22.0839875822598,0.8,636.913847802116,655.659708077945,0.3,0.461538461538462,738.69072341919
225,2,0.1,0.05,3,13500,100000,0.3,0.6,100,295.519951684628,298.126112540248,2.60616085561939,20.8855818246264,0.51,638.882542569947,641.488703425566,0.3,0.32258064516129,739.568852901459
226,2,0.2,0.05,3,13500,100000,0.3,0.6,100,288.951078887871,294.799243286027,5.8481643981567,24.7851755926916,0.57,636.189318537774,642.037482935931,0.3,0.348837209302326,793.125143766403
227,2,0.3,0.05,3,13500,100000,0.3,0.6,100,304.956143511918,311.117074718343,6.1609312064259,23.7348948648224,0.6,644.999455171572,651.160386377998,0.3,0.379746835443038,757.483746767044
228,2,0.4,0.05,3,13500,100000,0.3,0.6,100,286.761171802289,294.688463703591,7.92729190130181,24.9239746582182,0.62,629.864652453989,637.791944355291,0.3,0.416666666666667,738.382828712463
229,2,0.5,0.05,3,13500,100000,0.3,0.6,100,294.073965485244,309.139842853125,15.0658773678807,21.9925863893371,0.76,639.237016743719,654.3028941116,0.3,0.461538461538462,757.229832649231
230,2,0.1,0.1,3,13500,100000,0.3,0.6,100,296.58875855411,294.315223138678,-2.27353541543145,20.8491498069923,0.46,642.081736119109,639.808200703677,0.3,0.32258064516129,750.374343156815
231,2,0.2,0.1,3,13500,100000,0.3,0.6,100,297.386502891554,302.292749803157,4.90624691160321,25.9351703176152,0.52,645.315629398102,650.221876309705,0.3,0.348837209302326,746.408768415451
232,2,0.3,0.1,3,13500,100000,0.3,0.6,100,298.500290220427,302.899491521579,4.39920130115186,24.9070812125517,0.53,644.511258906252,648.910460207404,0.3,0.379746835443038,832.697966337204
233,2,0.4,0.1,3,13500,100000,0.3,0.6,100,302.982435595438,314.191152406923,11.2087168114856,23.833999750712,0.67,649.903519625021,661.112236436507,0.3,0.416666666666667,826.737210512161
234,2,0.5,0.1,3,13500,100000,0.3,0.6,100,301.492495393111,319.219852428854,17.7273570357427,27.2636133802922,0.73,644.805850484282,662.533207520025,0.3,0.461538461538462,815.752688169479
235,2,0.1,0.2,3,13500,100000,0.3,0.6,100,296.328098772505,299.42935988632,3.10126111381448,21.4180975668346,0.55,640.80517770537,643.906438819185,0.3,0.32258064516129,742.059834003449
236,2,0.2,0.2,3,13500,100000,0.3,0.6,100,302.192177062608,307.922615650886,5.73043858827784,23.6584614061411,0.54,646.268434232361,651.998872820639,0.3,0.348837209302326,760.756480693817
237,2,0.3,0.2,3,13500,100000,0.3,0.6,100,286.807133533292,294.372882072179,7.56574853888657,24.6554455300129,0.59,630.960169014836,638.525917553722,0.3,0.379746835443038,741.576457023621
238,2,0.4,0.2,3,13500,100000,0.3,0.6,100,294.133084125077,309.226007431228,15.092923306151,23.5441903921561,0.76,637.855207906733,652.948131212884,0.3,0.416666666666667,792.256053924561
239,2,0.5,0.2,3,13500,100000,0.3,0.6,100,294.357196188819,311.962896034883,17.6056998460641,23.6524744852498,0.79,641.502691773549,659.108391619613,0.3,0.461538461538462,754.776207685471
240,2,0.1,0.05,0,17000,100000,0.3,0.6,100,294.70284417299,295.204285171071,0.501440998081414,24.2649772980058,0.51,640.557089022529,641.058530020611,0.3,0.32258064516129,734.401854276657
241,2,0.2,0.05,0,17000,100000,0.3,0.6,100,292.037252511533,297.478958579183,5.44170606764999,23.2989125114317,0.58,636.250685361867,641.692391429517,0.3,0.348837209302326,753.008263111115
242,2,0.3,0.05,0,17000,100000,0.3,0.6,100,295.544376807463,305.035418421847,9.49104161438391,26.1289198104382,0.58,644.016788490904,653.507830105288,0.3,0.379746835443038,747.155499458313
243,2,0.4,0.05,0,17000,100000,0.3,0.6,100,293.57128005081,312.983039827157,19.411759776347,27.424109271299,0.72,636.976015265272,656.38777504162,0.3,0.416666666666667,746.747284412384
244,2,0.5,0.05,0,17000,100000,0.3,0.6,100,294.265265870897,306.914037384841,12.6487715139438,22.7890411305807,0.7,642.625777138227,655.274548652171,0.3,0.461538461538462,832.17256975174
245,2,0.1,0.1,0,17000,100000,0.3,0.6,100,292.639211938257,296.561314300238,3.92210236198132,18.8781865594246,0.57,636.023819830234,639.945922192216,0.3,0.32258064516129,822.423477172852
246,2,0.2,0.1,0,17000,100000,0.3,0.6,100,291.41892594746,297.397453490776,5.97852754331579,22.2146167191795,0.59,638.518877717295,644.497405260611,0.3,0.348837209302326,814.620495796204
247,2,0.3,0.1,0,17000,100000,0.3,0.6,100,297.999789594638,307.115097111244,9.11530751660684,20.2258924299414,0.69,643.240890463319,652.356197979926,0.3,0.379746835443038,743.438043117523
248,2,0.4,0.1,0,17000,100000,0.3,0.6,100,288.512783843959,302.309104007505,13.7963201635466,25.5322737095065,0.68,633.180014473621,646.976334637167,0.3,0.416666666666667,741.051228046417
249,2,0.5,0.1,0,17000,100000,0.3,0.6,100,292.977365039999,308.502489266386,15.5251242263866,23.556163076554,0.72,636.896154115744,652.421278342131,0.3,0.461538461538462,740.698396682739
250,2,0.1,0.2,0,17000,100000,0.3,0.6,100,295.010706280891,300.826275314613,5.81556903372276,27.3320617017987,0.53,642.886785781969,648.702354815692,0.3,0.32258064516129,791.699345827103
251,2,0.2,0.2,0,17000,100000,0.3,0.6,100,283.279384245539,294.508294061763,11.2289098162244,24.5088362735286,0.69,630.945983260795,642.174893077019,0.3,0.348837209302326,753.210684776306
252,2,0.3,0.2,0,17000,100000,0.3,0.6,100,284.460616019886,297.510093752843,13.0494777329566,23.827730510841,0.75,624.932608493356,637.982086226312,0.3,0.379746835443038,737.362731218338
253,2,0.4,0.2,0,17000,100000,0.3,0.6,100,290.663058535363,308.843326928085,18.1802683927227,26.2722638319399,0.73,635.687716423259,653.867984815982,0.3,0.416666666666667,740.624844789505
254,2,0.5,0.2,0,17000,100000,0.3,0.6,100,294.236681172576,309.984527619376,15.7478464467996,26.6215261512706,0.71,644.204552793977,659.952399240777,0.3,0.461538461538462,748.121687650681
255,2,0.1,0.05,1,17000,100000,0.3,0.6,100,293.882241296477,294.05182467076,0.169583374283325,21.3226472053377,0.53,638.534711312706,638.70429468699,0.3,0.32258064516129,747.537689447403
256,2,0.2,0.05,1,17000,100000,0.3,0.6,100,295.522182102194,298.540252114146,3.01807001195158,23.8520124629261,0.56,641.360888348231,644.378958360183,0.3,0.348837209302326,822.258471488953
257,2,0.3,0.05,1,17000,100000,0.3,0.6,100,284.843222184995,291.509628417556,6.66640623256157,25.3665590268635,0.6,635.972592633549,642.63899886611,0.3,0.379746835443038,828.864222764969
258,2,0.4,0.05,1,17000,100000,0.3,0.6,100,293.326701060926,301.607855719534,8.2811546586077,25.1878620575009,0.66,640.199005839612,648.48016049822,0.3,0.416666666666667,811.156052827835
259,2,0.5,0.05,1,17000,100000,0.3,0.6,100,289.597071045762,306.347776779083,16.7507057333212,30.7950351476454,0.68,635.299279420863,652.049985154184,0.3,0.461538461538462,744.173864603043
260,2,0.1,0.1,1,17000,100000,0.3,0.6,100,296.377735651734,300.755261598738,4.37752594700481,23.0321690194999,0.54,642.299052596513,646.676578543518,0.3,0.32258064516129,739.094390392304
261,2,0.2,0.1,1,17000,100000,0.3,0.6,100,285.345330813175,290.059598674062,4.71426786088689,24.412965088164,0.55,631.971199064893,636.68546692578,0.3,0.348837209302326,740.722765684128
262,2,0.3,0.1,1,17000,100000,0.3,0.6,100,289.846051427516,300.98152014031,11.1354687127941,22.4928421471645,0.69,635.558125170082,646.693593882876,0.3,0.379746835443038,795.062390804291
263,2,0.4,0.1,1,17000,100000,0.3,0.6,100,292.985175172266,307.349216131126,14.3640409588602,23.8689570841287,0.73,635.277590999713,649.641631958573,0.3,0.416666666666667,751.935347080231
264,2,0.5,0.1,1,17000,100000,0.3,0.6,100,286.464598227296,302.677488619329,16.2128903920328,23.2426755694369,0.74,631.752052120117,647.96494251215,0.3,0.461538461538462,735.799293994904
265,2,0.1,0.2,1,17000,100000,0.3,0.6,100,295.42111561678,296.295018574506,0.873902957725627,24.5262688807244,0.46,641.857548254264,642.73145121199,0.3,0.32258064516129,770.312745332718
266,2,0.2,0.2,1,17000,100000,0.3,0.6,100,295.472001455972,298.430769859351,2.95876840337948,25.4268816475314,0.57,641.782042350617,644.740810753997,0.3,0.348837209302326,748.225848436356
267,2,0.3,0.2,1,17000,100000,0.3,0.6,100,297.648592295847,309.757676714436,12.1090844185891,24.1309596879708,0.77,641.658017184822,653.767101603411,0.3,0.379746835443038,750.728854417801
268,2,0.4,0.2,1,17000,100000,0.3,0.6,100,297.340537967066,306.314528460405,8.97399049333901,27.9155289981996,0.58,643.422919806478,652.396910299817,0.3,0.416666666666667,856.697085142136
269,2,0.5,0.2,1,17000,100000,0.3,0.6,100,293.828656014714,313.366997962785,19.5383419480709,28.1224313627175,0.75,639.255550646635,658.793892594706,0.3,0.461538461538462,849.955775737763
270,2,0.1,0.05,2,17000,100000,0.3,0.6,100,288.905535902518,294.450038283089,5.54450238057083,22.5500582139407,0.59,632.981610072842,638.526112453413,0.3,0.32258064516129,815.497363805771
271,2,0.2,0.05,2,17000,100000,0.3,0.6,100,297.429015657911,298.593552902933,1.16453724502231,25.1592028488593,0.55,642.21903115143,643.383568396452,0.3,0.348837209302326,745.991248607636
272,2,0.3,0.05,2,17000,100000,0.3,0.6,100,288.754805573873,296.432833729286,7.67802815541353,26.9167983878306,0.6,632.957119324423,640.635147479837,0.3,0.379746835443038,737.697948455811
273,2,0.4,0.05,2,17000,100000,0.3,0.6,100,277.26102746721,291.121699642878,13.8606721756676,24.4991853314333,0.67,628.342806659664,642.203478835331,0.3,0.416666666666667,739.218155145645
274,2,0.5,0.05,2,17000,100000,0.3,0.6,100,290.730116018654,304.367681375944,13.63756535729,25.504587824182,0.7,637.011235491819,650.648800849109,0.3,0.461538461538462,794.672361850739
275,2,0.1,0.1,2,17000,100000,0.3,0.6,100,282.356136686465,284.119375378422,1.76323869195636,21.8201603215579,0.5,636.188064401427,637.951303093383,0.3,0.32258064516129,761.059247255325
276,2,0.2,0.1,2,17000,100000,0.3,0.6,100,289.096923280719,296.838466145243,7.74154286452395,23.7631155361646,0.61,635.601256272573,643.342799137097,0.3,0.348837209302326,735.066331148148
277,2,0.3,0.1,2,17000,100000,0.3,0.6,100,290.17024262306,303.845401626321,13.6751590032611,22.0193458325432,0.71,632.642377926002,646.317536929263,0.3,0.379746835443038,773.018256187439
278,2,0.4,0.1,2,17000,100000,0.3,0.6,100,295.772739638825,309.219976084146,13.4472364453208,24.4199032334445,0.71,636.879039403712,650.326275849033,0.3,0.416666666666667,746.838358879089
279,2,0.5,0.1,2,17000,100000,0.3,0.6,100,295.67654850928,314.46876953253,18.7922210232501,26.9184618607578,0.72,645.046502770238,663.838723793488,0.3,0.461538461538462,751.632725477219
280,2,0.1,0.2,2,17000,100000,0.3,0.6,100,297.648278006169,303.605723692566,5.95744568639654,27.525274348984,0.56,639.339601985455,645.297047671852,0.3,0.32258064516129,851.608230829239
281,2,0.2,0.2,2,17000,100000,0.3,0.6,100,292.882747298678,303.377732385481,10.4949850868035,29.6560423303432,0.63,640.967232904017,651.462217990821,0.3,0.348837209302326,853.837177753449
282,2,0.3,0.2,2,17000,100000,0.3,0.6,100,300.315322359341,310.789258127655,10.4739357683142,26.4862779436706,0.62,644.434382226943,654.908317995258,0.3,0.379746835443038,818.370772600174
283,2,0.4,0.2,2,17000,100000,0.3,0.6,100,300.444650334138,313.491955482682,13.0473051485442,28.2335884830554,0.7,645.021373238924,658.068678387468,0.3,0.416666666666667,752.136543512344
284,2,0.5,0.2,2,17000,100000,0.3,0.6,100,288.165866078914,309.218415282323,21.0525492034084,27.0992775991535,0.78,633.81884258549,654.871391788898,0.3,0.461538461538462,740.248052358627
285,2,0.1,0.05,3,17000,100000,0.3,0.6,100,297.736255436195,295.483489807143,-2.25276562905188,24.8698898271363,0.41,644.412323962697,642.159558333646,0.3,0.32258064516129,737.055002689362
286,2,0.2,0.05,3,17000,100000,0.3,0.6,100,297.153385068327,301.111253309654,3.957868241327,24.2437689505108,0.51,643.739485621436,647.697353862763,0.3,0.348837209302326,792.419548749924
287,2,0.3,0.05,3,17000,100000,0.3,0.6,100,296.441645573102,305.474060958382,9.03241538527958,25.6441548918944,0.67,640.755727201183,649.788142586462,0.3,0.379746835443038,749.555697917938
288,2,0.4,0.05,3,17000,100000,0.3,0.6,100,290.792350979292,302.366508401488,11.5741574221966,27.2681946832571,0.67,632.343181138444,643.91733856064,0.3,0.416666666666667,734.50955247879
289,2,0.5,0.05,3,17000,100000,0.3,0.6,100,304.085503941914,318.43178047917,14.3462765372555,25.0049457240593,0.68,647.861239513401,662.207516050657,0.3,0.461538461538462,737.655186891556
290,2,0.1,0.1,3,17000,100000,0.3,0.6,100,287.560506060305,291.473962358027,3.91345629772166,21.3713314073009,0.52,632.807931454996,636.721387752717,0.3,0.32258064516129,741.558237552643
291,2,0.2,0.1,3,17000,100000,0.3,0.6,100,292.66001779469,304.160342437219,11.5003246425285,25.3369565353998,0.64,636.047920299935,647.548244942463,0.3,0.348837209302326,743.508152723312
292,2,0.3,0.1,3,17000,100000,0.3,0.6,100,303.556927796027,311.453582747871,7.89665495184349,25.3162882146432,0.62,642.72324687505,650.619901826894,0.3,0.379746835443038,831.485059976578
293,2,0.4,0.1,3,17000,100000,0.3,0.6,100,287.336282721378,302.530173570768,15.1938908493899,24.6044085531867,0.72,635.377713152117,650.571604001507,0.3,0.416666666666667,826.380553483963
294,2,0.5,0.1,3,17000,100000,0.3,0.6,100,292.735828501269,309.10518562666,16.3693571253916,25.8418071559571,0.76,641.719215651092,658.088572776483,0.3,0.461538461538462,820.500739336014
295,2,0.1,0.2,3,17000,100000,0.3,0.6,100,293.092767696544,299.296004290399,6.20323659385574,26.9734934346472,0.6,642.043495967238,648.246732561093,0.3,0.32258064516129,752.240486621857
296,2,0.2,0.2,3,17000,100000,0.3,0.6,100,297.184851622797,305.538510638557,8.35365901575988,25.9641487702146,0.55,645.199641360291,653.553300376051,0.3,0.348837209302326,753.458203077316
297,2,0.3,0.2,3,17000,100000,0.3,0.6,100,295.263434496373,312.695507319585,17.4320728232121,27.5033458844752,0.71,638.797052037472,656.229124860684,0.3,0.379746835443038,752.975194692612
298,2,0.4,0.2,3,17000,100000,0.3,0.6,100,289.172482613372,301.799993172682,12.6275105593091,27.3767072086924,0.65,640.336261358207,652.963771917516,0.3,0.416666666666667,793.85144329071
299,2,0.5,0.2,3,17000,100000,0.3,0.6,100,288.175884667521,308.541429932513,20.3655452649917,25.1393186976286,0.87,638.42277391482,658.788319179812,0.3,0.461538461538462,762.080468893051
300,2,0.1,0.05,0,20000,100000,0.3,0.6,100,281.974652145057,272.767569510945,-9.20708263411195,37.6388081778609,0.44,633.278647151876,624.071564517764,0.3,0.32258064516129,740.366672992706
301,2,0.2,0.05,0,20000,100000,0.3,0.6,100,301.566248387858,295.587703077185,-5.97854531067249,40.7967758928021,0.48,643.156772865786,637.178227555113,0.3,0.348837209302326,736.747268199921
302,2,0.3,0.05,0,20000,100000,0.3,0.6,100,296.890861580796,310.99439990587,14.1035383250742,28.3833228860173,0.69,637.53001158282,651.633549907895,0.3,0.379746835443038,745.462071895599
303,2,0.4,0.05,0,20000,100000,0.3,0.6,100,298.356965412419,315.119784858878,16.7628194464593,24.9562675496575,0.78,643.820473148211,660.583292594671,0.3,0.416666666666667,743.496901273727
304,2,0.5,0.05,0,20000,100000,0.3,0.6,100,294.56132138645,311.291652256238,16.7303308697888,30.9687028793228,0.69,637.281426704331,654.011757574119,0.3,0.461538461538462,832.268818616867
305,2,0.1,0.1,0,20000,100000,0.3,0.6,100,285.713529237722,285.497579889092,-0.215949348630718,23.852202442708,0.49,632.25612052594,632.04017117731,0.3,0.32258064516129,825.218110084534
306,2,0.2,0.1,0,20000,100000,0.3,0.6,100,292.674624328219,296.737815330216,4.06319100199664,25.9584002988912,0.56,641.003358800722,645.066549802719,0.3,0.348837209302326,825.587124586105
307,2,0.3,0.1,0,20000,100000,0.3,0.6,100,296.800087455717,303.608085280736,6.8079978250192,24.5118274167482,0.61,643.182637562882,649.990635387901,0.3,0.379746835443038,750.945390939713
308,2,0.4,0.1,0,20000,100000,0.3,0.6,100,296.564002576169,308.081409163763,11.5174065875939,30.1460370091043,0.62,641.015291723703,652.532698311297,0.3,0.416666666666667,752.445618867874
309,2,0.5,0.1,0,20000,100000,0.3,0.6,100,284.72246956993,300.527293230078,15.8048236601471,32.484480229047,0.68,636.63228051504,652.437104175187,0.3,0.461538461538462,750.295800924301
310,2,0.1,0.2,0,20000,100000,0.3,0.6,100,300.525344039154,304.985224295845,4.45988025669001,22.5407139121171,0.56,646.440629779875,650.900510036565,0.3,0.32258064516129,774.063083410263
311,2,0.2,0.2,0,20000,100000,0.3,0.6,100,297.643795556509,301.594551057169,3.95075550066076,23.3730660681324,0.55,641.304021673874,645.254777174534,0.3,0.348837209302326,758.212650775909
312,2,0.3,0.2,0,20000,100000,0.3,0.6,100,291.135234142118,301.42488239236,10.2896482502424,24.6911340279004,0.65,634.157946075996,644.447594326238,0.3,0.379746835443038,739.675287485123
313,2,0.4,0.2,0,20000,100000,0.3,0.6,100,297.882836786592,311.347566823868,13.4647300372757,25.3551815373685,0.71,639.56297913254,653.027709169815,0.3,0.416666666666667,745.647317171097
314,2,0.5,0.2,0,20000,100000,0.3,0.6,100,292.441386631673,311.907538375647,19.4661517439749,24.5921582268938,0.8,637.789042962229,657.255194706204,0.3,0.461538461538462,741.833599090576
315,2,0.1,0.05,1,20000,100000,0.3,0.6,100,290.225497392838,295.092548841901,4.86705144906289,38.8282643567894,0.57,635.088125466742,639.955176915805,0.3,0.32258064516129,743.992922067642
316,2,0.2,0.05,1,20000,100000,0.3,0.6,100,299.342342908311,290.225783408825,-9.11655949948594,39.7547697218016,0.44,640.312202743348,631.195643243862,0.3,0.348837209302326,835.482827425003
317,2,0.3,0.05,1,20000,100000,0.3,0.6,100,298.161187096639,309.858491482729,11.6973043860904,26.706205787709,0.65,644.784232244872,656.481536630962,0.3,0.379746835443038,829.235567331314
318,2,0.4,0.05,1,20000,100000,0.3,0.6,100,298.572956318508,310.986746942548,12.4137906240402,24.8562627112974,0.72,642.539989694275,654.953780318315,0.3,0.416666666666667,818.783396720886
319,2,0.5,0.05,1,20000,100000,0.3,0.6,100,283.200560209375,302.813979673421,19.6134194640462,28.4542565351505,0.75,633.716503467331,653.329922931377,0.3,0.461538461538462,750.661299228668
320,2,0.1,0.1,1,20000,100000,0.3,0.6,100,286.401855132583,290.292689343872,3.89083421128886,27.8371636010386,0.54,631.865692990803,635.756527202092,0.3,0.32258064516129,751.323950052261
321,2,0.2,0.1,1,20000,100000,0.3,0.6,100,293.13636856793,294.366340218689,1.22997165075956,23.4204716313046,0.55,636.725680071565,637.955651722325,0.3,0.348837209302326,751.393288135529
322,2,0.3,0.1,1,20000,100000,0.3,0.6,100,296.757626940077,306.758664747806,10.0010378077289,25.0476077268545,0.64,639.755011499208,649.756049306937,0.3,0.379746835443038,772.120182037354
323,2,0.4,0.1,1,20000,100000,0.3,0.6,100,288.545304497803,304.26091724293,15.7156127451272,26.7469271104837,0.75,635.363251806211,651.078864551338,0.3,0.416666666666667,759.196292161942
324,2,0.5,0.1,1,20000,100000,0.3,0.6,100,291.613813866981,308.13086237285,16.5170485058699,26.626598895377,0.69,641.380200555845,657.897249061715,0.3,0.461538461538462,737.989017248154
325,2,0.1,0.2,1,20000,100000,0.3,0.6,100,291.910648393675,295.864922747109,3.95427435343413,22.4826444685634,0.54,638.649128306465,642.603402659899,0.3,0.32258064516129,736.39087510109
326,2,0.2,0.2,1,20000,100000,0.3,0.6,100,291.380182514153,299.057587211316,7.67740469716389,23.3486523748179,0.61,634.677772105064,642.355176802228,0.3,0.348837209302326,743.563310623169
327,2,0.3,0.2,1,20000,100000,0.3,0.6,100,291.582149694514,306.312427926446,14.7302782319313,24.8222769047865,0.69,635.757831029243,650.488109261174,0.3,0.379746835443038,742.758445501328
328,2,0.4,0.2,1,20000,100000,0.3,0.6,100,288.838825563205,305.612137316491,16.7733117532857,21.6387272984495,0.78,638.726917572516,655.500229325801,0.3,0.416666666666667,832.677716493607
329,2,0.5,0.2,1,20000,100000,0.3,0.6,100,301.519703734806,319.349843004173,17.8301392693667,25.9867969543871,0.71,646.536767657,664.366906926366,0.3,0.461538461538462,827.873404741287
330,2,0.1,0.05,2,20000,100000,0.3,0.6,100,296.828936006825,292.020446970983,-4.80848903584165,39.8773760699135,0.48,641.397232725906,636.588743690064,0.3,0.32258064516129,819.728854417801
331,2,0.2,0.05,2,20000,100000,0.3,0.6,100,292.13915947731,286.078046186552,-6.06111329075754,37.3118127260604,0.44,642.478872109261,636.417758818503,0.3,0.348837209302326,749.778785705566
332,2,0.3,0.05,2,20000,100000,0.3,0.6,100,291.901505650626,301.363884856969,9.46237920634325,23.9662905891952,0.6,634.92293057928,644.385309785623,0.3,0.379746835443038,755.073745965958
333,2,0.4,0.05,2,20000,100000,0.3,0.6,100,298.989288848771,314.964335987893,15.9750471391212,24.502943135208,0.72,641.339236873616,657.314284012737,0.3,0.416666666666667,744.697149276733
334,2,0.5,0.05,2,20000,100000,0.3,0.6,100,284.426385994895,301.294990662736,16.8686046678411,30.5320575967587,0.71,631.740871504255,648.609476172096,0.3,0.461538461538462,774.604546546936
335,2,0.1,0.1,2,20000,100000,0.3,0.6,100,288.877546413685,291.620629666519,2.74308325283379,25.1865271565593,0.52,632.713909411912,635.456992664746,0.3,0.32258064516129,761.472706317902
336,2,0.2,0.1,2,20000,100000,0.3,0.6,100,290.693414191925,297.156125419474,6.46271122754844,24.7118558556496,0.59,635.581590015572,642.04430124312,0.3,0.348837209302326,734.617824077606
337,2,0.3,0.1,2,20000,100000,0.3,0.6,100,301.903566818415,312.963634655178,11.0600678367623,25.8974435679559,0.64,646.015541579828,657.07560941659,0.3,0.379746835443038,742.996123790741
338,2,0.4,0.1,2,20000,100000,0.3,0.6,100,294.609961287573,308.35771007656,13.7477487889876,27.6888835951121,0.74,639.530583975188,653.278332764176,0.3,0.416666666666667,741.131567955017
339,2,0.5,0.1,2,20000,100000,0.3,0.6,100,298.437084146966,310.155096759371,11.7180126124049,24.2281303159622,0.71,644.737668268734,656.455680881139,0.3,0.461538461538462,743.220972776413
340,2,0.1,0.2,2,20000,100000,0.3,0.6,100,292.212867076225,297.005255619698,4.79238854347351,24.2426016127122,0.56,634.806535336866,639.598923880339,0.3,0.32258064516129,835.251053571701
341,2,0.2,0.2,2,20000,100000,0.3,0.6,100,298.160959376803,307.138661909938,8.9777025331349,23.9452372143275,0.58,641.948980060885,650.92668259402,0.3,0.348837209302326,828.786759853363
342,2,0.3,0.2,2,20000,100000,0.3,0.6,100,296.967672453839,305.427273986738,8.45960153289965,21.0924744973961,0.68,645.182723088813,653.642324621712,0.3,0.379746835443038,817.363909244537
343,2,0.4,0.2,2,20000,100000,0.3,0.6,100,294.20821927557,306.456974205166,12.2487549295955,27.8428761143573,0.62,640.7767378477,653.025492777296,0.3,0.416666666666667,754.759203672409
344,2,0.5,0.2,2,20000,100000,0.3,0.6,100,288.589923307114,306.704471003573,18.1145476964586,28.6829440150085,0.72,635.229527162742,653.344074859201,0.3,0.461538461538462,752.31501698494
345,2,0.1,0.05,3,20000,100000,0.3,0.6,100,294.652214973853,283.241443457761,-11.4107715160922,37.8338139319859,0.39,641.44085629213,630.030084776038,0.3,0.32258064516129,757.252442121506
346,2,0.2,0.05,3,20000,100000,0.3,0.6,100,290.222242265979,278.198834592603,-12.0234076733761,38.3786992860969,0.4,637.929537871733,625.906130198357,0.3,0.348837209302326,778.126764774323
347,2,0.3,0.05,3,20000,100000,0.3,0.6,100,305.657463963337,313.514977935038,7.85751397170174,27.3577294090814,0.54,647.728315374967,655.585829346669,0.3,0.379746835443038,766.138634204865
348,2,0.4,0.05,3,20000,100000,0.3,0.6,100,299.28676442149,311.308825112851,12.022060691361,30.0323212692023,0.66,644.9281186545,656.950179345861,0.3,0.416666666666667,739.595449447632
349,2,0.5,0.05,3,20000,100000,0.3,0.6,100,295.5151981636,312.44948428552,16.9342861219191,31.5191599175347,0.68,639.650781426785,656.585067548704,0.3,0.461538461538462,756.567733049393
350,2,0.1,0.1,3,20000,100000,0.3,0.6,100,290.330462687981,286.79486755237,-3.53559513561071,22.8810465759075,0.4,640.794799985163,637.259204849552,0.3,0.32258064516129,741.127348661423
351,2,0.2,0.1,3,20000,100000,0.3,0.6,100,286.03456811781,292.843977799759,6.80940968194934,22.8142780535628,0.62,635.24360771035,642.0530173923,0.3,0.348837209302326,741.102227449417
352,2,0.3,0.1,3,20000,100000,0.3,0.6,100,293.726351812703,301.395567898071,7.66921608536788,27.7349964331761,0.61,639.462292529374,647.131508614741,0.3,0.379746835443038,834.881485939026
353,2,0.4,0.1,3,20000,100000,0.3,0.6,100,287.007369733188,300.515782946215,13.5084132130276,26.7339541968777,0.65,633.776860225709,647.285273438737,0.3,0.416666666666667,832.158540010452
354,2,0.5,0.1,3,20000,100000,0.3,0.6,100,286.61690094978,301.504600336661,14.8876993868811,27.4472751855335,0.67,632.800300646271,647.688000033152,0.3,0.461538461538462,819.622488260269
355,2,0.1,0.2,3,20000,100000,0.3,0.6,100,301.755698352279,303.133189685672,1.37749133339274,20.6322053381733,0.49,646.855399148144,648.232890481537,0.3,0.32258064516129,752.740411996842
356,2,0.2,0.2,3,20000,100000,0.3,0.6,100,290.607647124077,296.229197127414,5.62155000333779,23.9101382849423,0.59,635.07741974784,640.698969751177,0.3,0.348837209302326,752.230386734009
357,2,0.3,0.2,3,20000,100000,0.3,0.6,100,302.169245216156,311.809050690038,9.63980547388229,29.1207900680243,0.59,651.330697331395,660.970502805277,0.3,0.379746835443038,754.253527879715
358,2,0.4,0.2,3,20000,100000,0.3,0.6,100,296.864857392917,308.142117940641,11.2772605477236,21.8668941016476,0.65,644.347820534086,655.625081081809,0.3,0.416666666666667,789.585311889648
359,2,0.5,0.2,3,20000,100000,0.3,0.6,100,299.757257851825,316.518211984982,16.7609541331565,22.7022970972571,0.73,642.741479552129,659.502433685286,0.3,0.461538461538462,757.529815912247
360,2,0.1,0.05,0,3000,150000,0.3,0.6,100,298.492933420046,306.320489670014,7.82755624996795,24.0945872205844,0.62,643.43665144202,651.264207691988,0.3,0.32258064516129,732.675239562988
361,2,0.2,0.05,0,3000,150000,0.3,0.6,100,304.013051420441,317.085083784792,13.0720323643502,31.2082926036871,0.63,651.654105861065,664.726138225415,0.3,0.348837209302326,740.749802350998
362,2,0.3,0.05,0,3000,150000,0.3,0.6,100,307.839037742437,317.082466829481,9.243429087044,22.8759409204957,0.66,646.61702715597,655.860456243014,0.3,0.379746835443038,739.667409896851
363,2,0.4,0.05,0,3000,150000,0.3,0.6,100,290.70234688781,301.813372009103,11.1110251212934,26.2537967476124,0.67,634.653429419299,645.764454540592,0.3,0.416666666666667,738.829838991165
364,2,0.5,0.05,0,3000,150000,0.3,0.6,100,303.721486200343,323.722744501578,20.0012583012355,24.4846346609963,0.8,648.076407544985,668.077665846221,0.3,0.461538461538462,842.297734260559
365,2,0.1,0.1,0,3000,150000,0.3,0.6,100,295.693139979157,299.472322150238,3.7791821710811,21.2248313814481,0.53,640.041735986878,643.820918157959,0.3,0.32258064516129,835.882520198822
366,2,0.2,0.1,0,3000,150000,0.3,0.6,100,298.181043903307,302.7239665343,4.54292263099343,22.4595793310821,0.54,641.533382012442,646.076304643435,0.3,0.348837209302326,821.336830854416
367,2,0.3,0.1,0,3000,150000,0.3,0.6,100,298.568443896949,306.966430144795,8.39798624784543,19.0532181232141,0.67,643.35948093261,651.757467180456,0.3,0.379746835443038,752.707005262375
368,2,0.4,0.1,0,3000,150000,0.3,0.6,100,291.363990589731,304.047941293129,12.6839507033979,24.672858167857,0.72,633.824579746363,646.508530449761,0.3,0.416666666666667,750.893441200256
369,2,0.5,0.1,0,3000,150000,0.3,0.6,100,297.877336404329,313.16691863531,15.2895822309806,22.9677604393042,0.74,642.269416398955,657.558998629935,0.3,0.461538461538462,745.102669477463
370,2,0.1,0.2,0,3000,150000,0.3,0.6,100,298.661461866085,302.18998605824,3.52852419215464,22.9235365028088,0.6,644.690118469245,648.2186426614,0.3,0.32258064516129,784.623275756836
371,2,0.2,0.2,0,3000,150000,0.3,0.6,100,298.307860779581,311.230974727356,12.9231139477748,26.2169795805139,0.69,646.905483851341,659.828597799115,0.3,0.348837209302326,757.922464609146
372,2,0.3,0.2,0,3000,150000,0.3,0.6,100,307.244103325526,319.245564540614,12.0014612150878,27.6476773216882,0.66,652.88689726133,664.888358476418,0.3,0.379746835443038,736.261340618134
373,2,0.4,0.2,0,3000,150000,0.3,0.6,100,307.5697043774,318.1570606472,10.5873562698007,29.6230761953236,0.64,653.781842133164,664.369198402965,0.3,0.416666666666667,736.424336194992
374,2,0.5,0.2,0,3000,150000,0.3,0.6,100,308.007847645705,322.875538291352,14.8676906456467,28.1716627665774,0.68,650.61727506458,665.484965710226,0.3,0.461538461538462,738.630081415176
375,2,0.1,0.05,1,3000,150000,0.3,0.6,100,302.575273461844,306.246078922504,3.67080546066063,22.4217613494836,0.56,647.694834929637,651.365640390297,0.3,0.32258064516129,740.91534113884
376,2,0.2,0.05,1,3000,150000,0.3,0.6,100,305.625133261189,310.779427260653,5.15429399946387,28.4356939669969,0.49,654.896143525985,660.050437525449,0.3,0.348837209302326,855.543123245239
377,2,0.3,0.05,1,3000,150000,0.3,0.6,100,297.123284842643,302.47194189356,5.3486570509169,26.0072154637635,0.57,639.7242773902,645.072934441117,0.3,0.379746835443038,830.274772644043
378,2,0.4,0.05,1,3000,150000,0.3,0.6,100,295.917654719347,316.397062259055,20.4794075397074,25.9715575948382,0.77,637.887338451698,658.366745991405,0.3,0.416666666666667,816.133600234985
379,2,0.5,0.05,1,3000,150000,0.3,0.6,100,307.216400142246,325.263378121553,18.0469779793066,27.5217592464437,0.73,649.571818310914,667.618796290221,0.3,0.461538461538462,751.795647859573
380,2,0.1,0.1,1,3000,150000,0.3,0.6,100,303.192206897898,304.914204684794,1.72199778689512,22.5610503049205,0.5,646.412922107867,648.134919894762,0.3,0.32258064516129,751.892078876495
381,2,0.2,0.1,1,3000,150000,0.3,0.6,100,281.821395964819,285.409861148987,3.58846518416886,20.841473735976,0.58,629.37950354788,632.967968732049,0.3,0.348837209302326,744.658605098724
382,2,0.3,0.1,1,3000,150000,0.3,0.6,100,301.386134466417,308.610999859902,7.22486539348514,21.2199044555343,0.66,646.278208994022,653.503074387507,0.3,0.379746835443038,787.354585886002
383,2,0.4,0.1,1,3000,150000,0.3,0.6,100,296.029100159698,307.691726615386,11.6626264556876,19.0674683718303,0.7,641.302488144729,652.965114600417,0.3,0.416666666666667,759.195231199265
384,2,0.5,0.1,1,3000,150000,0.3,0.6,100,302.124145524721,316.306010268372,14.1818647436503,20.1161539759079,0.74,648.420595135074,662.602459878725,0.3,0.461538461538462,735.708794593811
385,2,0.1,0.2,1,3000,150000,0.3,0.6,100,302.328650826514,306.113342714458,3.78469188794362,22.5366539552069,0.56,647.967377161122,651.752069049065,0.3,0.32258064516129,739.644037723541
386,2,0.2,0.2,1,3000,150000,0.3,0.6,100,305.993909266159,309.387738373205,3.39382910704589,27.2218272270086,0.53,651.404594759884,654.79842386693,0.3,0.348837209302326,739.789666175842
387,2,0.3,0.2,1,3000,150000,0.3,0.6,100,305.408821427231,312.374925846601,6.96610441937054,22.6379132832762,0.66,650.609177031566,657.575281450936,0.3,0.379746835443038,740.736196994782
388,2,0.4,0.2,1,3000,150000,0.3,0.6,100,304.279025971355,318.820062715229,14.5410367438741,27.2392314993178,0.7,649.334993767454,663.876030511328,0.3,0.416666666666667,839.290832519531
389,2,0.5,0.2,1,3000,150000,0.3,0.6,100,291.867242854969,308.318630842666,16.4513879876968,26.3097026769602,0.71,636.020112154271,652.471500141968,0.3,0.461538461538462,834.208098888397
390,2,0.1,0.05,2,3000,150000,0.3,0.6,100,304.923444846742,311.87776784232,6.95432299557755,25.9850681858094,0.6,647.663590148029,654.617913143607,0.3,0.32258064516129,818.321919679642
391,2,0.2,0.05,2,3000,150000,0.3,0.6,100,295.648823377284,302.691987715493,7.04316433820912,25.8911796624023,0.63,636.640965677763,643.684130015972,0.3,0.348837209302326,749.443181753159
392,2,0.3,0.05,2,3000,150000,0.3,0.6,100,298.37544066065,311.386853810733,13.011413150084,24.7896935458358,0.65,641.06491560607,654.076328756154,0.3,0.379746835443038,752.552390098572
393,2,0.4,0.05,2,3000,150000,0.3,0.6,100,303.039139769158,317.800232671844,14.7610929026864,24.8535352194884,0.7,647.659318524589,662.420411427276,0.3,0.416666666666667,749.316551923752
394,2,0.5,0.05,2,3000,150000,0.3,0.6,100,302.942616725636,315.965491241401,13.0228745157653,25.7517286422953,0.69,650.497920133633,663.520794649398,0.3,0.461538461538462,779.610808849335
395,2,0.1,0.1,2,3000,150000,0.3,0.6,100,301.436816979015,302.58641399651,1.14959701749603,18.2178274592223,0.5,641.316488928495,642.466085945991,0.3,0.32258064516129,759.847543239594
396,2,0.2,0.1,2,3000,150000,0.3,0.6,100,298.893963458804,304.00360074311,5.10963728430623,19.9690589899556,0.59,643.001066204273,648.110703488579,0.3,0.348837209302326,739.099277734757
397,2,0.3,0.1,2,3000,150000,0.3,0.6,100,299.706080764415,314.410029095693,14.7039483312774,22.3918353894148,0.71,641.383255135836,656.087203467114,0.3,0.379746835443038,743.069518327713
398,2,0.4,0.1,2,3000,150000,0.3,0.6,100,290.450995256913,302.702915035871,12.2519197789581,22.5746504708071,0.68,638.628819930006,650.880739708964,0.3,0.416666666666667,741.695354700089
399,2,0.5,0.1,2,3000,150000,0.3,0.6,100,297.899040671825,313.409416391537,15.5103757197122,27.2292958026955,0.76,643.608594619944,659.118970339656,0.3,0.461538461538462,741.792178153992
400,2,0.1,0.2,2,3000,150000,0.3,0.6,100,305.843959840267,306.730867264194,0.886907423926941,20.9678752274594,0.5,648.966981894097,649.853889318024,0.3,0.32258064516129,838.606538772583
401,2,0.2,0.2,2,3000,150000,0.3,0.6,100,300.254158404172,306.267976489943,6.01381808577171,26.2763417648623,0.58,639.506847351087,645.520665436859,0.3,0.348837209302326,833.720307588577
402,2,0.3,0.2,2,3000,150000,0.3,0.6,100,299.834815053891,310.209485399323,10.3746703454315,28.2227787585105,0.65,646.663038803129,657.03770914856,0.3,0.379746835443038,817.592928886414
403,2,0.4,0.2,2,3000,150000,0.3,0.6,100,291.034674589387,304.662256229712,13.6275816403253,27.5614730229536,0.74,642.919346533839,656.546928174164,0.3,0.416666666666667,753.622941732407
404,2,0.5,0.2,2,3000,150000,0.3,0.6,100,290.760651197701,306.894820780424,16.1341695827232,23.5973279339633,0.75,638.279815593929,654.413985176652,0.3,0.461538461538462,748.501476287842
405,2,0.1,0.05,3,3000,150000,0.3,0.6,100,293.506669706867,301.143027013641,7.63635730677385,27.512352105595,0.59,641.428852741536,649.06521004831,0.3,0.32258064516129,750.330640554428
406,2,0.2,0.05,3,3000,150000,0.3,0.6,100,300.587607314125,310.53592112121,9.94831380708556,25.3882590240096,0.64,647.819303211881,657.767617018967,0.3,0.348837209302326,782.596830844879
407,2,0.3,0.05,3,3000,150000,0.3,0.6,100,307.098678211169,315.835779116682,8.73710090551348,24.6430654025408,0.63,653.83518351225,662.572284417764,0.3,0.379746835443038,754.779382228851
408,2,0.4,0.05,3,3000,150000,0.3,0.6,100,302.186593024847,311.014057878731,8.82746485388322,24.3185457567705,0.66,648.444118407325,657.271583261208,0.3,0.416666666666667,739.786297798157
409,2,0.5,0.05,3,3000,150000,0.3,0.6,100,300.488190478791,315.2731328743,14.7849423955087,26.8667388614228,0.71,649.273105024709,664.058047420217,0.3,0.461538461538462,753.79833316803
410,2,0.1,0.1,3,3000,150000,0.3,0.6,100,299.168257920799,303.657759784862,4.48950186406292,22.4170799253484,0.58,643.80699262148,648.296494485543,0.3,0.32258064516129,745.83985209465
411,2,0.2,0.1,3,3000,150000,0.3,0.6,100,307.788278231402,314.974233541385,7.18595530998312,20.6908942600817,0.66,649.13258388166,656.318539191643,0.3,0.348837209302326,741.456362962723
412,2,0.3,0.1,3,3000,150000,0.3,0.6,100,305.297458399216,316.853660865733,11.5562024665173,24.0790712812001,0.64,650.78799702657,662.344199493087,0.3,0.379746835443038,862.122435092926
413,2,0.4,0.1,3,3000,150000,0.3,0.6,100,290.049156789618,301.399819643252,11.3506628536345,25.560262424645,0.64,638.143915264204,649.494578117839,0.3,0.416666666666667,861.749398946762
414,2,0.5,0.1,3,3000,150000,0.3,0.6,100,291.956908488177,304.409279835501,12.4523713473239,22.8919201653847,0.69,640.328820407641,652.781191754965,0.3,0.461538461538462,820.17947268486
415,2,0.1,0.2,3,3000,150000,0.3,0.6,100,293.511162221658,298.973469828155,5.46230760649709,23.0929853332888,0.58,642.551523863274,648.013831469771,0.3,0.32258064516129,753.285701513291
416,2,0.2,0.2,3,3000,150000,0.3,0.6,100,292.406036578087,297.542335916749,5.13629933866242,22.4743488965839,0.6,639.711910228781,644.848209567444,0.3,0.348837209302326,750.596093654633
417,2,0.3,0.2,3,3000,150000,0.3,0.6,100,300.194716298244,307.568542534302,7.37382623605843,27.6313975780286,0.6,648.505256145435,655.879082381494,0.3,0.379746835443038,740.741668462753
418,2,0.4,0.2,3,3000,150000,0.3,0.6,100,295.878029776178,309.50637839996,13.6283486237826,26.2132976743526,0.71,641.360580145479,654.988928769262,0.3,0.416666666666667,777.50242471695
419,2,0.5,0.2,3,3000,150000,0.3,0.6,100,294.596908395514,311.018983909323,16.4220755138085,23.1249658737252,0.74,642.752626585241,659.174702099049,0.3,0.461538461538462,758.457074403763
420,2,0.1,0.05,0,6500,150000,0.3,0.6,100,310.957775294019,313.852390645352,2.89461535133343,21.4308282931577,0.56,653.478588987846,656.373204339179,0.3,0.32258064516129,736.331299543381
421,2,0.2,0.05,0,6500,150000,0.3,0.6,100,298.13303313503,298.748589978339,0.615556843309539,22.0280600243376,0.47,640.13775841934,640.75331526265,0.3,0.348837209302326,742.510214328766
422,2,0.3,0.05,0,6500,150000,0.3,0.6,100,303.61603569722,310.842942300972,7.22690660375204,19.8746555041922,0.58,644.697337956194,651.924244559946,0.3,0.379746835443038,742.320751905441
423,2,0.4,0.05,0,6500,150000,0.3,0.6,100,285.536944851352,299.019314781331,13.4823699299794,19.9120172826524,0.71,627.988824030166,641.471193960145,0.3,0.416666666666667,745.831525087357
424,2,0.5,0.05,0,6500,150000,0.3,0.6,100,301.331186682179,321.206056685132,19.8748700029534,26.7399339390726,0.8,644.980934883308,664.855804886261,0.3,0.461538461538462,845.619203090668
425,2,0.1,0.1,0,6500,150000,0.3,0.6,100,302.038335821149,307.258483205915,5.22014738476634,26.3468414666239,0.55,646.19383893687,651.413986321637,0.3,0.32258064516129,855.010665178299
426,2,0.2,0.1,0,6500,150000,0.3,0.6,100,290.83381960585,302.471848325198,11.6380287193488,23.4217795277701,0.71,634.994847303058,646.632876022406,0.3,0.348837209302326,816.730386972427
427,2,0.3,0.1,0,6500,150000,0.3,0.6,100,302.563927833616,314.843272438116,12.2793446045006,25.7433552545284,0.73,649.758338667961,662.037683272461,0.3,0.379746835443038,756.086467027664
428,2,0.4,0.1,0,6500,150000,0.3,0.6,100,299.259691884666,314.957037586321,15.6973457016547,28.6981145153442,0.72,644.130858926105,659.82820462776,0.3,0.416666666666667,747.237704515457
429,2,0.5,0.1,0,6500,150000,0.3,0.6,100,304.39275045112,323.86605570793,19.4733052568105,23.4154491325686,0.8,646.373541849448,665.846847106259,0.3,0.461538461538462,741.279907464981
430,2,0.1,0.2,0,6500,150000,0.3,0.6,100,301.524047276519,303.933648241176,2.40960096465674,26.945222161555,0.5,649.450245449748,651.859846414405,0.3,0.32258064516129,789.679550647736
431,2,0.2,0.2,0,6500,150000,0.3,0.6,100,308.514552446698,317.987075683067,9.47252323636881,28.7928862632392,0.64,655.468696450915,664.941219687283,0.3,0.348837209302326,757.513185977936
432,2,0.3,0.2,0,6500,150000,0.3,0.6,100,297.147258506051,306.987070466648,9.83981196059701,25.8037887070923,0.6,644.80026507309,654.640077033687,0.3,0.379746835443038,732.765716314316
433,2,0.4,0.2,0,6500,150000,0.3,0.6,100,299.659620806002,314.317826792991,14.6582059869886,27.231250837036,0.69,647.98864409496,662.646850081949,0.3,0.416666666666667,742.152071237564
434,2,0.5,0.2,0,6500,150000,0.3,0.6,100,297.201406581304,312.345438447786,15.1440318664817,26.3073684426957,0.73,643.188531549854,658.332563416336,0.3,0.461538461538462,735.650288581848
435,2,0.1,0.05,1,6500,150000,0.3,0.6,100,297.694560515602,301.144243529361,3.44968301375941,23.0689680745001,0.54,641.181168959878,644.630851973637,0.3,0.32258064516129,742.729824304581
436,2,0.2,0.05,1,6500,150000,0.3,0.6,100,301.707228488571,306.12350772881,4.4162792402384,20.6231493379464,0.62,650.240721897029,654.657001137267,0.3,0.348837209302326,843.224227190018
437,2,0.3,0.05,1,6500,150000,0.3,0.6,100,295.292579737097,306.664604375488,11.3720246383911,23.8701267331586,0.67,644.441982939202,655.814007577593,0.3,0.379746835443038,834.937593460083
438,2,0.4,0.05,1,6500,150000,0.3,0.6,100,298.876221946635,308.190313335995,9.31409138936024,20.7038397908769,0.69,645.044431547875,654.358522937235,0.3,0.416666666666667,826.389415502548
439,2,0.5,0.05,1,6500,150000,0.3,0.6,100,293.691039467946,309.772704282866,16.0816648149205,22.2788000331986,0.77,641.623174151401,657.704838966321,0.3,0.461538461538462,754.144334554672
440,2,0.1,0.1,1,6500,150000,0.3,0.6,100,291.120060879963,298.302019384476,7.18195850451324,26.6673195599389,0.58,634.212007061183,641.393965565697,0.3,0.32258064516129,756.756429195404
441,2,0.2,0.1,1,6500,150000,0.3,0.6,100,294.778213459345,302.721784272844,7.94357081349924,24.8547527317932,0.6,635.141804043875,643.085374857374,0.3,0.348837209302326,744.477833509445
442,2,0.3,0.1,1,6500,150000,0.3,0.6,100,299.311132657959,309.563435018605,10.2523023606459,21.9799013087246,0.68,644.907996863384,655.16029922403,0.3,0.379746835443038,779.283227205277
443,2,0.4,0.1,1,6500,150000,0.3,0.6,100,302.951418662405,311.39760465788,8.44618599547435,24.4038015538731,0.62,647.993909081771,656.440095077245,0.3,0.416666666666667,767.304607391357
444,2,0.5,0.1,1,6500,150000,0.3,0.6,100,299.002979087826,317.018046360293,18.0150672724673,27.2867418129663,0.76,644.866063698714,662.881130971182,0.3,0.461538461538462,734.067012310028
445,2,0.1,0.2,1,6500,150000,0.3,0.6,100,305.41599058086,311.214993138987,5.79900255812637,26.5302638644246,0.54,649.05912253192,654.858125090046,0.3,0.32258064516129,735.084363698959
446,2,0.2,0.2,1,6500,150000,0.3,0.6,100,297.09693012395,301.077747192049,3.98081706809864,24.8666437266022,0.53,644.654547312936,648.635364381034,0.3,0.348837209302326,735.623566865921
447,2,0.3,0.2,1,6500,150000,0.3,0.6,100,304.181162885174,311.106353239515,6.92519035434074,25.5732139075122,0.61,646.81539669282,653.740587047161,0.3,0.379746835443038,737.126232624054
448,2,0.4,0.2,1,6500,150000,0.3,0.6,100,298.951883328155,315.405300116899,16.4534167887437,27.4297996841304,0.7,639.736799358696,656.190216147439,0.3,0.416666666666667,836.09067773819
449,2,0.5,0.2,1,6500,150000,0.3,0.6,100,296.940377262233,310.942672463314,14.0022952010808,26.4368623995242,0.74,647.29093878782,661.293233988901,0.3,0.461538461538462,833.874437093735
450,2,0.1,0.05,2,6500,150000,0.3,0.6,100,297.522881739668,295.7124770577,-1.81040468196845,21.7453732952514,0.5,644.226793524062,642.416388842093,0.3,0.32258064516129,832.710817098618
451,2,0.2,0.05,2,6500,150000,0.3,0.6,100,300.708996081522,305.849453539833,5.14045745831163,23.0875748814253,0.59,644.992737948735,650.133195407046,0.3,0.348837209302326,757.41000699997
452,2,0.3,0.05,2,6500,150000,0.3,0.6,100,299.073431348183,308.706480578094,9.6330492299117,24.5071986296327,0.62,648.262146335935,657.895195565846,0.3,0.379746835443038,757.05298447609
453,2,0.4,0.05,2,6500,150000,0.3,0.6,100,294.988989127504,304.293629410622,9.30464028311875,22.1954131528572,0.65,643.282677265396,652.587317548515,0.3,0.416666666666667,743.654716253281
454,2,0.5,0.05,2,6500,150000,0.3,0.6,100,307.783889706325,320.276669561155,12.4927798548294,22.6643579720958,0.65,653.737945914222,666.230725769051,0.3,0.461538461538462,781.503870010376
455,2,0.1,0.1,2,6500,150000,0.3,0.6,100,286.046751644133,293.472613059166,7.42586141503256,24.8396845930636,0.55,632.754473076072,640.180334491104,0.3,0.32258064516129,772.471065282822
456,2,0.2,0.1,2,6500,150000,0.3,0.6,100,292.066271212102,299.888551204231,7.82227999212889,29.6837543152598,0.56,640.820212241745,648.642492233874,0.3,0.348837209302326,731.835585355759
457,2,0.3,0.1,2,6500,150000,0.3,0.6,100,298.895492724424,306.348780021854,7.45328729743005,25.4665050587192,0.6,643.315821665207,650.769108962637,0.3,0.379746835443038,743.20710849762
458,2,0.4,0.1,2,6500,150000,0.3,0.6,100,299.308746322545,309.035025464113,9.72627914156813,24.0438482554069,0.65,643.932487677228,653.658766818796,0.3,0.416666666666667,736.354517221451
459,2,0.5,0.1,2,6500,150000,0.3,0.6,100,301.876655617637,316.016173131501,14.1395175138639,26.0511826141925,0.71,647.062849934839,661.202367448703,0.3,0.461538461538462,738.45911693573
460,2,0.1,0.2,2,6500,150000,0.3,0.6,100,307.602583222221,307.782544447866,0.179961225644731,22.0808932626722,0.49,654.287422968036,654.467384193681,0.3,0.32258064516129,837.210008382797
461,2,0.2,0.2,2,6500,150000,0.3,0.6,100,293.797832817545,299.170757854342,5.37292503679655,23.3397352246704,0.58,639.700808290663,645.073733327459,0.3,0.348837209302326,830.473460912705
462,2,0.3,0.2,2,6500,150000,0.3,0.6,100,297.445628166241,304.288693133943,6.84306496770219,25.2926732310575,0.59,643.166129202172,650.009194169875,0.3,0.379746835443038,827.512757062912
463,2,0.4,0.2,2,6500,150000,0.3,0.6,100,290.11752201434,306.982531898179,16.8650098838388,30.4044178196727,0.76,639.019757342945,655.884767226784,0.3,0.416666666666667,754.20370554924
464,2,0.5,0.2,2,6500,150000,0.3,0.6,100,299.69572627425,317.361364403454,17.6656381292038,29.9821651565819,0.68,642.562555931526,660.22819406073,0.3,0.461538461538462,755.518038034439
465,2,0.1,0.05,3,6500,150000,0.3,0.6,100,284.49150576528,289.961440699871,5.46993493459093,20.8805023862168,0.57,631.429840423518,636.899775358109,0.3,0.32258064516129,743.142572641373
466,2,0.2,0.05,3,6500,150000,0.3,0.6,100,300.32947882255,305.880681353998,5.55120253144851,24.3972368128866,0.58,641.593255786679,647.144458318128,0.3,0.348837209302326,791.711989402771
467,2,0.3,0.05,3,6500,150000,0.3,0.6,100,299.306781232418,309.10816140795,9.80138017553213,20.8514855741939,0.67,645.070653164387,654.872033339919,0.3,0.379746835443038,766.060028791428
468,2,0.4,0.05,3,6500,150000,0.3,0.6,100,298.503647379319,312.55944614529,14.0557987659702,20.8958550492113,0.76,641.460696006396,655.516494772367,0.3,0.416666666666667,849.831291198731
469,2,0.5,0.05,3,6500,150000,0.3,0.6,100,290.707340787191,304.845447902956,14.1381071157657,22.2438527564739,0.76,640.537088798846,654.675195914612,0.3,0.461538461538462,738.714387178421
470,2,0.1,0.1,3,6500,150000,0.3,0.6,100,296.686273650052,301.580543144927,4.89426949487538,24.4076588314549,0.54,639.660303617739,644.554573112615,0.3,0.32258064516129,737.853263378143
471,2,0.2,0.1,3,6500,150000,0.3,0.6,100,299.621824588632,304.176825864392,4.55500127576003,24.0361492777171,0.55,645.479793793385,650.034795069145,0.3,0.348837209302326,738.885605573654
472,2,0.3,0.1,3,6500,150000,0.3,0.6,100,293.544558594847,307.481905668395,13.9373470735479,27.0228023647924,0.7,638.129523220483,652.066870294031,0.3,0.379746835443038,838.093813896179
473,2,0.4,0.1,3,6500,150000,0.3,0.6,100,307.809819964037,320.974597896257,13.1647779322196,26.4514558016588,0.67,655.963561326774,669.128339258994,0.3,0.416666666666667,833.013461112976
474,2,0.5,0.1,3,6500,150000,0.3,0.6,100,305.78866589285,316.21141206268,10.4227461698298,25.629639558029,0.6,649.685963284336,660.108709454166,0.3,0.461538461538462,825.030664682388
475,2,0.1,0.2,3,6500,150000,0.3,0.6,100,300.464831456138,309.962856203663,9.49802474752565,24.424070382575,0.67,644.838555360924,654.33658010845,0.3,0.32258064516129,755.070313930511
476,2,0.2,0.2,3,6500,150000,0.3,0.6,100,298.106418349285,306.744049610524,8.63763126123885,27.8080641461641,0.66,643.394971507576,652.032602768815,0.3,0.348837209302326,758.088437080383
477,2,0.3,0.2,3,6500,150000,0.3,0.6,100,302.836346373236,311.288069285566,8.45172291232951,24.2746857754471,0.63,644.804026608137,653.255749520467,0.3,0.379746835443038,755.715425491333
478,2,0.4,0.2,3,6500,150000,0.3,0.6,100,291.429780918741,302.656075213355,11.2262942946145,26.4013028365311,0.65,638.308375853957,649.534670148572,0.3,0.416666666666667,779.606408834457
479,2,0.5,0.2,3,6500,150000,0.3,0.6,100,294.082360015093,310.783203049073,16.7008430339805,28.3340047568694,0.64,639.347338942021,656.048181976001,0.3,0.461538461538462,769.292822360993
480,2,0.1,0.05,0,10000,150000,0.3,0.6,100,297.082479953122,302.383520794665,5.30104084154314,27.3983573997229,0.55,640.308512346713,645.609553188257,0.3,0.32258064516129,738.408255815506
481,2,0.2,0.05,0,10000,150000,0.3,0.6,100,300.625616550557,304.563724559123,3.93810800856638,25.4677794077876,0.52,644.873854016441,648.811962025008,0.3,0.348837209302326,741.053598165512
482,2,0.3,0.05,0,10000,150000,0.3,0.6,100,301.362459143063,314.035435699777,12.6729765567143,25.5989844897643,0.67,643.808858154849,656.481834711563,0.3,0.379746835443038,740.036323308945
483,2,0.4,0.05,0,10000,150000,0.3,0.6,100,299.419072710117,313.10846705473,13.6893943446124,29.5576374877653,0.67,645.126661204444,658.816055549056,0.3,0.416666666666667,742.804598093033
484,2,0.5,0.05,0,10000,150000,0.3,0.6,100,304.938236734208,316.975740500997,12.0375037667896,25.0646704431362,0.67,649.696779186404,661.734282953193,0.3,0.461538461538462,841.245923757553
485,2,0.1,0.1,0,10000,150000,0.3,0.6,100,295.634649741791,301.627932184942,5.99328244315119,26.0318691457763,0.56,640.940498501488,646.933780944639,0.3,0.32258064516129,829.940761566162
486,2,0.2,0.1,0,10000,150000,0.3,0.6,100,304.08322232473,310.658853016393,6.57563069166293,26.6144273354394,0.57,647.787781238257,654.36341192992,0.3,0.348837209302326,829.503669500351
487,2,0.3,0.1,0,10000,150000,0.3,0.6,100,303.944028936663,314.11913314458,10.175104207917,24.5999881868945,0.64,645.535960389449,655.711064597366,0.3,0.379746835443038,758.465781927109
488,2,0.4,0.1,0,10000,150000,0.3,0.6,100,304.020734361391,313.364989276223,9.34425491483248,26.5934740927581,0.6,652.366784035944,661.711038950777,0.3,0.416666666666667,754.647566556931
489,2,0.5,0.1,0,10000,150000,0.3,0.6,100,296.226775915945,315.620322427821,19.3935465118767,27.5245982596635,0.74,641.759555505258,661.153102017134,0.3,0.461538461538462,754.953761339188
490,2,0.1,0.2,0,10000,150000,0.3,0.6,100,290.551593167726,299.592192865717,9.0405996979911,26.0914692163471,0.64,638.308483698506,647.349083396497,0.3,0.32258064516129,780.301033735275
491,2,0.2,0.2,0,10000,150000,0.3,0.6,100,312.007158865666,315.581318302355,3.57415943668844,26.7798682165206,0.55,657.480611393212,661.054770829901,0.3,0.348837209302326,769.00643658638
492,2,0.3,0.2,0,10000,150000,0.3,0.6,100,303.726801577045,313.206912209447,9.48011063240168,24.36810366552,0.61,647.658400170434,657.138510802835,0.3,0.379746835443038,845.509574174881
493,2,0.4,0.2,0,10000,150000,0.3,0.6,100,309.341717473446,321.848819690143,12.5071022166966,27.9005766581932,0.68,653.164588901731,665.671691118428,0.3,0.416666666666667,745.154633522034
494,2,0.5,0.2,0,10000,150000,0.3,0.6,100,297.721517732255,317.786982646128,20.0654649138728,28.0742011556759,0.74,643.257199385304,663.322664299177,0.3,0.461538461538462,738.679689884186
495,2,0.1,0.05,1,10000,150000,0.3,0.6,100,292.297299905723,296.292057174725,3.99475726900176,24.5513287393884,0.56,639.156918780532,643.151676049534,0.3,0.32258064516129,742.812879562378
496,2,0.2,0.05,1,10000,150000,0.3,0.6,100,294.771362362251,304.467679890964,9.69631752871366,25.0936896475717,0.58,637.611417582781,647.307735111494,0.3,0.348837209302326,851.311074972153
497,2,0.3,0.05,1,10000,150000,0.3,0.6,100,307.77623952473,316.168223269399,8.39198374466908,26.6694891721551,0.57,653.322345754339,661.714329499008,0.3,0.379746835443038,846.266137599945
498,2,0.4,0.05,1,10000,150000,0.3,0.6,100,295.294677447841,302.951172596175,7.65649514833376,26.1299554933286,0.58,638.92789410396,646.584389252294,0.3,0.416666666666667,839.124528169632
499,2,0.5,0.05,1,10000,150000,0.3,0.6,100,303.779649184931,315.520057293936,11.7404081090049,29.3088700593234,0.64,648.673663422765,660.41407153177,0.3,0.461538461538462,762.825850248337
500,2,0.1,0.1,1,10000,150000,0.3,0.6,100,295.44998812852,301.369707902055,5.91971977353512,27.1396387104466,0.58,636.106873771515,642.02659354505,0.3,0.32258064516129,754.615372657776
501,2,0.2,0.1,1,10000,150000,0.3,0.6,100,303.68806063039,311.412292443904,7.72423181351421,26.693537898064,0.61,645.206286618117,652.930518431631,0.3,0.348837209302326,756.142761468887
502,2,0.3,0.1,1,10000,150000,0.3,0.6,100,294.569088490779,304.795128946786,10.2260404560068,24.2124077304099,0.63,641.593502616022,651.819543072029,0.3,0.379746835443038,788.887328147888
503,2,0.4,0.1,1,10000,150000,0.3,0.6,100,296.994848972743,305.163452641346,8.16860366860242,28.1904552946378,0.63,644.689521878646,652.858125547248,0.3,0.416666666666667,768.377709627152
504,2,0.5,0.1,1,10000,150000,0.3,0.6,100,296.030306355975,308.350558956396,12.3202526004208,26.4024494157846,0.66,639.426360756152,651.746613356573,0.3,0.461538461538462,734.035023212433
505,2,0.1,0.2,1,10000,150000,0.3,0.6,100,293.892347159614,300.8990727207,7.0067255610861,28.7795042822595,0.62,639.983520404681,646.990245965767,0.3,0.32258064516129,772.798181295395
506,2,0.2,0.2,1,10000,150000,0.3,0.6,100,290.851892381114,299.36105498924,8.50916260812596,25.5182484751781,0.61,639.653824615036,648.162987223162,0.3,0.348837209302326,735.664700269699
507,2,0.3,0.2,1,10000,150000,0.3,0.6,100,301.695707439271,315.667888644995,13.9721812057235,24.2251427607879,0.74,649.235495947011,663.207677152734,0.3,0.379746835443038,738.061808347702
508,2,0.4,0.2,1,10000,150000,0.3,0.6,100,304.797140639295,320.149506358154,15.3523657188586,24.3248345930605,0.74,646.391670469902,661.744036188761,0.3,0.416666666666667,844.815555334091
509,2,0.5,0.2,1,10000,150000,0.3,0.6,100,289.547683836859,309.824855431661,20.2771715948023,28.6322141628141,0.77,634.657564909556,654.934736504358,0.3,0.461538461538462,837.827054023743
510,2,0.1,0.05,2,10000,150000,0.3,0.6,100,302.744260467803,304.231096580818,1.48683611301565,25.0345961946227,0.51,648.990115421598,650.476951534614,0.3,0.32258064516129,834.749492883682
511,2,0.2,0.05,2,10000,150000,0.3,0.6,100,306.363927995339,314.356096431436,7.99216843609651,20.9158578611884,0.62,650.291089108735,658.283257544832,0.3,0.348837209302326,761.912302494049
512,2,0.3,0.05,2,10000,150000,0.3,0.6,100,299.492957720246,309.527287264688,10.0343295444418,26.1713485875759,0.63,646.443536134057,656.477865678499,0.3,0.379746835443038,759.235088586807
513,2,0.4,0.05,2,10000,150000,0.3,0.6,100,289.961415795136,305.945500149948,15.9840843548119,24.312942013972,0.77,634.318526924138,650.30261127895,0.3,0.416666666666667,761.738656997681
514,2,0.5,0.05,2,10000,150000,0.3,0.6,100,303.18725840113,316.119544586583,12.9322861854523,27.5457180480765,0.71,647.098308043973,660.030594229425,0.3,0.461538461538462,794.941528558731
515,2,0.1,0.1,2,10000,150000,0.3,0.6,100,307.716962602885,306.408339153807,-1.30862344907845,22.2614447113908,0.54,652.763319621657,651.454696172578,0.3,0.32258064516129,765.735270500183
516,2,0.2,0.1,2,10000,150000,0.3,0.6,100,310.110917520667,312.598241541227,2.48732402056,23.2567231930243,0.53,655.131696486449,657.619020507009,0.3,0.348837209302326,733.900118112564
517,2,0.3,0.1,2,10000,150000,0.3,0.6,100,299.439763183664,309.209048645926,9.76928546226191,25.00348695498,0.63,644.27550028553,654.044785747792,0.3,0.379746835443038,744.358817815781
518,2,0.4,0.1,2,10000,150000,0.3,0.6,100,297.636392854236,311.980830146414,14.3444372921786,22.6602343759999,0.75,642.082328870045,656.426766162224,0.3,0.416666666666667,738.092343091965
519,2,0.5,0.1,2,10000,150000,0.3,0.6,100,298.941171103735,314.516188475991,15.5750173722552,22.5938201774252,0.77,646.638496234507,662.213513606762,0.3,0.461538461538462,737.459146022797
520,2,0.1,0.2,2,10000,150000,0.3,0.6,100,306.086570741817,313.813807370104,7.72723662828644,29.4901228160479,0.58,645.563943750967,653.291180379254,0.3,0.32258064516129,851.289014816284
521,2,0.2,0.2,2,10000,150000,0.3,0.6,100,297.624278436583,305.977087137793,8.35280870121019,22.9039152238108,0.65,642.535765747374,650.888574448585,0.3,0.348837209302326,838.311533212662
522,2,0.3,0.2,2,10000,150000,0.3,0.6,100,306.59217981115,318.163370463965,11.571190652815,29.6564561765837,0.64,649.720713060194,661.291903713009,0.3,0.379746835443038,830.700229167938
523,2,0.4,0.2,2,10000,150000,0.3,0.6,100,291.191615435429,309.91497053217,18.7233550967411,29.1225327254875,0.74,637.842766798813,656.566121895554,0.3,0.416666666666667,756.344152212143
524,2,0.5,0.2,2,10000,150000,0.3,0.6,100,303.849084239444,320.324239633233,16.4751553937893,25.9289205994693,0.72,650.052532618501,666.527688012291,0.3,0.461538461538462,757.279692649841
525,2,0.1,0.05,3,10000,150000,0.3,0.6,100,296.222411719691,302.088516446016,5.86610472632458,25.3775879437709,0.57,642.932421802382,648.798526528707,0.3,0.32258064516129,745.541476011276
526,2,0.2,0.05,3,10000,150000,0.3,0.6,100,293.912602232319,299.251679525793,5.33907729347389,25.0689118693944,0.56,643.002126391001,648.341203684475,0.3,0.348837209302326,797.272920608521
527,2,0.3,0.05,3,10000,150000,0.3,0.6,100,295.482623648454,303.874826799357,8.39220315090302,25.5475296926568,0.58,644.496139626682,652.888342777585,0.3,0.379746835443038,773.049765110016
528,2,0.4,0.05,3,10000,150000,0.3,0.6,100,297.720149942882,308.224640180746,10.5044902378647,26.5214176196789,0.66,645.915956682776,656.420446920641,0.3,0.416666666666667,736.802561998367
529,2,0.5,0.05,3,10000,150000,0.3,0.6,100,291.885555547042,302.69353923801,10.8079836909683,24.2281972582051,0.64,637.924755627439,648.732739318407,0.3,0.461538461538462,749.471319198608
530,2,0.1,0.1,3,10000,150000,0.3,0.6,100,296.481306512837,305.869885667351,9.38857915451377,24.9827928145228,0.63,638.710490506537,648.09906966105,0.3,0.32258064516129,743.557898283005
531,2,0.2,0.1,3,10000,150000,0.3,0.6,100,297.019219623249,305.872187380157,8.85296775690794,23.2899992396452,0.65,644.433228663694,653.286196420602,0.3,0.348837209302326,741.132354021072
532,2,0.3,0.1,3,10000,150000,0.3,0.6,100,294.76182756963,305.868917084863,11.1070895152323,27.4657871024644,0.63,645.182852986193,656.289942501426,0.3,0.379746835443038,844.631429672241
533,2,0.4,0.1,3,10000,150000,0.3,0.6,100,308.401537743167,317.441485552167,9.03994780899983,23.288334378384,0.68,655.368975992347,664.408923801347,0.3,0.416666666666667,840.920760631561
534,2,0.5,0.1,3,10000,150000,0.3,0.6,100,294.735545396781,311.372569858026,16.6370244612449,23.1223364529809,0.73,641.751660972689,658.388685433934,0.3,0.461538461538462,828.211289167404
535,2,0.1,0.2,3,10000,150000,0.3,0.6,100,294.789764473902,298.760890582573,3.97112610867182,26.5430109167679,0.53,642.183263533907,646.154389642579,0.3,0.32258064516129,755.49943447113
536,2,0.2,0.2,3,10000,150000,0.3,0.6,100,290.851053420397,304.506493777607,13.6554403572099,24.3466051961314,0.71,636.050805324485,649.706245681695,0.3,0.348837209302326,756.19867181778
537,2,0.3,0.2,3,10000,150000,0.3,0.6,100,288.897305078328,305.326828117147,16.4295230388193,31.9026798603981,0.66,633.894671251293,650.324194290112,0.3,0.379746835443038,748.172384262085
538,2,0.4,0.2,3,10000,150000,0.3,0.6,100,288.112763746082,303.793170193821,15.6804064477394,24.7499663189789,0.75,640.63771880391,656.318125251649,0.3,0.416666666666667,790.575907707214
539,2,0.5,0.2,3,10000,150000,0.3,0.6,100,288.710024182329,305.883630489874,17.1736063075447,28.5447643150217,0.72,636.604260667347,653.777866974891,0.3,0.461538461538462,761.529400348663
540,2,0.1,0.05,0,13500,150000,0.3,0.6,100,312.026576883493,315.672304571293,3.64572768779957,25.3676953697382,0.57,655.798068622143,659.443796309943,0.3,0.32258064516129,734.186799049378
541,2,0.2,0.05,0,13500,150000,0.3,0.6,100,301.282890023662,300.644505283249,-0.638384740412437,23.5902251073108,0.51,644.943859896931,644.305475156519,0.3,0.348837209302326,747.072783470154
542,2,0.3,0.05,0,13500,150000,0.3,0.6,100,299.464754434338,305.373164191067,5.90840975672851,24.1279329570509,0.55,643.92202361401,649.830433370738,0.3,0.379746835443038,738.366424560547
543,2,0.4,0.05,0,13500,150000,0.3,0.6,100,307.510631559874,312.292953417036,4.78232185716169,19.34126194628,0.6,654.689164888083,659.471486745245,0.3,0.416666666666667,740.668919563294
544,2,0.5,0.05,0,13500,150000,0.3,0.6,100,306.917150479074,320.782375049523,13.865224570449,27.6753220464301,0.66,650.011564331018,663.876788901467,0.3,0.461538461538462,863.869739532471
545,2,0.1,0.1,0,13500,150000,0.3,0.6,100,307.679596356917,310.721826223914,3.04222986699696,30.4391455841797,0.51,653.477311849251,656.519541716248,0.3,0.32258064516129,838.901786804199
546,2,0.2,0.1,0,13500,150000,0.3,0.6,100,294.366924116243,298.489762224494,4.12283810825179,22.8641382111827,0.48,638.379640885276,642.502478993528,0.3,0.348837209302326,829.840437173843
547,2,0.3,0.1,0,13500,150000,0.3,0.6,100,305.584965681348,312.590802521622,7.00583684027326,24.9031799624247,0.59,650.639588281531,657.645425121805,0.3,0.379746835443038,756.697966337204
548,2,0.4,0.1,0,13500,150000,0.3,0.6,100,287.347309572193,295.656235455245,8.30892588305201,24.3600724127041,0.64,635.176820686581,643.485746569633,0.3,0.416666666666667,755.325780153275
549,2,0.5,0.1,0,13500,150000,0.3,0.6,100,296.965415754177,312.055329621391,15.0899138672132,29.2159132643956,0.62,643.46152211201,658.551435979223,0.3,0.461538461538462,757.540710449219
550,2,0.1,0.2,0,13500,150000,0.3,0.6,100,294.029336352167,300.106317632272,6.07698128010489,26.6947782808723,0.62,640.066980222285,646.14396150239,0.3,0.32258064516129,781.073481082916
551,2,0.2,0.2,0,13500,150000,0.3,0.6,100,290.204929584438,296.363554914011,6.1586253295735,23.0985663869504,0.6,632.902674571253,639.061299900826,0.3,0.348837209302326,761.512802839279
552,2,0.3,0.2,0,13500,150000,0.3,0.6,100,292.465806563561,303.989572481276,11.5237659177148,22.7508391350837,0.71,638.798873074641,650.322638992356,0.3,0.379746835443038,733.684225797653
553,2,0.4,0.2,0,13500,150000,0.3,0.6,100,297.865960892015,307.606078837219,9.74011794520421,24.7324688826444,0.69,642.224242843797,651.964360789001,0.3,0.416666666666667,760.971019506455
554,2,0.5,0.2,0,13500,150000,0.3,0.6,100,302.568006004035,315.257528982062,12.6895229780275,24.4033867957068,0.71,649.685517085153,662.375040063181,0.3,0.461538461538462,738.463475704193
555,2,0.1,0.05,1,13500,150000,0.3,0.6,100,296.355889088123,295.256820701259,-1.09906838686387,22.0070547310948,0.48,640.867228824931,639.768160438067,0.3,0.32258064516129,740.766659259796
556,2,0.2,0.05,1,13500,150000,0.3,0.6,100,297.306521428293,303.933561762141,6.62704033384827,23.8237649490488,0.6,638.762608777252,645.3896491111,0.3,0.348837209302326,837.258064508438
557,2,0.3,0.05,1,13500,150000,0.3,0.6,100,302.096863661137,308.862981536381,6.76611787524452,24.8408509935343,0.57,644.305516872604,651.071634747849,0.3,0.379746835443038,859.023469209671
558,2,0.4,0.05,1,13500,150000,0.3,0.6,100,301.284630462282,308.023481816316,6.73885135403434,23.9614990112678,0.57,647.389093621073,654.127944975107,0.3,0.416666666666667,832.02725982666
559,2,0.5,0.05,1,13500,150000,0.3,0.6,100,300.574832691248,319.091382796755,18.5165501055064,26.2848659850718,0.77,643.366394924462,661.882945029969,0.3,0.461538461538462,745.362687110901
560,2,0.1,0.1,1,13500,150000,0.3,0.6,100,308.898194684649,309.628441418263,0.730246733613894,24.1559338487207,0.45,655.067333829585,655.797580563199,0.3,0.32258064516129,754.461935758591
561,2,0.2,0.1,1,13500,150000,0.3,0.6,100,292.303838380096,297.897753100876,5.59391472077999,24.6539977912655,0.58,638.803531346976,644.397446067756,0.3,0.348837209302326,754.292347192764
562,2,0.3,0.1,1,13500,150000,0.3,0.6,100,297.659824994283,311.622159091202,13.9623340969181,28.0944633943156,0.64,639.951987129822,653.91432122674,0.3,0.379746835443038,789.782121896744
563,2,0.4,0.1,1,13500,150000,0.3,0.6,100,305.261080631483,323.211280717279,17.9502000857962,30.2528952508923,0.67,651.067044569914,669.01724465571,0.3,0.416666666666667,768.916518211365
564,2,0.5,0.1,1,13500,150000,0.3,0.6,100,294.311650306057,309.173430472391,14.8617801663342,27.335404940105,0.69,644.30717336008,659.168953526414,0.3,0.461538461538462,735.984830856323
565,2,0.1,0.2,1,13500,150000,0.3,0.6,100,298.436388301673,303.19938957147,4.76300126979684,25.3976944057751,0.62,639.524091295057,644.287092564854,0.3,0.32258064516129,757.053285837174
566,2,0.2,0.2,1,13500,150000,0.3,0.6,100,299.929751856951,304.929848271847,5.00009641489542,24.5311335108955,0.6,648.147935931398,653.148032346293,0.3,0.348837209302326,744.518166542053
567,2,0.3,0.2,1,13500,150000,0.3,0.6,100,293.454012147146,301.333834974766,7.87982282762039,24.1012856795087,0.64,639.987975014466,647.867797842086,0.3,0.379746835443038,743.952071905136
568,2,0.4,0.2,1,13500,150000,0.3,0.6,100,304.133417621777,317.220362765703,13.0869451439262,23.8970621847714,0.7,651.71206344455,664.799008588476,0.3,0.416666666666667,861.927200078964
569,2,0.5,0.2,1,13500,150000,0.3,0.6,100,296.242855293494,311.410907418967,15.1680521254732,27.0522741543271,0.73,641.452394286502,656.620446411975,0.3,0.461538461538462,861.556354522705
570,2,0.1,0.05,2,13500,150000,0.3,0.6,100,300.389238727751,300.324395859396,-0.0648428683542306,22.8320417160836,0.53,639.873063276128,639.808220407773,0.3,0.32258064516129,824.782990694046
571,2,0.2,0.05,2,13500,150000,0.3,0.6,100,301.60386633784,305.64598085477,4.0421145169298,25.4046586175119,0.5,646.295210243542,650.337324760472,0.3,0.348837209302326,745.724072217941
572,2,0.3,0.05,2,13500,150000,0.3,0.6,100,305.321983127142,312.391371909389,7.06938878224669,26.3883494796187,0.6,650.199804441103,657.26919322335,0.3,0.379746835443038,756.349341392517
573,2,0.4,0.05,2,13500,150000,0.3,0.6,100,300.422867624675,314.135010154964,13.7121425302887,26.7570831928579,0.67,642.616799720468,656.328942250757,0.3,0.416666666666667,756.659163713455
574,2,0.5,0.05,2,13500,150000,0.3,0.6,100,304.970848319405,315.873648752813,10.9028004334078,23.6534467124653,0.63,651.649662352625,662.552462786033,0.3,0.461538461538462,792.897056818009
575,2,0.1,0.1,2,13500,150000,0.3,0.6,100,298.796429385217,305.776827817569,6.98039843235232,26.2718345268835,0.6,642.783734519333,649.764132951685,0.3,0.32258064516129,772.897499322891
576,2,0.2,0.1,2,13500,150000,0.3,0.6,100,303.167262872086,309.810468658044,6.64320578595801,24.7650882358189,0.59,646.353135558168,652.996341344126,0.3,0.348837209302326,735.891062259674
577,2,0.3,0.1,2,13500,150000,0.3,0.6,100,295.728154938564,304.258077093582,8.52992215501776,26.7765673090848,0.54,636.319926914438,644.849849069456,0.3,0.379746835443038,736.492690563202
578,2,0.4,0.1,2,13500,150000,0.3,0.6,100,297.947956595483,312.326081338413,14.3781247429305,28.9874826693537,0.72,643.826931822916,658.205056565846,0.3,0.416666666666667,736.366436958313
579,2,0.5,0.1,2,13500,150000,0.3,0.6,100,309.153569777349,324.933810342892,15.7802405655423,28.5290459621827,0.74,649.421154929853,665.201395495396,0.3,0.461538461538462,738.675766468048
580,2,0.1,0.2,2,13500,150000,0.3,0.6,100,305.622262268828,309.266047226235,3.64378495740755,25.479825097959,0.51,652.328694392821,655.972479350229,0.3,0.32258064516129,823.628911495209
581,2,0.2,0.2,2,13500,150000,0.3,0.6,100,286.962366990734,292.624037871923,5.661670881189,27.159567799621,0.54,635.18297168242,640.844642563609,0.3,0.348837209302326,818.441249370575
582,2,0.3,0.2,2,13500,150000,0.3,0.6,100,285.230758387622,294.165373461271,8.93461507364958,25.6771497328904,0.65,636.633256967511,645.567872041161,0.3,0.379746835443038,812.359405994415
583,2,0.4,0.2,2,13500,150000,0.3,0.6,100,302.922789103544,317.72050764951,14.7977185459662,25.4680506771782,0.7,653.578787424154,668.37650597012,0.3,0.416666666666667,744.657709121704
584,2,0.5,0.2,2,13500,150000,0.3,0.6,100,306.09200800695,322.381540614749,16.2895326077991,21.7561362583736,0.77,654.997548991471,671.28708159927,0.3,0.461538461538462,743.719574689865
585,2,0.1,0.05,3,13500,150000,0.3,0.6,100,305.67614946905,307.330428024986,1.65427855593583,22.2610951906815,0.53,646.329530666208,647.983809222144,0.3,0.32258064516129,737.139224767685
586,2,0.2,0.05,3,13500,150000,0.3,0.6,100,308.455706486855,314.932900867371,6.47719438051649,24.3908237878299,0.62,651.78907789788,658.266272278396,0.3,0.348837209302326,775.787652254105
587,2,0.3,0.05,3,13500,150000,0.3,0.6,100,291.625230043786,300.678079146788,9.05284910300265,23.9607578941234,0.67,640.76494806695,649.817797169953,0.3,0.379746835443038,753.92210650444
588,2,0.4,0.05,3,13500,150000,0.3,0.6,100,294.102436530729,304.615865295832,10.5134287651026,22.1960732175771,0.65,636.590037434993,647.103466200096,0.3,0.416666666666667,734.862090587616
589,2,0.5,0.05,3,13500,150000,0.3,0.6,100,294.863059538058,308.350340246405,13.4872807083467,26.9989208220475,0.65,638.421802734775,651.909083443122,0.3,0.461538461538462,736.120135307312
590,2,0.1,0.1,3,13500,150000,0.3,0.6,100,292.686036636205,300.257641515559,7.5716048793543,25.2303623798699,0.59,637.654073428577,645.225678307932,0.3,0.32258064516129,737.473562240601
591,2,0.2,0.1,3,13500,150000,0.3,0.6,100,307.253751511137,311.598720894594,4.34496938345646,26.3943483515878,0.52,649.326901069833,653.671870453289,0.3,0.348837209302326,736.514793395996
592,2,0.3,0.1,3,13500,150000,0.3,0.6,100,295.012908924351,305.070512387378,10.0576034630276,26.6679855460276,0.63,637.173274289165,647.230877752193,0.3,0.379746835443038,829.216541290283
593,2,0.4,0.1,3,13500,150000,0.3,0.6,100,301.504894830826,320.45485235843,18.9499575276042,24.0795937573188,0.81,642.080814246278,661.030771773882,0.3,0.416666666666667,818.881881475449
594,2,0.5,0.1,3,13500,150000,0.3,0.6,100,302.447939532898,319.135595127298,16.6876555943995,27.2838610762568,0.72,651.079786153224,667.767441747624,0.3,0.461538461538462,814.29776263237
595,2,0.1,0.2,3,13500,150000,0.3,0.6,100,297.559272833341,300.019235137627,2.45996230428572,25.4678921951919,0.54,646.922222099743,649.382184404029,0.3,0.32258064516129,743.952712059021
596,2,0.2,0.2,3,13500,150000,0.3,0.6,100,301.225649302546,306.35909167466,5.13344237211387,24.7878566413053,0.61,646.719390121226,651.85283249334,0.3,0.348837209302326,745.515919923782
597,2,0.3,0.2,3,13500,150000,0.3,0.6,100,304.278184966178,314.491253017426,10.2130680512475,27.6441222572881,0.65,644.891641021597,655.104709072844,0.3,0.379746835443038,737.772531032562
598,2,0.4,0.2,3,13500,150000,0.3,0.6,100,295.713373246417,312.989353662606,17.2759804161888,25.7472068940845,0.74,639.37627284407,656.652253260259,0.3,0.416666666666667,770.659799098969
599,2,0.5,0.2,3,13500,150000,0.3,0.6,100,297.915448635004,312.358346270797,14.4428976357934,25.8643600157621,0.69,638.493131748976,652.936029384769,0.3,0.461538461538462,760.415432929993
600,2,0.1,0.05,0,17000,150000,0.3,0.6,100,300.798377594536,304.164042573133,3.36566497859681,21.372688129953,0.53,645.665260025714,649.030925004311,0.3,0.32258064516129,739.652372598648
601,2,0.2,0.05,0,17000,150000,0.3,0.6,100,303.194195540995,307.618057933975,4.42386239297935,19.9639100952562,0.57,649.324248990585,653.748111383564,0.3,0.348837209302326,743.327830553055
602,2,0.3,0.05,0,17000,150000,0.3,0.6,100,298.259985944956,308.198713019888,9.93872707493195,25.2544242624144,0.63,643.689223348449,653.627950423381,0.3,0.379746835443038,739.134781360626
603,2,0.4,0.05,0,17000,150000,0.3,0.6,100,294.837147842639,308.843003474765,14.0058556321256,25.8173992855783,0.7,639.343996130394,653.34985176252,0.3,0.416666666666667,742.005503892899
604,2,0.5,0.05,0,17000,150000,0.3,0.6,100,297.925831667216,308.104313101259,10.1784814340425,23.7362632153787,0.67,646.27759861665,656.456080050693,0.3,0.461538461538462,828.404612541199
605,2,0.1,0.1,0,17000,150000,0.3,0.6,100,300.867553685241,304.143939645764,3.27638596052283,22.3514381978941,0.58,644.526096433907,647.80248239443,0.3,0.32258064516129,825.614000320435
606,2,0.2,0.1,0,17000,150000,0.3,0.6,100,304.417307789321,312.341831171963,7.92452338264198,25.4255605599642,0.62,651.277818380311,659.202341762953,0.3,0.348837209302326,816.226085186005
607,2,0.3,0.1,0,17000,150000,0.3,0.6,100,297.479955008012,307.767319932518,10.2873649245068,25.9135500629092,0.67,642.921310549585,653.208675474092,0.3,0.379746835443038,749.670785903931
608,2,0.4,0.1,0,17000,150000,0.3,0.6,100,302.504268546732,321.907750325375,19.4034817786423,26.228126777474,0.78,644.353372836844,663.756854615486,0.3,0.416666666666667,749.862646341324
609,2,0.5,0.1,0,17000,150000,0.3,0.6,100,298.878856667388,313.7027423171,14.8238856497116,26.9653760799891,0.68,644.397536467413,659.221422117125,0.3,0.461538461538462,740.206259012222
610,2,0.1,0.2,0,17000,150000,0.3,0.6,100,308.703772397241,311.009478924518,2.30570652727663,26.5906783498822,0.5,649.349962463554,651.655668990831,0.3,0.32258064516129,786.057246923447
611,2,0.2,0.2,0,17000,150000,0.3,0.6,100,288.356100684992,297.582638658654,9.2265379736617,26.0641084644712,0.6,632.84976375216,642.076301725821,0.3,0.348837209302326,753.652867555618
612,2,0.3,0.2,0,17000,150000,0.3,0.6,100,297.463085998289,303.047872547353,5.58478654906353,24.8643207182441,0.6,644.498330288337,650.083116837401,0.3,0.379746835443038,736.501332998276
613,2,0.4,0.2,0,17000,150000,0.3,0.6,100,296.180255370198,310.227178319863,14.0469229496653,25.5432612054785,0.71,643.675842648157,657.722765597822,0.3,0.416666666666667,748.747021913528
614,2,0.5,0.2,0,17000,150000,0.3,0.6,100,298.848448027417,317.769998110727,18.9215500833098,26.645638884453,0.75,644.359184176156,663.280734259466,0.3,0.461538461538462,735.891381502152
615,2,0.1,0.05,1,17000,150000,0.3,0.6,100,293.721258863833,296.09243454508,2.37117568124752,23.0168702081236,0.53,640.448043138545,642.819218819793,0.3,0.32258064516129,740.48131608963
616,2,0.2,0.05,1,17000,150000,0.3,0.6,100,291.050441057263,299.006533255602,7.95609219833905,21.3294663647174,0.63,637.305056973767,645.261149172106,0.3,0.348837209302326,831.554866313934
617,2,0.3,0.05,1,17000,150000,0.3,0.6,100,308.717206312952,317.283391924386,8.56618561143463,25.9716177644697,0.62,650.940365017043,659.506550628478,0.3,0.379746835443038,822.338146924973
618,2,0.4,0.05,1,17000,150000,0.3,0.6,100,299.286544994528,310.955114675191,11.6685696806629,26.393498685733,0.68,644.31460634877,655.983176029433,0.3,0.416666666666667,817.616341590881
619,2,0.5,0.05,1,17000,150000,0.3,0.6,100,293.812092628003,307.706144149438,13.8940515214343,20.3282183885937,0.77,640.71017537211,654.604226893545,0.3,0.461538461538462,750.663435935974
620,2,0.1,0.1,1,17000,150000,0.3,0.6,100,306.980148445364,313.396502621346,6.41635417598239,27.0021952687695,0.53,654.702479673318,661.118833849301,0.3,0.32258064516129,748.066380023956
621,2,0.2,0.1,1,17000,150000,0.3,0.6,100,294.817320060941,298.488840035162,3.6715199742203,26.1754583972772,0.56,639.104726590838,642.776246565058,0.3,0.348837209302326,741.758495092392
622,2,0.3,0.1,1,17000,150000,0.3,0.6,100,294.931978760577,305.591210051569,10.6592312909921,25.7473736381934,0.6,642.342641477307,653.001872768299,0.3,0.379746835443038,930.87505531311
623,2,0.4,0.1,1,17000,150000,0.3,0.6,100,291.353011087105,304.626680140266,13.2736690531606,27.592429631487,0.69,638.921484586139,652.1951536393,0.3,0.416666666666667,766.460682868958
624,2,0.5,0.1,1,17000,150000,0.3,0.6,100,288.643788037406,303.890928115679,15.247140078273,29.7622421017725,0.71,635.669932718557,650.91707279683,0.3,0.461538461538462,741.071909189224
625,2,0.1,0.2,1,17000,150000,0.3,0.6,100,302.403912932582,308.538731512048,6.1348185794668,28.1686692819671,0.55,646.687159892554,652.821978472021,0.3,0.32258064516129,751.777801990509
626,2,0.2,0.2,1,17000,150000,0.3,0.6,100,303.441177704086,309.011763361602,5.57058565751613,26.0244152599181,0.56,646.724308157087,652.294893814603,0.3,0.348837209302326,739.434165000916
627,2,0.3,0.2,1,17000,150000,0.3,0.6,100,304.602554585363,316.460701922393,11.8581473370302,23.7175434305233,0.75,647.707983906725,659.566131243755,0.3,0.379746835443038,738.137434482575
628,2,0.4,0.2,1,17000,150000,0.3,0.6,100,293.893712391376,307.661456674668,13.7677442832926,26.1656249462544,0.71,642.20773884965,655.975483132942,0.3,0.416666666666667,822.999568939209
629,2,0.5,0.2,1,17000,150000,0.3,0.6,100,299.079363491725,311.38997763546,12.3106141437348,23.2875712005759,0.66,647.160822450983,659.471436594718,0.3,0.461538461538462,819.50790476799
630,2,0.1,0.05,2,17000,150000,0.3,0.6,100,302.072805245068,304.001074498067,1.92826925299868,21.3776719683508,0.48,642.209643499151,644.137912752149,0.3,0.32258064516129,819.046550989151
631,2,0.2,0.05,2,17000,150000,0.3,0.6,100,297.422985845922,306.468548436116,9.0455625901946,23.3232402531238,0.62,642.440856725949,651.486419316143,0.3,0.348837209302326,748.230438470841
632,2,0.3,0.05,2,17000,150000,0.3,0.6,100,284.792973527806,294.062910436663,9.2699369088563,18.7964062037397,0.65,635.567752636684,644.83768954554,0.3,0.379746835443038,746.233688354492
633,2,0.4,0.05,2,17000,150000,0.3,0.6,100,300.693538597412,312.935149397757,12.2416108003456,20.5566463883216,0.71,645.439707116943,657.681317917288,0.3,0.416666666666667,741.548552513123
634,2,0.5,0.05,2,17000,150000,0.3,0.6,100,303.071873634275,318.543496838787,15.4716232045126,20.9320781534506,0.74,649.046232922041,664.517856126554,0.3,0.461538461538462,784.145533561707
635,2,0.1,0.1,2,17000,150000,0.3,0.6,100,296.144876572283,300.532019160096,4.38714258781284,23.2525813650947,0.55,643.016378746054,647.403521333867,0.3,0.32258064516129,762.449879646301
636,2,0.2,0.1,2,17000,150000,0.3,0.6,100,304.3852419339,308.759654076656,4.37441214275568,28.9621774204981,0.49,647.142721583017,651.517133725773,0.3,0.348837209302326,740.900789737701
637,2,0.3,0.1,2,17000,150000,0.3,0.6,100,280.258699451878,292.518274287401,12.2595748355222,23.6357458981278,0.68,628.295501689386,640.555076524909,0.3,0.379746835443038,749.184104204178
638,2,0.4,0.1,2,17000,150000,0.3,0.6,100,295.188586583587,308.291275990648,13.1026894070605,25.6430231809739,0.7,639.66403922517,652.76672863223,0.3,0.416666666666667,741.983666419983
639,2,0.5,0.1,2,17000,150000,0.3,0.6,100,305.685951504823,323.234197583103,17.5482460782802,22.4630099045638,0.76,652.032170377629,669.58041645591,0.3,0.461538461538462,741.858877420425
640,2,0.1,0.2,2,17000,150000,0.3,0.6,100,298.391622144823,296.991741741979,-1.39988040284396,22.4714411260364,0.49,643.681581300136,642.281700897292,0.3,0.32258064516129,832.149437427521
641,2,0.2,0.2,2,17000,150000,0.3,0.6,100,302.786437686598,304.432193016916,1.6457553303181,24.2804628611041,0.49,649.352855415892,650.99861074621,0.3,0.348837209302326,825.302770137787
642,2,0.3,0.2,2,17000,150000,0.3,0.6,100,306.195646238109,315.142856172232,8.9472099341233,24.3494750435489,0.64,650.32339236464,659.270602298763,0.3,0.379746835443038,812.995213747025
643,2,0.4,0.2,2,17000,150000,0.3,0.6,100,304.47965365278,318.367615808192,13.8879621554121,25.1469005173064,0.69,646.507171099773,660.395133255185,0.3,0.416666666666667,749.231877326965
644,2,0.5,0.2,2,17000,150000,0.3,0.6,100,302.907710539892,319.930619642262,17.0229091023696,26.6639338083709,0.75,645.269464836513,662.292373938883,0.3,0.461538461538462,747.348862409592
645,2,0.1,0.05,3,17000,150000,0.3,0.6,100,298.980989120986,299.381788741681,0.400799620694995,20.6135353057797,0.52,644.286152984284,644.686952604979,0.3,0.32258064516129,746.231176614761
646,2,0.2,0.05,3,17000,150000,0.3,0.6,100,293.38857048377,299.10108570492,5.71251522115085,21.9664131552337,0.59,643.38773973556,649.100254956711,0.3,0.348837209302326,928.575557947159
647,2,0.3,0.05,3,17000,150000,0.3,0.6,100,305.380871492886,310.637710673792,5.25683918090592,20.0973668788203,0.58,648.135298603174,653.39213778408,0.3,0.379746835443038,762.292934894562
648,2,0.4,0.05,3,17000,150000,0.3,0.6,100,306.414123109305,322.180700028351,15.7665769190462,22.2776056287612,0.78,649.157034525425,664.923611444472,0.3,0.416666666666667,737.758846998215
649,2,0.5,0.05,3,17000,150000,0.3,0.6,100,296.509315927258,315.722755588697,19.2134396614394,22.1079247776288,0.83,635.659026627478,654.872466288918,0.3,0.461538461538462,752.937082767487
650,2,0.1,0.1,3,17000,150000,0.3,0.6,100,306.342070402736,309.481621261231,3.13955085849449,24.9364582660989,0.53,645.21325435636,648.352805214854,0.3,0.32258064516129,740.268110752106
651,2,0.2,0.1,3,17000,150000,0.3,0.6,100,293.223706451289,297.196778657945,3.97307220665555,23.4228232273339,0.58,639.490451583978,643.463523790634,0.3,0.348837209302326,747.085323810577
652,2,0.3,0.1,3,17000,150000,0.3,0.6,100,293.23453309892,305.974844212814,12.7403111138938,22.1757382325626,0.7,638.298566422065,651.038877535959,0.3,0.379746835443038,839.744746208191
653,2,0.4,0.1,3,17000,150000,0.3,0.6,100,284.157993302274,300.266147268595,16.108153966321,26.5232398283704,0.72,631.995491009663,648.103644975984,0.3,0.416666666666667,834.209836959839
654,2,0.5,0.1,3,17000,150000,0.3,0.6,100,296.978858886375,313.199912398429,16.2210535120548,28.5034048566072,0.73,646.631444321167,662.852497833222,0.3,0.461538461538462,816.823741197586
655,2,0.1,0.2,3,17000,150000,0.3,0.6,100,307.71155891605,315.966268820717,8.25470990466709,25.5283245671085,0.66,656.354128930109,664.608838834777,0.3,0.32258064516129,746.874688625336
656,2,0.2,0.2,3,17000,150000,0.3,0.6,100,292.042103483006,301.431869049772,9.38976556676614,24.2149142713305,0.72,633.895479185493,643.285244752259,0.3,0.348837209302326,745.485222578049
657,2,0.3,0.2,3,17000,150000,0.3,0.6,100,303.072349043526,311.436936382682,8.36458733915629,25.6241461595672,0.58,649.042331437762,657.406918776918,0.3,0.379746835443038,751.965687513351
658,2,0.4,0.2,3,17000,150000,0.3,0.6,100,294.152817609813,305.174244586374,11.0214269765609,28.8346680717839,0.61,640.868621136786,651.890048113347,0.3,0.416666666666667,773.01477098465
659,2,0.5,0.2,3,17000,150000,0.3,0.6,100,306.946286989414,320.934595045914,13.9883080564998,24.7186477253896,0.75,653.329119251335,667.317427307835,0.3,0.461538461538462,751.217329978943
660,2,0.1,0.05,0,20000,150000,0.3,0.6,100,302.096607982922,302.461919955684,0.365311972761442,23.1674066264564,0.51,647.116467902316,647.481779875078,0.3,0.32258064516129,739.109417915344
661,2,0.2,0.05,0,20000,150000,0.3,0.6,100,295.012622329018,300.278996102418,5.26637377339985,20.1846724474075,0.53,636.628584311063,641.894958084463,0.3,0.348837209302326,746.351616859436
662,2,0.3,0.05,0,20000,150000,0.3,0.6,100,300.181686230395,307.558775852176,7.37708962178167,20.0308004105372,0.63,644.772347213924,652.149436835705,0.3,0.379746835443038,736.7431204319
663,2,0.4,0.05,0,20000,150000,0.3,0.6,100,302.949512839284,315.629755177933,12.6802423386492,24.7375734373093,0.72,643.56600383907,656.246246177719,0.3,0.416666666666667,738.840166807175
664,2,0.5,0.05,0,20000,150000,0.3,0.6,100,298.998166706581,313.400491477534,14.4023247709527,23.2459660155048,0.73,645.793698760701,660.196023531654,0.3,0.461538461538462,834.255467891693
665,2,0.1,0.1,0,20000,150000,0.3,0.6,100,300.315746519851,303.412852949349,3.09710642949831,24.3597255379254,0.57,643.759701188103,646.856807617601,0.3,0.32258064516129,831.684259653092
666,2,0.2,0.1,0,20000,150000,0.3,0.6,100,299.143241010223,305.62221086206,6.47896985183651,23.8837808932257,0.55,643.907512341017,650.386482192853,0.3,0.348837209302326,817.012645721436
667,2,0.3,0.1,0,20000,150000,0.3,0.6,100,296.030219234103,304.359762386114,8.32954315201084,20.3255194723854,0.63,638.491428680582,646.820971832593,0.3,0.379746835443038,746.407779216766
668,2,0.4,0.1,0,20000,150000,0.3,0.6,100,293.616984612314,306.81140847212,13.1944238598055,25.926502446593,0.7,640.499204234394,653.693628094199,0.3,0.416666666666667,748.020979404449
669,2,0.5,0.1,0,20000,150000,0.3,0.6,100,310.276293144225,327.876678805894,17.6003856616688,27.9958608670228,0.74,651.278116858848,668.878502520517,0.3,0.461538461538462,753.457512617111
670,2,0.1,0.2,0,20000,150000,0.3,0.6,100,303.01238499797,301.637675457629,-1.37470954034045,21.0543704665834,0.46,645.292438401816,643.917728861475,0.3,0.32258064516129,787.783160686493
671,2,0.2,0.2,0,20000,150000,0.3,0.6,100,300.494335926995,307.417484571282,6.92314864428702,21.7181666124024,0.63,642.416157821962,649.339306466249,0.3,0.348837209302326,760.716231822968
672,2,0.3,0.2,0,20000,150000,0.3,0.6,100,300.223015619221,307.883020737893,7.66000511867209,24.9995638445429,0.63,639.91263637167,647.572641490342,0.3,0.379746835443038,739.195348739624
673,2,0.4,0.2,0,20000,150000,0.3,0.6,100,286.86861252381,299.135046763509,12.2664342396989,24.2778430308865,0.68,633.79306441052,646.059498650218,0.3,0.416666666666667,764.993653059006
674,2,0.5,0.2,0,20000,150000,0.3,0.6,100,295.867301994703,307.879616622078,12.0123146273751,27.1906048929115,0.65,645.311511213336,657.323825840711,0.3,0.461538461538462,739.943266868591
675,2,0.1,0.05,1,20000,150000,0.3,0.6,100,294.198772121799,297.47175325116,3.27298112936112,24.1075730710835,0.53,641.113089642724,644.386070772086,0.3,0.32258064516129,739.783546447754
676,2,0.2,0.05,1,20000,150000,0.3,0.6,100,297.045495905758,302.6420391949,5.59654328914192,25.2401288205596,0.55,643.934920396697,649.531463685839,0.3,0.348837209302326,840.705104589462
677,2,0.3,0.05,1,20000,150000,0.3,0.6,100,297.451426368856,304.721660417616,7.27023404875977,24.4287070964977,0.63,644.360531920371,651.630765969131,0.3,0.379746835443038,827.569013834
678,2,0.4,0.05,1,20000,150000,0.3,0.6,100,293.817886403242,306.809348392748,12.9914619895066,21.8419449495325,0.72,639.127177006156,652.118638995663,0.3,0.416666666666667,814.332165241241
679,2,0.5,0.05,1,20000,150000,0.3,0.6,100,296.992422403298,313.250490292084,16.258067888786,27.3209694218094,0.71,641.90929677977,658.167364668556,0.3,0.461538461538462,747.163003921509
680,2,0.1,0.1,1,20000,150000,0.3,0.6,100,300.017815413814,304.9365252996,4.91870988578583,24.0119159237655,0.59,642.535698223064,647.454408108849,0.3,0.32258064516129,744.97091794014
681,2,0.2,0.1,1,20000,150000,0.3,0.6,100,298.431480923884,306.566559905532,8.13507898164743,24.0735105835946,0.65,643.949750420521,652.084829402168,0.3,0.348837209302326,748.799023151398
682,2,0.3,0.1,1,20000,150000,0.3,0.6,100,300.65319583294,306.273963302115,5.62076746917502,25.3951263071289,0.58,649.810874454226,655.431641923401,0.3,0.379746835443038,786.371932029724
683,2,0.4,0.1,1,20000,150000,0.3,0.6,100,289.856556544344,301.115023597417,11.2584670530728,27.6845235584274,0.63,637.488384206866,648.746851259939,0.3,0.416666666666667,764.862723350525
684,2,0.5,0.1,1,20000,150000,0.3,0.6,100,301.205236946336,315.185141750526,13.97990480419,26.0472760376066,0.64,646.268113149391,660.248017953581,0.3,0.461538461538462,739.126372098923
685,2,0.1,0.2,1,20000,150000,0.3,0.6,100,303.037005872546,305.456015164775,2.4190092922285,20.7856348631718,0.5,649.463730850912,651.882740143141,0.3,0.32258064516129,742.024906158447
686,2,0.2,0.2,1,20000,150000,0.3,0.6,100,308.297050450451,313.853567002492,5.55651655204158,24.1184641778239,0.53,653.698728863589,659.25524541563,0.3,0.348837209302326,739.398414134979
687,2,0.3,0.2,1,20000,150000,0.3,0.6,100,308.502238067173,313.754556888383,5.25231882121,25.0077106115562,0.56,656.50321847669,661.7555372979,0.3,0.379746835443038,741.175867319107
688,2,0.4,0.2,1,20000,150000,0.3,0.6,100,299.93643889098,310.856012931496,10.9195740405154,21.5724744155991,0.67,646.554553412539,657.474127453054,0.3,0.416666666666667,853.71161198616
689,2,0.5,0.2,1,20000,150000,0.3,0.6,100,301.833333855978,315.918782731709,14.0854488757314,23.5651213703198,0.69,650.473009464036,664.558458339768,0.3,0.461538461538462,830.952401161194
690,2,0.1,0.05,2,20000,150000,0.3,0.6,100,301.379465943836,302.216882269446,0.837416325610418,24.7509014425251,0.45,643.918958399599,644.756374725209,0.3,0.32258064516129,818.320140600205
691,2,0.2,0.05,2,20000,150000,0.3,0.6,100,287.425697531036,294.311515520928,6.88581798989203,23.7127274093396,0.64,631.268037472405,638.153855462297,0.3,0.348837209302326,743.284853696823
692,2,0.3,0.05,2,20000,150000,0.3,0.6,100,310.825849703292,313.765164742729,2.93931503943629,24.2252688835785,0.51,655.84605671316,658.785371752596,0.3,0.379746835443038,760.939230442047
693,2,0.4,0.05,2,20000,150000,0.3,0.6,100,298.134148010854,311.413159168652,13.2790111577972,22.5392946025662,0.7,643.910387363265,657.189398521062,0.3,0.416666666666667,744.747421264648
694,2,0.5,0.05,2,20000,150000,0.3,0.6,100,301.871393303989,314.548587150459,12.6771938464698,24.8258165014,0.65,646.234672704569,658.911866551039,0.3,0.461538461538462,788.713002681732
695,2,0.1,0.1,2,20000,150000,0.3,0.6,100,296.13709974637,292.872645432834,-3.26445431353589,24.3306135391362,0.44,642.329468857803,639.065014544267,0.3,0.32258064516129,759.462723731995
696,2,0.2,0.1,2,20000,150000,0.3,0.6,100,292.176961434815,299.470480509549,7.29351907473455,23.8068889378455,0.6,640.449534747462,647.743053822196,0.3,0.348837209302326,745.482085943222
697,2,0.3,0.1,2,20000,150000,0.3,0.6,100,300.342154266801,305.259478260002,4.91732399320071,21.6716873955782,0.55,644.43965059628,649.356974589481,0.3,0.379746835443038,748.029714107513
698,2,0.4,0.1,2,20000,150000,0.3,0.6,100,303.501683058217,316.814588312121,13.3129052539042,24.6840988106981,0.72,650.874278223519,664.187183477423,0.3,0.416666666666667,740.07233786583
699,2,0.5,0.1,2,20000,150000,0.3,0.6,100,296.195074971152,308.57301812512,12.3779431539684,22.315540240793,0.73,640.194886438499,652.572829592467,0.3,0.461538461538462,739.751611709595
700,2,0.1,0.2,2,20000,150000,0.3,0.6,100,293.765850226828,298.715431458213,4.94958123138514,19.4277608339147,0.59,639.413036562206,644.362617793591,0.3,0.32258064516129,830.317558526993
701,2,0.2,0.2,2,20000,150000,0.3,0.6,100,300.708098268599,307.539871096436,6.83177282783679,21.8357970581513,0.63,645.738940436535,652.570713264372,0.3,0.348837209302326,855.134436368942
702,2,0.3,0.2,2,20000,150000,0.3,0.6,100,302.847884654935,310.680277501958,7.83239284702366,20.8174193126097,0.63,648.497149032183,656.329541879206,0.3,0.379746835443038,817.010411262512
703,2,0.4,0.2,2,20000,150000,0.3,0.6,100,310.636933624489,321.678609193706,11.0416755692169,21.5713065375158,0.67,651.945950168772,662.987625737988,0.3,0.416666666666667,741.786437034607
704,2,0.5,0.2,2,20000,150000,0.3,0.6,100,295.691604172995,304.31491141449,8.62330724149478,19.7003085389728,0.64,643.263329930006,651.886637171501,0.3,0.461538461538462,745.775484323502
705,2,0.1,0.05,3,20000,150000,0.3,0.6,100,292.173714045667,292.848958614081,0.675244568414075,24.0953099389949,0.48,641.016913973038,641.692158541452,0.3,0.32258064516129,746.870998382568
706,2,0.2,0.05,3,20000,150000,0.3,0.6,100,292.43089337601,294.643565885427,2.21267250941694,27.8333299681677,0.48,637.58908403425,639.801756543667,0.3,0.348837209302326,772.538367271423
707,2,0.3,0.05,3,20000,150000,0.3,0.6,100,300.343162458856,308.207754697405,7.86459223854963,26.0970047401635,0.58,646.593335120185,654.457927358735,0.3,0.379746835443038,751.178161382675
708,2,0.4,0.05,3,20000,150000,0.3,0.6,100,290.972771256829,301.130102369564,10.1573311127347,23.8909927953393,0.63,640.699136803954,650.856467916688,0.3,0.416666666666667,737.755265474319
709,2,0.5,0.05,3,20000,150000,0.3,0.6,100,301.520686559835,311.562572542996,10.0418859831612,24.9544176531825,0.68,646.47163969563,656.513525678791,0.3,0.461538461538462,761.385939836502
710,2,0.1,0.1,3,20000,150000,0.3,0.6,100,296.397905377296,301.00121235809,4.60330698079398,24.1770811263907,0.58,641.051863731054,645.655170711848,0.3,0.32258064516129,737.900707006455
711,2,0.2,0.1,3,20000,150000,0.3,0.6,100,299.187910352175,306.472255480057,7.28434512788266,22.6578513314952,0.63,644.588856512674,651.873201640556,0.3,0.348837209302326,744.250091791153
712,2,0.3,0.1,3,20000,150000,0.3,0.6,100,296.40744507135,305.097111398951,8.68966632760113,28.297738797074,0.6,641.410473628294,650.100139955895,0.3,0.379746835443038,854.327754735947
713,2,0.4,0.1,3,20000,150000,0.3,0.6,100,290.457073906561,301.843032297381,11.3859583908195,22.6682000436253,0.7,637.807529921013,649.193488311833,0.3,0.416666666666667,850.184178829193
714,2,0.5,0.1,3,20000,150000,0.3,0.6,100,305.416322998772,317.514513923426,12.0981909246539,21.5537579569185,0.64,654.567626660788,666.665817585442,0.3,0.461538461538462,821.714140176773
715,2,0.1,0.2,3,20000,150000,0.3,0.6,100,303.170881014247,304.525309649215,1.35442863496784,20.9649614560527,0.52,645.463050917343,646.817479552311,0.3,0.32258064516129,737.400063991547
716,2,0.2,0.2,3,20000,150000,0.3,0.6,100,295.379782071524,299.840258100061,4.46047602853689,22.5855789722402,0.52,644.348911525624,648.809387554161,0.3,0.348837209302326,763.289325714111
717,2,0.3,0.2,3,20000,150000,0.3,0.6,100,295.735959597186,308.175749241031,12.4397896438452,20.5799926083643,0.74,645.38879759053,657.828587234375,0.3,0.379746835443038,757.872572183609
718,2,0.4,0.2,3,20000,150000,0.3,0.6,100,301.272679824598,314.594158421907,13.3214785973087,23.5195341742318,0.7,647.063859276193,660.385337873501,0.3,0.416666666666667,929.350933790207
719,2,0.5,0.2,3,20000,150000,0.3,0.6,100,291.250796546269,309.820936095981,18.5701395497119,23.2486386019901,0.78,638.784575071173,657.354714620885,0.3,0.461538461538462,762.583092927933
720,2,0.1,0.05,0,3000,200000,0.3,0.6,100,313.200180280248,313.883670933887,0.683490653638885,23.5258152645799,0.57,655.131423338239,655.814913991878,0.3,0.32258064516129,738.731951475143
721,2,0.2,0.05,0,3000,200000,0.3,0.6,100,291.218447159202,300.300627413855,9.08218025465214,26.8884771708341,0.63,639.889084740414,648.971264995066,0.3,0.348837209302326,746.606816768646
722,2,0.3,0.05,0,3000,200000,0.3,0.6,100,292.223285550646,300.509019027978,8.28573347733157,24.2602751988062,0.6,634.497983551815,642.783717029146,0.3,0.379746835443038,737.446466684342
723,2,0.4,0.05,0,3000,200000,0.3,0.6,100,304.022013116994,313.513308124764,9.49129500777045,28.5314749397974,0.65,648.198078908247,657.689373916018,0.3,0.416666666666667,737.187930822373
724,2,0.5,0.05,0,3000,200000,0.3,0.6,100,304.518612668877,314.602362644271,10.0837499753938,24.8679919474737,0.65,647.348997356293,657.432747331687,0.3,0.461538461538462,830.281034469605
725,2,0.1,0.1,0,3000,200000,0.3,0.6,100,295.297398249326,297.752335156432,2.45493690710596,26.1810418685479,0.52,645.83319164655,648.288128553656,0.3,0.32258064516129,824.975183486938
726,2,0.2,0.1,0,3000,200000,0.3,0.6,100,295.761655526233,301.911555508895,6.14989998266251,28.2261638250975,0.57,647.011671076659,653.161571059322,0.3,0.348837209302326,822.532956600189
727,2,0.3,0.1,0,3000,200000,0.3,0.6,100,303.490447848724,311.958392285563,8.46794443683861,23.1650853412858,0.59,649.568499323287,658.036443760125,0.3,0.379746835443038,737.028532981873
728,2,0.4,0.1,0,3000,200000,0.3,0.6,100,297.125936564888,305.09458416781,7.96864760292239,22.5327988918819,0.67,647.861975792233,655.830623395155,0.3,0.416666666666667,826.297697305679
729,2,0.5,0.1,0,3000,200000,0.3,0.6,100,306.848515293138,318.964025277749,12.1155099846113,23.9134062489032,0.68,647.501731808211,659.617241792822,0.3,0.461538461538462,737.801609277725
730,2,0.1,0.2,0,3000,200000,0.3,0.6,100,299.169666784958,305.007825429404,5.83815864444627,22.4551711138301,0.65,645.407799092469,651.245957736916,0.3,0.32258064516129,778.464281558991
731,2,0.2,0.2,0,3000,200000,0.3,0.6,100,308.009148387461,311.280393714882,3.27124532742075,22.4939564622914,0.55,655.871226888737,659.142472216157,0.3,0.348837209302326,757.489028453827
732,2,0.3,0.2,0,3000,200000,0.3,0.6,100,303.247730849633,309.392842093848,6.14511124421541,23.8150323633316,0.57,644.643425226924,650.788536471139,0.3,0.379746835443038,741.296808958054
733,2,0.4,0.2,0,3000,200000,0.3,0.6,100,306.167079619249,314.138537847884,7.97145822863485,20.0371941658649,0.71,652.299444073924,660.270902302559,0.3,0.416666666666667,740.439728975296
734,2,0.5,0.2,0,3000,200000,0.3,0.6,100,305.776655549575,320.46757047985,14.6909149302748,21.602481254229,0.76,648.327643276818,663.018558207093,0.3,0.461538461538462,739.835085630417
735,2,0.1,0.05,1,3000,200000,0.3,0.6,100,291.658951600701,298.528086704429,6.86913510372727,22.8776690429556,0.64,637.898739078129,644.767874181856,0.3,0.32258064516129,738.332678079605
736,2,0.2,0.05,1,3000,200000,0.3,0.6,100,305.860037811379,313.992422283511,8.1323844721315,23.6090354787903,0.62,652.240902270406,660.373286742537,0.3,0.348837209302326,831.662056922913
737,2,0.3,0.05,1,3000,200000,0.3,0.6,100,297.431470776183,306.994720398923,9.56324962274058,21.9422583572286,0.67,640.251311221115,649.814560843856,0.3,0.379746835443038,826.629682779312
738,2,0.4,0.05,1,3000,200000,0.3,0.6,100,300.652565219939,310.983960904778,10.3313956848383,24.0799281898226,0.67,644.808331926934,655.139727611773,0.3,0.416666666666667,818.978322744369
739,2,0.5,0.05,1,3000,200000,0.3,0.6,100,312.463958206185,323.683660320715,11.2197021145293,24.3169813795832,0.62,655.149416449181,666.369118563711,0.3,0.461538461538462,735.880995035172
740,2,0.1,0.1,1,3000,200000,0.3,0.6,100,303.123463155363,303.869495890163,0.746032734800144,27.8759570301976,0.53,650.790743245519,651.536775980319,0.3,0.32258064516129,738.656739473343
741,2,0.2,0.1,1,3000,200000,0.3,0.6,100,306.586817964205,309.696035579655,3.10921761545067,22.5928264590854,0.58,650.419692417331,653.528910032782,0.3,0.348837209302326,734.671098470688
742,2,0.3,0.1,1,3000,200000,0.3,0.6,100,297.049109957795,305.255172012699,8.20606205490392,27.862396187138,0.57,643.552046103846,651.75810815875,0.3,0.379746835443038,774.424025535584
743,2,0.4,0.1,1,3000,200000,0.3,0.6,100,301.090873752517,314.28049451502,13.189620762503,25.4042376626915,0.77,650.068090583664,663.257711346167,0.3,0.416666666666667,755.675845861435
744,2,0.5,0.1,1,3000,200000,0.3,0.6,100,300.481722269973,314.532518660994,14.0507963910205,28.1738814538136,0.64,648.768108536256,662.818904927277,0.3,0.461538461538462,739.037467718124
745,2,0.1,0.2,1,3000,200000,0.3,0.6,100,296.783183829564,299.256534275858,2.47335044629417,22.2712786615118,0.53,645.489240919945,647.962591366239,0.3,0.32258064516129,749.298277616501
746,2,0.2,0.2,1,3000,200000,0.3,0.6,100,308.259621719772,313.506352585359,5.24673086558612,21.4174623783984,0.55,654.300617580429,659.547348446016,0.3,0.348837209302326,741.375487804413
747,2,0.3,0.2,1,3000,200000,0.3,0.6,100,305.103095057842,312.877920662361,7.77482560451942,17.378077240355,0.68,646.801606002451,654.576431606971,0.3,0.379746835443038,746.520763397217
748,2,0.4,0.2,1,3000,200000,0.3,0.6,100,312.023149106459,318.111044404764,6.08789529830522,23.6744434138541,0.62,650.123547998212,656.211443296517,0.3,0.416666666666667,836.315910816193
749,2,0.5,0.2,1,3000,200000,0.3,0.6,100,291.500244381096,308.442797533006,16.9425531519091,21.6847655052718,0.8,636.622940567465,653.565493719375,0.3,0.461538461538462,829.838466882706
750,2,0.1,0.05,2,3000,200000,0.3,0.6,100,303.216920108547,307.256605741305,4.03968563275777,23.0164471302808,0.52,648.187405907532,652.22709154029,0.3,0.32258064516129,820.669741630554
751,2,0.2,0.05,2,3000,200000,0.3,0.6,100,295.113690919031,300.111818817224,4.99812789819326,24.6152461046793,0.54,636.448242457714,641.446370355907,0.3,0.348837209302326,737.509222269058
752,2,0.3,0.05,2,3000,200000,0.3,0.6,100,311.865391265151,317.252047132556,5.38665586740506,24.2308030444068,0.57,657.043868570583,662.430524437988,0.3,0.379746835443038,734.513798713684
753,2,0.4,0.05,2,3000,200000,0.3,0.6,100,299.551561589156,313.363314248434,13.8117526592777,25.3662011082648,0.67,647.6619832546,661.473735913878,0.3,0.416666666666667,739.935863018036
754,2,0.5,0.05,2,3000,200000,0.3,0.6,100,312.645352585041,323.575016428168,10.9296638431277,28.5258195218942,0.63,656.792919018853,667.72258286198,0.3,0.461538461538462,776.467870473862
755,2,0.1,0.1,2,3000,200000,0.3,0.6,100,302.722247314868,307.378471450149,4.65622413528032,21.3538400292736,0.62,650.049563350579,654.705787485859,0.3,0.32258064516129,749.740746021271
756,2,0.2,0.1,2,3000,200000,0.3,0.6,100,297.50154713846,304.324856496948,6.82330935848802,27.2604214800869,0.58,640.468697558951,647.292006917439,0.3,0.348837209302326,734.691938400269
757,2,0.3,0.1,2,3000,200000,0.3,0.6,100,297.589855351424,307.188315114377,9.59845976295284,22.7748998377572,0.66,640.032522144356,649.630981907309,0.3,0.379746835443038,757.606077432633
758,2,0.4,0.1,2,3000,200000,0.3,0.6,100,311.208690124955,319.620044859798,8.41135473484266,24.0066057276182,0.63,651.680369580975,660.091724315818,0.3,0.416666666666667,736.686060190201
759,2,0.5,0.1,2,3000,200000,0.3,0.6,100,299.140116998712,312.002855230081,12.862738231369,28.2967032519249,0.67,643.60546488113,656.468203112499,0.3,0.461538461538462,739.432287216187
760,2,0.1,0.2,2,3000,200000,0.3,0.6,100,293.455426318291,295.871608439176,2.41618212088543,22.295529341988,0.56,643.270822590631,645.687004711517,0.3,0.32258064516129,836.032453298569
761,2,0.2,0.2,2,3000,200000,0.3,0.6,100,309.835934976938,313.630378186109,3.79444320917132,21.981105784484,0.59,650.304926421169,654.09936963034,0.3,0.348837209302326,836.796758890152
762,2,0.3,0.2,2,3000,200000,0.3,0.6,100,305.140114437174,309.185839574964,4.0457251377896,22.9672924844861,0.57,649.254867452267,653.300592590057,0.3,0.379746835443038,822.663281679153
763,2,0.4,0.2,2,3000,200000,0.3,0.6,100,295.518226525796,306.637513332647,11.1192868068508,21.6789184088191,0.71,641.465587844629,652.58487465148,0.3,0.416666666666667,742.093424797058
764,2,0.5,0.2,2,3000,200000,0.3,0.6,100,300.828072220212,317.522945036889,16.6948728166769,26.6551590510463,0.72,647.85382596486,664.548698781537,0.3,0.461538461538462,739.612861394882
765,2,0.1,0.05,3,3000,200000,0.3,0.6,100,293.576263378562,295.650893360347,2.07462998178522,23.9532805459859,0.55,638.516583429007,640.591213410792,0.3,0.32258064516129,735.225925445557
766,2,0.2,0.05,3,3000,200000,0.3,0.6,100,307.327623796584,310.524446724435,3.19682292785069,26.0142336486435,0.44,651.261277498835,654.458100426686,0.3,0.348837209302326,784.754098176956
767,2,0.3,0.05,3,3000,200000,0.3,0.6,100,301.855386897443,306.699675072022,4.84428817457866,25.61916180995,0.53,649.316465218486,654.160753393064,0.3,0.379746835443038,755.929841518402
768,2,0.4,0.05,3,3000,200000,0.3,0.6,100,300.946618814954,312.474480063474,11.5278612485206,23.9121850200343,0.65,644.204292141492,655.732153390012,0.3,0.416666666666667,734.738708734512
769,2,0.5,0.05,3,3000,200000,0.3,0.6,100,314.016977226735,320.300482589013,6.28350536227851,23.6286209278512,0.56,658.569372068359,664.852877430637,0.3,0.461538461538462,738.227184057236
770,2,0.1,0.1,3,3000,200000,0.3,0.6,100,298.118019516771,301.603170036413,3.48515051964202,25.6617911947943,0.53,645.621527669243,649.106678188885,0.3,0.32258064516129,739.528081893921
771,2,0.2,0.1,3,3000,200000,0.3,0.6,100,306.876693947415,307.319672159091,0.442978211676136,24.9584275375081,0.51,652.904819646002,653.347797857678,0.3,0.348837209302326,738.630006313324
772,2,0.3,0.1,3,3000,200000,0.3,0.6,100,318.77657114713,322.935915781927,4.15934463479664,23.9341064546177,0.56,660.823576674764,664.98292130956,0.3,0.379746835443038,831.395087003708
773,2,0.4,0.1,3,3000,200000,0.3,0.6,100,306.974763017812,314.05411796158,7.07935494376711,22.5368840381879,0.63,654.888098162786,661.967453106553,0.3,0.416666666666667,825.11931180954
774,2,0.5,0.1,3,3000,200000,0.3,0.6,100,293.606335539804,304.711920954316,11.1055854145113,27.2611184320091,0.62,640.769160747797,651.874746162308,0.3,0.461538461538462,821.302488803864
775,2,0.1,0.2,3,3000,200000,0.3,0.6,100,307.117057770455,310.803033449088,3.68597567863302,22.2637379543479,0.58,650.414815116175,654.100790794808,0.3,0.32258064516129,740.711739301682
776,2,0.2,0.2,3,3000,200000,0.3,0.6,100,310.074145084683,311.514121906564,1.43997682188114,21.9522781734393,0.5,653.154113010327,654.594089832208,0.3,0.348837209302326,742.810136795044
777,2,0.3,0.2,3,3000,200000,0.3,0.6,100,300.891240019807,309.005672962265,8.11443294245817,22.5866763684217,0.63,648.033126356614,656.147559299072,0.3,0.379746835443038,742.984696626663
778,2,0.4,0.2,3,3000,200000,0.3,0.6,100,296.951490351771,310.125226748463,13.1737363966914,21.9756904204118,0.72,643.203108126017,656.376844522709,0.3,0.416666666666667,777.220823764801
779,2,0.5,0.2,3,3000,200000,0.3,0.6,100,304.97519758412,316.12053890859,11.1453413244694,22.4132203606303,0.66,650.281291953031,661.4266332775,0.3,0.461538461538462,752.016228675842
780,2,0.1,0.05,0,6500,200000,0.3,0.6,100,299.938854101343,299.3291539117,-0.609700189643154,20.5627116197534,0.43,646.903563736204,646.293863546561,0.3,0.32258064516129,735.914925098419
781,2,0.2,0.05,0,6500,200000,0.3,0.6,100,305.567748619389,311.710223890002,6.14247527061325,24.8384742516821,0.62,649.818461352576,655.960936623189,0.3,0.348837209302326,749.119323015213
782,2,0.3,0.05,0,6500,200000,0.3,0.6,100,312.778302986027,318.729819153347,5.95151616731976,26.1228585939137,0.58,652.985513997801,658.937030165121,0.3,0.379746835443038,737.12060379982
783,2,0.4,0.05,0,6500,200000,0.3,0.6,100,302.963036969426,309.531691365263,6.56865439583694,22.3203329906598,0.64,648.194378432553,654.76303282839,0.3,0.416666666666667,737.397114992142
784,2,0.5,0.05,0,6500,200000,0.3,0.6,100,311.94131954544,325.639184439469,13.6978648940291,24.3383776867186,0.7,658.575002491895,672.272867385924,0.3,0.461538461538462,837.453805446625
785,2,0.1,0.1,0,6500,200000,0.3,0.6,100,294.451899603453,294.402220221536,-0.0496793819164691,19.9922343198777,0.49,644.371817432932,644.322138051015,0.3,0.32258064516129,824.072038650513
786,2,0.2,0.1,0,6500,200000,0.3,0.6,100,304.444213666472,308.100192634032,3.65597896756068,21.9651868883014,0.55,648.689357242621,652.345336210182,0.3,0.348837209302326,818.665436029434
787,2,0.3,0.1,0,6500,200000,0.3,0.6,100,296.453439915294,301.364589235378,4.91114932008332,20.1426966362276,0.57,641.656269897427,646.56741921751,0.3,0.379746835443038,741.113042831421
788,2,0.4,0.1,0,6500,200000,0.3,0.6,100,309.164184731005,317.451077607036,8.28689287603137,19.7586617093289,0.67,653.897257460383,662.184150336414,0.3,0.416666666666667,738.184016704559
789,2,0.5,0.1,0,6500,200000,0.3,0.6,100,297.101877809084,306.705893482097,9.60401567301295,20.3673414054308,0.67,643.82421911933,653.428234792343,0.3,0.461538461538462,736.368753671646
790,2,0.1,0.2,0,6500,200000,0.3,0.6,100,301.01861669549,303.169763266629,2.15114657113964,27.0745233936227,0.52,643.651387258501,645.80253382964,0.3,0.32258064516129,787.51033949852
791,2,0.2,0.2,0,6500,200000,0.3,0.6,100,299.011513469765,303.862838025073,4.85132455530752,22.6479807001485,0.59,647.664123754148,652.515448309456,0.3,0.348837209302326,752.058500528336
792,2,0.3,0.2,0,6500,200000,0.3,0.6,100,304.508324744243,311.646621370798,7.13829662655538,23.9464617630362,0.56,651.993930863809,659.132227490364,0.3,0.379746835443038,741.919156551361
793,2,0.4,0.2,0,6500,200000,0.3,0.6,100,309.043342909836,313.731258419851,4.68791551001505,22.04154127013,0.61,653.534180556617,658.222096066632,0.3,0.416666666666667,745.45765042305
794,2,0.5,0.2,0,6500,200000,0.3,0.6,100,301.065058851783,311.458428714366,10.3933698625828,25.1395311471137,0.63,646.402147301598,656.79551716418,0.3,0.461538461538462,736.18402004242
795,2,0.1,0.05,1,6500,200000,0.3,0.6,100,293.450788173533,291.811627427858,-1.63916074567492,23.3268407272922,0.41,641.091340100342,639.452179354667,0.3,0.32258064516129,738.854006767273
796,2,0.2,0.05,1,6500,200000,0.3,0.6,100,299.494005507466,301.915977550294,2.42197204282805,23.3327197172091,0.51,648.419707268589,650.841679311417,0.3,0.348837209302326,837.232946395874
797,2,0.3,0.05,1,6500,200000,0.3,0.6,100,301.933192066595,307.855864686631,5.92267262003599,21.6509254578534,0.64,649.467881187295,655.390553807331,0.3,0.379746835443038,833.571104764938
798,2,0.4,0.05,1,6500,200000,0.3,0.6,100,300.273153609614,311.54974273793,11.2765891283165,26.970578341689,0.68,648.23098832629,659.507577454606,0.3,0.416666666666667,816.561462163925
799,2,0.5,0.05,1,6500,200000,0.3,0.6,100,301.154114325961,312.196488141873,11.0423738159124,23.1298777958146,0.65,648.085290978519,659.127664794431,0.3,0.461538461538462,739.757981300354
800,2,0.1,0.1,1,6500,200000,0.3,0.6,100,304.083510849515,303.522094308949,-0.561416540565622,22.9616481681833,0.47,652.10957076498,651.548154224414,0.3,0.32258064516129,739.534082174301
801,2,0.2,0.1,1,6500,200000,0.3,0.6,100,302.601297241143,308.106960947448,5.5056637063056,20.304079096153,0.63,650.79433772085,656.300001427156,0.3,0.348837209302326,739.257565259933
802,2,0.3,0.1,1,6500,200000,0.3,0.6,100,296.801122884346,302.396095869292,5.59497298494633,23.2201151163939,0.58,640.453924743162,646.048897728108,0.3,0.379746835443038,787.943339109421
803,2,0.4,0.1,1,6500,200000,0.3,0.6,100,299.148792151796,312.117410039191,12.9686178873941,22.3865655751825,0.69,643.515401222684,656.484019110078,0.3,0.416666666666667,756.567153215408
804,2,0.5,0.1,1,6500,200000,0.3,0.6,100,297.411028862323,315.529001423041,18.1179725607174,21.0114078943779,0.78,646.643002664033,664.76097522475,0.3,0.461538461538462,738.653534889221
805,2,0.1,0.2,1,6500,200000,0.3,0.6,100,311.134839635217,311.520240525279,0.385400890062379,24.7428206157326,0.51,653.274528670176,653.659929560238,0.3,0.32258064516129,735.569808244705
806,2,0.2,0.2,1,6500,200000,0.3,0.6,100,309.160287020688,315.31608270626,6.15579568557147,24.4948095969938,0.52,650.211889077238,656.367684762809,0.3,0.348837209302326,740.38165473938
807,2,0.3,0.2,1,6500,200000,0.3,0.6,100,298.047047516689,303.857820859651,5.81077334296155,23.8160028063462,0.54,650.788476953115,656.599250296076,0.3,0.379746835443038,739.311999082565
808,2,0.4,0.2,1,6500,200000,0.3,0.6,100,304.308101964976,311.060100858337,6.75199889336143,22.1572320486774,0.56,648.778806712186,655.530805605548,0.3,0.416666666666667,837.393527984619
809,2,0.5,0.2,1,6500,200000,0.3,0.6,100,312.02417048229,325.893795749729,13.8696252674395,24.5801835784997,0.74,658.494726143432,672.364351410872,0.3,0.461538461538462,831.833617925644
810,2,0.1,0.05,2,6500,200000,0.3,0.6,100,305.605979883833,305.297983527137,-0.30799635669616,27.8298633021466,0.48,656.838237373863,656.530241017166,0.3,0.32258064516129,822.437633275986
811,2,0.2,0.05,2,6500,200000,0.3,0.6,100,296.917944095129,299.992537303005,3.07459320787511,23.1287838481452,0.58,646.065770019129,649.140363227004,0.3,0.348837209302326,739.394085407257
812,2,0.3,0.05,2,6500,200000,0.3,0.6,100,300.748688665811,307.100191936231,6.35150327042027,23.593796076447,0.54,647.239380394987,653.590883665408,0.3,0.379746835443038,738.150014638901
813,2,0.4,0.05,2,6500,200000,0.3,0.6,100,299.110684376812,309.101444429761,9.99076005294919,22.9777365185468,0.66,640.828202341796,650.818962394745,0.3,0.416666666666667,738.304221868515
814,2,0.5,0.05,2,6500,200000,0.3,0.6,100,293.473561961586,309.0854572963,15.6118953347133,25.6598284344707,0.72,639.755866090872,655.367761425585,0.3,0.461538461538462,789.105177640915
815,2,0.1,0.1,2,6500,200000,0.3,0.6,100,297.605861754333,301.687728496912,4.08186674257982,22.8151942927281,0.6,645.228270755248,649.310137497828,0.3,0.32258064516129,755.803134441376
816,2,0.2,0.1,2,6500,200000,0.3,0.6,100,305.780556363995,308.039134172752,2.25857780875732,21.7668183168502,0.54,653.230638231898,655.489216040655,0.3,0.348837209302326,738.031988620758
817,2,0.3,0.1,2,6500,200000,0.3,0.6,100,295.440874882677,302.705339614603,7.2644647319253,19.780340570073,0.62,639.86357773567,647.128042467595,0.3,0.379746835443038,747.345670461655
818,2,0.4,0.1,2,6500,200000,0.3,0.6,100,304.319824902097,314.598466498725,10.278641596628,22.492579219951,0.63,651.356844952408,661.635486549036,0.3,0.416666666666667,737.041517019272
819,2,0.5,0.1,2,6500,200000,0.3,0.6,100,303.0665270187,317.935328331935,14.8688013132351,22.0866067238677,0.75,646.058540650204,660.927341963439,0.3,0.461538461538462,739.448098421097
820,2,0.1,0.2,2,6500,200000,0.3,0.6,100,303.021085869413,305.871800126785,2.85071425737232,26.4146436972049,0.51,652.846825894548,655.69754015192,0.3,0.32258064516129,841.77575969696
821,2,0.2,0.2,2,6500,200000,0.3,0.6,100,301.920164622239,308.298151403796,6.37798678155683,26.496724493927,0.53,644.829663751506,651.207650533063,0.3,0.348837209302326,835.42316198349
822,2,0.3,0.2,2,6500,200000,0.3,0.6,100,299.90702837055,304.543854098183,4.63682572763265,23.9414729560155,0.59,647.698211626178,652.33503735381,0.3,0.379746835443038,822.543590307236
823,2,0.4,0.2,2,6500,200000,0.3,0.6,100,306.90503294046,318.938666230652,12.0336332901921,21.6766070320238,0.71,648.095374891823,660.129008182015,0.3,0.416666666666667,739.195716381073
824,2,0.5,0.2,2,6500,200000,0.3,0.6,100,309.00213508249,321.819071927187,12.816936844697,25.1851256142886,0.65,655.360531032873,668.17746787757,0.3,0.461538461538462,737.343439340592
825,2,0.1,0.05,3,6500,200000,0.3,0.6,100,302.816193694202,306.455177866172,3.63898417197009,22.8787389089031,0.59,649.800335386475,653.439319558445,0.3,0.32258064516129,741.709697961807
826,2,0.2,0.05,3,6500,200000,0.3,0.6,100,318.598088397653,319.208273532159,0.610185134506255,24.1820542604068,0.54,663.519106564971,664.129291699477,0.3,0.348837209302326,791.03378200531
827,2,0.3,0.05,3,6500,200000,0.3,0.6,100,295.352736811178,303.981356564459,8.62861975328039,27.1130774180129,0.57,640.976715793155,649.605335546435,0.3,0.379746835443038,749.961537361145
828,2,0.4,0.05,3,6500,200000,0.3,0.6,100,304.343214328335,312.088255729317,7.74504140098203,23.6431035197833,0.6,648.063363720496,655.808405121478,0.3,0.416666666666667,733.975691318512
829,2,0.5,0.05,3,6500,200000,0.3,0.6,100,309.274352522499,318.112343395451,8.83799087295262,23.6537548309131,0.65,654.700340319004,663.538331191957,0.3,0.461538461538462,743.187025070191
830,2,0.1,0.1,3,6500,200000,0.3,0.6,100,300.961095966656,305.606109905477,4.64501393882023,21.1358417907302,0.54,648.388735469332,653.033749408152,0.3,0.32258064516129,736.822700500488
831,2,0.2,0.1,3,6500,200000,0.3,0.6,100,298.512266543654,304.043961636958,5.5316950933033,17.9624514196874,0.59,641.049361902654,646.581056995957,0.3,0.348837209302326,737.331151008606
832,2,0.3,0.1,3,6500,200000,0.3,0.6,100,300.897239972736,311.058663159538,10.1614231868024,21.2052032802447,0.65,644.222731261854,654.384154448657,0.3,0.379746835443038,830.752519607544
833,2,0.4,0.1,3,6500,200000,0.3,0.6,100,303.727955746291,314.510827109186,10.7828713628946,27.8739314227792,0.64,647.448518052381,658.231389415276,0.3,0.416666666666667,853.911460876465
834,2,0.5,0.1,3,6500,200000,0.3,0.6,100,308.345571724859,318.824397255696,10.4788255308371,24.1652173612455,0.66,653.506719229126,663.985544759963,0.3,0.461538461538462,822.947177886963
835,2,0.1,0.2,3,6500,200000,0.3,0.6,100,296.611412287906,302.38931260557,5.77790031766388,26.1054480597439,0.56,643.404127178681,649.182027496345,0.3,0.32258064516129,740.251224756241
836,2,0.2,0.2,3,6500,200000,0.3,0.6,100,298.090556970994,303.062120289218,4.97156331822394,22.0827717780925,0.66,642.962394476708,647.933957794932,0.3,0.348837209302326,739.10873913765
837,2,0.3,0.2,3,6500,200000,0.3,0.6,100,306.148777657406,312.051713009393,5.90293535198753,23.6434550227344,0.59,649.468221486193,655.37115683818,0.3,0.379746835443038,736.186706066132
838,2,0.4,0.2,3,6500,200000,0.3,0.6,100,310.28146560522,320.870385912853,10.5889203076323,24.6626785594722,0.66,653.554384459457,664.14330476709,0.3,0.416666666666667,787.186177253723
839,2,0.5,0.2,3,6500,200000,0.3,0.6,100,306.458667523033,316.564717959868,10.106050436835,21.5190588951835,0.62,650.001188538921,660.107238975756,0.3,0.461538461538462,752.953057050705
840,2,0.1,0.05,0,10000,200000,0.3,0.6,100,301.231956145474,305.973770410547,4.74181426507362,22.0995897468743,0.56,646.127964711679,650.869778976753,0.3,0.32258064516129,737.987929821014
841,2,0.2,0.05,0,10000,200000,0.3,0.6,100,306.038829074275,312.518376752461,6.47954767818622,21.6113911681132,0.55,652.310289716761,658.789837394947,0.3,0.348837209302326,744.660938978195
842,2,0.3,0.05,0,10000,200000,0.3,0.6,100,297.679911864619,307.880091006448,10.2001791418296,22.1447910842688,0.66,641.121960759674,651.322139901503,0.3,0.379746835443038,740.173071861267
843,2,0.4,0.05,0,10000,200000,0.3,0.6,100,307.546600347703,317.973633641152,10.4270332934484,19.9406419721876,0.67,646.260579399407,656.687612692856,0.3,0.416666666666667,737.615071296692
844,2,0.5,0.05,0,10000,200000,0.3,0.6,100,306.421369000185,316.659192468791,10.2378234686062,21.165142355022,0.65,647.382308853268,657.620132321875,0.3,0.461538461538462,853.334253787994
845,2,0.1,0.1,0,10000,200000,0.3,0.6,100,305.958281079032,307.103254560419,1.14497348138719,23.7488713704595,0.51,651.885957893277,653.030931374664,0.3,0.32258064516129,852.111273765564
846,2,0.2,0.1,0,10000,200000,0.3,0.6,100,294.042006281825,294.763445819157,0.721439537332078,29.2121883354999,0.55,637.281419637024,638.002859174356,0.3,0.348837209302326,814.252381563187
847,2,0.3,0.1,0,10000,200000,0.3,0.6,100,301.916140852933,310.494764584934,8.57862373200137,20.8024313262559,0.58,650.328595954416,658.907219686418,0.3,0.379746835443038,753.608226776123
848,2,0.4,0.1,0,10000,200000,0.3,0.6,100,298.625224147033,307.713861345265,9.08863719823125,22.2228248318726,0.68,646.323990974677,655.412628172908,0.3,0.416666666666667,736.106220006943
849,2,0.5,0.1,0,10000,200000,0.3,0.6,100,302.322200195053,314.865937094337,12.5437368992839,18.641230222332,0.74,643.770943175746,656.31468007503,0.3,0.461538461538462,733.130794525147
850,2,0.1,0.2,0,10000,200000,0.3,0.6,100,306.993798236881,310.791692415166,3.79789417828517,25.9835220224678,0.56,655.557977763312,659.355871941597,0.3,0.32258064516129,791.557663202286
851,2,0.2,0.2,0,10000,200000,0.3,0.6,100,299.172380894283,302.076732231039,2.90435133675605,25.3138679128543,0.57,645.198695647464,648.10304698422,0.3,0.348837209302326,764.458346366882
852,2,0.3,0.2,0,10000,200000,0.3,0.6,100,296.441673767245,303.636469767566,7.19479600032126,27.8960098735443,0.61,646.204524478284,653.399320478605,0.3,0.379746835443038,737.350923538208
853,2,0.4,0.2,0,10000,200000,0.3,0.6,100,303.004700209731,307.21163298436,4.20693277462909,23.2124057810016,0.6,645.648331730524,649.855264505153,0.3,0.416666666666667,753.010765552521
854,2,0.5,0.2,0,10000,200000,0.3,0.6,100,298.128724179271,312.909965736628,14.7812415573574,24.767578139547,0.76,643.544667729507,658.325909286864,0.3,0.461538461538462,736.792275428772
855,2,0.1,0.05,1,10000,200000,0.3,0.6,100,297.493673333924,300.406881555398,2.91320822147392,22.8009747967183,0.58,644.42938272607,647.342590947544,0.3,0.32258064516129,744.055049419403
856,2,0.2,0.05,1,10000,200000,0.3,0.6,100,301.017527027262,305.884221388348,4.86669436108547,23.3943887730286,0.59,644.420472830419,649.287167191504,0.3,0.348837209302326,852.677924156189
857,2,0.3,0.05,1,10000,200000,0.3,0.6,100,306.28379892667,315.970765188356,9.68696626168672,21.1417631948496,0.69,649.762323317046,659.449289578732,0.3,0.379746835443038,832.36155295372
858,2,0.4,0.05,1,10000,200000,0.3,0.6,100,308.509474670437,313.847321443559,5.33784677312174,23.1360595255959,0.59,652.128690340393,657.466537113515,0.3,0.416666666666667,825.787093639374
859,2,0.5,0.05,1,10000,200000,0.3,0.6,100,319.640054809612,333.191200583663,13.5511457740513,17.5974006652628,0.78,662.084057193665,675.635202967716,0.3,0.461538461538462,754.818251371384
860,2,0.1,0.1,1,10000,200000,0.3,0.6,100,301.391963191062,303.103649361341,1.71168617027898,22.9672975553428,0.52,648.992469785396,650.704155955675,0.3,0.32258064516129,821.098722696304
861,2,0.2,0.1,1,10000,200000,0.3,0.6,100,297.248684395282,300.779458723675,3.53077432839236,24.6160713824134,0.55,639.93128919344,643.462063521832,0.3,0.348837209302326,740.682309865952
862,2,0.3,0.1,1,10000,200000,0.3,0.6,100,305.493344375503,316.520571697862,11.0272273223589,25.9902763505106,0.71,646.959521647798,657.986748970156,0.3,0.379746835443038,776.62140917778
863,2,0.4,0.1,1,10000,200000,0.3,0.6,100,301.909829618036,310.188252439484,8.2784228214477,22.2662246035117,0.64,649.674679132106,657.953101953554,0.3,0.416666666666667,755.161566019058
864,2,0.5,0.1,1,10000,200000,0.3,0.6,100,294.921248390916,308.370936951451,13.4496885605356,23.9367578397752,0.66,638.653648564853,652.103337125389,0.3,0.461538461538462,736.728799581528
865,2,0.1,0.2,1,10000,200000,0.3,0.6,100,294.617486841255,295.745569563538,1.12808272228329,27.0160804730367,0.53,643.469237602753,644.597320325036,0.3,0.32258064516129,732.930289030075
866,2,0.2,0.2,1,10000,200000,0.3,0.6,100,295.350986407018,300.520156419212,5.16917001219339,23.7752963235732,0.67,640.321345724227,645.49051573642,0.3,0.348837209302326,737.356544017792
867,2,0.3,0.2,1,10000,200000,0.3,0.6,100,302.357472763347,308.277678263082,5.92020549973454,29.3344018379029,0.49,652.422122399213,658.342327898948,0.3,0.379746835443038,736.986116886139
868,2,0.4,0.2,1,10000,200000,0.3,0.6,100,300.513099283481,310.691531226854,10.1784319433725,23.5794708584124,0.65,649.612720339883,659.791152283256,0.3,0.416666666666667,830.045162916183
869,2,0.5,0.2,1,10000,200000,0.3,0.6,100,298.30121904688,307.992327515504,9.69110846862402,26.7700562226566,0.6,647.27218676178,656.963295230404,0.3,0.461538461538462,825.116831541062
870,2,0.1,0.05,2,10000,200000,0.3,0.6,100,298.702931455391,300.403756072558,1.70082461716687,20.0038011961261,0.56,648.312035855225,650.012860472392,0.3,0.32258064516129,819.390176534653
871,2,0.2,0.05,2,10000,200000,0.3,0.6,100,296.754026766296,300.991687944891,4.23766117859527,21.6078070815131,0.55,643.611166224311,647.848827402906,0.3,0.348837209302326,753.272388696671
872,2,0.3,0.05,2,10000,200000,0.3,0.6,100,301.492930613899,309.851890660901,8.35896004700227,20.0318282138407,0.64,650.12853791164,658.487497958642,0.3,0.379746835443038,754.871371507645
873,2,0.4,0.05,2,10000,200000,0.3,0.6,100,305.835517884235,312.885907755214,7.0503898709786,20.8674520842607,0.59,651.707396608769,658.757786479748,0.3,0.416666666666667,733.131852149963
874,2,0.5,0.05,2,10000,200000,0.3,0.6,100,306.285727712465,317.688478409026,11.4027506965615,24.6348527364945,0.64,651.980204066732,663.382954763293,0.3,0.461538461538462,779.942785024643
875,2,0.1,0.1,2,10000,200000,0.3,0.6,100,309.927983839548,312.513907225576,2.58592338602722,25.2987649416002,0.5,654.937400840938,657.523324226965,0.3,0.32258064516129,752.289813041687
876,2,0.2,0.1,2,10000,200000,0.3,0.6,100,302.165958856855,311.595052047463,9.42909319060825,24.0296113964389,0.63,645.415999378657,654.845092569266,0.3,0.348837209302326,737.417257070541
877,2,0.3,0.1,2,10000,200000,0.3,0.6,100,296.566450848942,306.492782540804,9.92633169186157,23.6731860132336,0.67,647.652055143567,657.578386835429,0.3,0.379746835443038,738.271784305573
878,2,0.4,0.1,2,10000,200000,0.3,0.6,100,289.954646995165,297.346300829574,7.39165383440932,20.6513148770218,0.63,640.811875885827,648.203529720236,0.3,0.416666666666667,738.757115840912
879,2,0.5,0.1,2,10000,200000,0.3,0.6,100,311.545045213524,320.866607351171,9.32156213764632,20.5337292616646,0.63,654.413254475716,663.734816613362,0.3,0.461538461538462,735.736723423004
880,2,0.1,0.2,2,10000,200000,0.3,0.6,100,306.543031140791,310.225274651688,3.68224351089768,24.7931081929793,0.57,648.51773712332,652.199980634218,0.3,0.32258064516129,828.671293973923
881,2,0.2,0.2,2,10000,200000,0.3,0.6,100,301.39869802997,307.898807416512,6.50010938654215,23.8939979912764,0.57,642.586120099386,649.086229485928,0.3,0.348837209302326,824.688015699387
882,2,0.3,0.2,2,10000,200000,0.3,0.6,100,310.008282391946,316.088483119974,6.08020072802751,22.3654847678316,0.58,652.014618461736,658.094819189764,0.3,0.379746835443038,820.923382997513
883,2,0.4,0.2,2,10000,200000,0.3,0.6,100,306.552545350152,317.135520739166,10.5829753890148,21.0622804025655,0.67,651.80299076883,662.385966157845,0.3,0.416666666666667,753.227353096008
884,2,0.5,0.2,2,10000,200000,0.3,0.6,100,304.045182279279,316.812525110334,12.7673428310545,25.1721370322627,0.68,648.674319579706,661.441662410761,0.3,0.461538461538462,751.603415489197
885,2,0.1,0.05,3,10000,200000,0.3,0.6,100,302.543373540418,306.735777522132,4.19240398171376,21.6314856120899,0.56,650.994405891616,655.18680987333,0.3,0.32258064516129,750.761847734451
886,2,0.2,0.05,3,10000,200000,0.3,0.6,100,302.212803303946,307.734095276094,5.5212919721479,22.9147290043852,0.59,648.042470157135,653.563762129283,0.3,0.348837209302326,779.928248882294
887,2,0.3,0.05,3,10000,200000,0.3,0.6,100,296.110667249379,304.567256182847,8.45658893346766,25.7003435651604,0.57,640.00212919918,648.458718132648,0.3,0.379746835443038,759.169349193573
888,2,0.4,0.05,3,10000,200000,0.3,0.6,100,304.292543689028,306.888308800505,2.59576511147741,22.8150277871674,0.54,655.31052704366,657.906292155138,0.3,0.416666666666667,733.460205793381
889,2,0.5,0.05,3,10000,200000,0.3,0.6,100,299.537300846363,310.09610454987,10.5588037035063,21.2611108245259,0.67,647.212105781339,657.770909484845,0.3,0.461538461538462,737.472177267075
890,2,0.1,0.1,3,10000,200000,0.3,0.6,100,300.659903582912,300.50418564569,-0.155717937222021,24.8088049810418,0.43,652.015224999914,651.859507062692,0.3,0.32258064516129,735.903565168381
891,2,0.2,0.1,3,10000,200000,0.3,0.6,100,306.980700571945,308.656750701378,1.67605012943312,23.8234818713456,0.53,651.189151841395,652.865201970828,0.3,0.348837209302326,736.044437408447
892,2,0.3,0.1,3,10000,200000,0.3,0.6,100,293.601352282299,300.75026706442,7.14891478212131,23.9536943531923,0.65,641.868979131536,649.017893913657,0.3,0.379746835443038,829.091750144958
893,2,0.4,0.1,3,10000,200000,0.3,0.6,100,295.397357491123,306.584061094268,11.1867036031444,24.2223960038857,0.62,640.647089638065,651.83379324121,0.3,0.416666666666667,823.440586090088
894,2,0.5,0.1,3,10000,200000,0.3,0.6,100,307.690131702909,320.972660731407,13.2825290284985,26.838674813261,0.67,654.667616924616,667.950145953115,0.3,0.461538461538462,815.154782533646
895,2,0.1,0.2,3,10000,200000,0.3,0.6,100,309.703958060237,306.506269703864,-3.19768835637281,22.1877753433672,0.41,657.035792719722,653.83810436335,0.3,0.32258064516129,758.788518190384
896,2,0.2,0.2,3,10000,200000,0.3,0.6,100,319.132419700928,321.043222479308,1.91080277838012,23.2931898029236,0.47,659.70977967834,661.62058245672,0.3,0.348837209302326,752.93439412117
897,2,0.3,0.2,3,10000,200000,0.3,0.6,100,301.77724239084,308.278636455002,6.50139406416155,29.9944260389986,0.59,646.000966002351,652.502360066512,0.3,0.379746835443038,750.894757032395
898,2,0.4,0.2,3,10000,200000,0.3,0.6,100,306.298717195564,312.91055044287,6.61183324730574,23.8652069997709,0.6,648.29399915921,654.905832406516,0.3,0.416666666666667,779.984944105148
899,2,0.5,0.2,3,10000,200000,0.3,0.6,100,307.657837153559,320.031552920114,12.3737157665549,20.4506111814845,0.7,646.960619814446,659.334335581001,0.3,0.461538461538462,761.979706287384
900,2,0.1,0.05,0,13500,200000,0.3,0.6,100,307.52860152304,310.153065916778,2.62446439373859,21.5054185657259,0.52,651.660634795956,654.285099189694,0.3,0.32258064516129,734.159592866898
901,2,0.2,0.05,0,13500,200000,0.3,0.6,100,298.785827304627,301.476981843147,2.69115453851987,24.058633005262,0.54,644.313655412994,647.004809951514,0.3,0.348837209302326,735.879788160324
902,2,0.3,0.05,0,13500,200000,0.3,0.6,100,300.193470545234,306.092549337229,5.89907879199576,26.2422484619876,0.59,646.979617810238,652.878696602233,0.3,0.379746835443038,735.503566503525
903,2,0.4,0.05,0,13500,200000,0.3,0.6,100,290.090246574272,297.61534521671,7.52509864243828,21.9934305546234,0.56,635.903258137775,643.428356780213,0.3,0.416666666666667,738.085639476776
904,2,0.5,0.05,0,13500,200000,0.3,0.6,100,301.486365891263,316.871715175054,15.3853492837906,25.8173556524717,0.73,644.983762584376,660.369111868166,0.3,0.461538461538462,828.093392133713
905,2,0.1,0.1,0,13500,200000,0.3,0.6,100,293.175098863856,296.912094187241,3.73699532338552,26.6559512577155,0.56,640.263851828745,644.000847152131,0.3,0.32258064516129,823.790392160416
906,2,0.2,0.1,0,13500,200000,0.3,0.6,100,299.11304529313,309.267581758061,10.1545364649314,23.0365197464707,0.67,645.6123377619,655.766874226832,0.3,0.348837209302326,817.97459602356
907,2,0.3,0.1,0,13500,200000,0.3,0.6,100,304.240897184629,311.972867773986,7.7319705893569,22.9140523103482,0.64,650.062868445277,657.794839034634,0.3,0.379746835443038,757.196610689163
908,2,0.4,0.1,0,13500,200000,0.3,0.6,100,307.719804289831,317.911840540887,10.1920362510564,25.6540732040271,0.67,651.395129231199,661.587165482255,0.3,0.416666666666667,755.598936080933
909,2,0.5,0.1,0,13500,200000,0.3,0.6,100,291.530801515525,307.48461746507,15.9538159495446,24.8970940776976,0.75,639.411526029589,655.365341979133,0.3,0.461538461538462,756.933553934097
910,2,0.1,0.2,0,13500,200000,0.3,0.6,100,302.159515718241,304.567029866147,2.40751414790687,19.9867420405963,0.53,652.595187580118,655.002701728025,0.3,0.32258064516129,789.727505683899
911,2,0.2,0.2,0,13500,200000,0.3,0.6,100,297.268829752177,303.551490510153,6.28266075797571,25.3365063452488,0.56,640.577199973168,646.859860731144,0.3,0.348837209302326,758.524661064148
912,2,0.3,0.2,0,13500,200000,0.3,0.6,100,306.000712560178,312.019354074401,6.01864151422335,23.2392128594395,0.56,651.027171904591,657.045813418815,0.3,0.379746835443038,735.838558197022
913,2,0.4,0.2,0,13500,200000,0.3,0.6,100,302.870146149835,314.766932107991,11.8967859581563,23.644061827202,0.66,647.695901341059,659.592687299215,0.3,0.416666666666667,741.532000541687
914,2,0.5,0.2,0,13500,200000,0.3,0.6,100,304.985253098095,319.485481122399,14.5002280243045,23.0908709528975,0.71,648.671761333818,663.171989358123,0.3,0.461538461538462,739.802435159683
915,2,0.1,0.05,1,13500,200000,0.3,0.6,100,288.947683442338,289.141664927905,0.193981485566976,22.249981902662,0.47,638.805751835034,638.999733320601,0.3,0.32258064516129,739.554435014725
916,2,0.2,0.05,1,13500,200000,0.3,0.6,100,304.04572793349,308.97007465937,4.92434672587982,22.78822996214,0.59,646.572418459907,651.496765185787,0.3,0.348837209302326,829.20783162117
917,2,0.3,0.05,1,13500,200000,0.3,0.6,100,304.967885232247,311.06782526916,6.09994003691286,26.0347942800562,0.56,646.693197314844,652.793137351757,0.3,0.379746835443038,830.965072154999
918,2,0.4,0.05,1,13500,200000,0.3,0.6,100,295.566073344206,303.758390834946,8.19231749074038,24.3046357671041,0.6,644.164370793937,652.356688284677,0.3,0.416666666666667,823.23265337944
919,2,0.5,0.05,1,13500,200000,0.3,0.6,100,304.96344206742,315.916636292113,10.9531942246923,25.2203711019314,0.68,649.138677583297,660.09187180799,0.3,0.461538461538462,755.286933660507
920,2,0.1,0.1,1,13500,200000,0.3,0.6,100,297.639405572571,299.007238393024,1.36783282045328,24.2029600707104,0.56,646.602433532941,647.970266353394,0.3,0.32258064516129,757.36559844017
921,2,0.2,0.1,1,13500,200000,0.3,0.6,100,307.129776314215,306.972510237443,-0.157266076772228,22.1054143990842,0.52,653.56191865795,653.404652581178,0.3,0.348837209302326,734.529534101486
922,2,0.3,0.1,1,13500,200000,0.3,0.6,100,303.880580977669,307.469972497051,3.58939151938206,25.1875750730492,0.51,650.541189563558,654.130581082941,0.3,0.379746835443038,781.165275096893
923,2,0.4,0.1,1,13500,200000,0.3,0.6,100,303.563639042404,313.215508289085,9.65186924668069,25.7432167933968,0.62,645.384940231193,655.036809477874,0.3,0.416666666666667,757.39808511734
924,2,0.5,0.1,1,13500,200000,0.3,0.6,100,297.266122132139,305.583219664478,8.31709753233864,23.0462733976662,0.58,644.26026417796,652.577361710299,0.3,0.461538461538462,736.930022716522
925,2,0.1,0.2,1,13500,200000,0.3,0.6,100,304.206698374306,300.845216604579,-3.36148176972625,21.6755364406223,0.46,645.259541441373,641.898059671647,0.3,0.32258064516129,734.367834329605
926,2,0.2,0.2,1,13500,200000,0.3,0.6,100,302.157341067104,305.411810704104,3.25446963700042,20.8947471863905,0.62,648.069178707803,651.323648344803,0.3,0.348837209302326,737.363147974014
927,2,0.3,0.2,1,13500,200000,0.3,0.6,100,310.17897499459,316.064726457706,5.8857514631152,20.7209279067515,0.61,652.851372153419,658.737123616534,0.3,0.379746835443038,739.218673467636
928,2,0.4,0.2,1,13500,200000,0.3,0.6,100,300.022638039934,312.991757440763,12.969119400829,23.0357747049761,0.69,647.189891501255,660.159010902084,0.3,0.416666666666667,836.695287942886
929,2,0.5,0.2,1,13500,200000,0.3,0.6,100,300.629404093806,310.710339130393,10.0809350365875,22.4986430800112,0.67,644.258414047043,654.339349083631,0.3,0.461538461538462,823.702242136002
930,2,0.1,0.05,2,13500,200000,0.3,0.6,100,303.628848199554,305.261527256825,1.63267905727153,23.8007348624368,0.56,648.806729591338,650.43940864861,0.3,0.32258064516129,820.425810098648
931,2,0.2,0.05,2,13500,200000,0.3,0.6,100,294.260649621214,301.820419815582,7.55977019436807,25.5292376174638,0.61,641.966372565508,649.526142759876,0.3,0.348837209302326,755.616344213486
932,2,0.3,0.05,2,13500,200000,0.3,0.6,100,301.322248496621,308.966690477177,7.64444198055585,23.8930356290393,0.6,647.103822641025,654.74826462158,0.3,0.379746835443038,759.20016336441
933,2,0.4,0.05,2,13500,200000,0.3,0.6,100,296.852233900789,305.47008118966,8.61784728887086,25.4786656685259,0.59,643.388827864196,652.006675153067,0.3,0.416666666666667,754.383648633957
934,2,0.5,0.05,2,13500,200000,0.3,0.6,100,310.095167969656,323.971492062974,13.8763240933183,28.8145686999606,0.66,654.910174556399,668.786498649718,0.3,0.461538461538462,795.842669010162
935,2,0.1,0.1,2,13500,200000,0.3,0.6,100,305.957844930614,307.833576175797,1.87573124518302,24.3313823774924,0.56,654.683435499369,656.559166744552,0.3,0.32258064516129,760.186033010483
936,2,0.2,0.1,2,13500,200000,0.3,0.6,100,305.026491297811,308.824429001832,3.79793770402162,24.3245093102828,0.54,652.061253216094,655.859190920116,0.3,0.348837209302326,732.873034000397
937,2,0.3,0.1,2,13500,200000,0.3,0.6,100,310.622816094374,316.932244945794,6.30942885141937,24.8975504149522,0.58,660.25400374289,666.563432594309,0.3,0.379746835443038,741.541407108307
938,2,0.4,0.1,2,13500,200000,0.3,0.6,100,299.492439315458,315.844538810139,16.3520994946819,22.6833649818516,0.8,646.357321328654,662.709420823336,0.3,0.416666666666667,736.941996335983
939,2,0.5,0.1,2,13500,200000,0.3,0.6,100,309.37042445448,316.570878131229,7.20045367674946,25.2623490883732,0.6,654.742421158419,661.942874835168,0.3,0.461538461538462,736.804413557053
940,2,0.1,0.2,2,13500,200000,0.3,0.6,100,303.264178187134,307.111529829508,3.8473516423733,20.2154251562212,0.64,655.049677075596,658.89702871797,0.3,0.32258064516129,837.442588806152
941,2,0.2,0.2,2,13500,200000,0.3,0.6,100,303.989006594972,309.290823666001,5.30181707102905,20.8653271870107,0.62,652.897124852206,658.198941923235,0.3,0.348837209302326,835.016596794129
942,2,0.3,0.2,2,13500,200000,0.3,0.6,100,295.696645716267,302.784755418599,7.08810970233198,24.224962754328,0.6,641.395527923563,648.483637625895,0.3,0.379746835443038,815.329631567001
943,2,0.4,0.2,2,13500,200000,0.3,0.6,100,295.407214537661,303.239333868797,7.83211933113542,23.1684836957221,0.63,642.528735199821,650.360854530956,0.3,0.416666666666667,757.334304571152
944,2,0.5,0.2,2,13500,200000,0.3,0.6,100,308.098802454697,317.657193559978,9.55839110528088,23.0398510876813,0.61,652.109184772245,661.667575877526,0.3,0.461538461538462,754.921998023987
945,2,0.1,0.05,3,13500,200000,0.3,0.6,100,299.09925589252,298.07203615653,-1.02721973598991,23.7791465951745,0.49,646.864237971859,645.837018235869,0.3,0.32258064516129,751.549195766449
946,2,0.2,0.05,3,13500,200000,0.3,0.6,100,299.356466579679,302.855792483088,3.49932590340887,24.2456457694198,0.54,646.016609700219,649.515935603628,0.3,0.348837209302326,789.589853525162
947,2,0.3,0.05,3,13500,200000,0.3,0.6,100,299.482764663433,309.600556350382,10.1177916869486,27.3056850345001,0.64,641.465852471677,651.583644158626,0.3,0.379746835443038,750.110207796097
948,2,0.4,0.05,3,13500,200000,0.3,0.6,100,289.410872093331,299.628225223163,10.2173531298318,24.5238401309081,0.61,636.745394495413,646.962747625245,0.3,0.416666666666667,736.693986415863
949,2,0.5,0.05,3,13500,200000,0.3,0.6,100,298.893101751059,310.601634841674,11.7085330906153,25.3713865723992,0.66,642.372364438048,654.080897528663,0.3,0.461538461538462,738.317713975906
950,2,0.1,0.1,3,13500,200000,0.3,0.6,100,305.675702720105,305.275527356585,-0.40017536352058,28.1739576771776,0.44,647.20619421319,646.806018849669,0.3,0.32258064516129,738.309292316437
951,2,0.2,0.1,3,13500,200000,0.3,0.6,100,307.598255820323,312.621543068744,5.02328724842132,23.6168370546044,0.62,653.991928301776,659.015215550198,0.3,0.348837209302326,736.235486745834
952,2,0.3,0.1,3,13500,200000,0.3,0.6,100,302.912820070642,309.871961115359,6.95914104471637,21.6492565202071,0.66,651.292344478702,658.251485523418,0.3,0.379746835443038,835.339380264282
953,2,0.4,0.1,3,13500,200000,0.3,0.6,100,307.21298088828,319.240969024437,12.0279881361567,24.3257397606466,0.64,647.191210249402,659.219198385559,0.3,0.416666666666667,832.154798984528
954,2,0.5,0.1,3,13500,200000,0.3,0.6,100,304.165808946039,316.612812761616,12.447003815577,24.0769761505711,0.7,647.939612674701,660.386616490278,0.3,0.461538461538462,821.179325819016
955,2,0.1,0.2,3,13500,200000,0.3,0.6,100,308.960634773196,310.832530163208,1.87189539001192,23.2243192082842,0.53,658.107914285402,659.979809675414,0.3,0.32258064516129,758.033093452454
956,2,0.2,0.2,3,13500,200000,0.3,0.6,100,308.350661678797,312.845275457635,4.49461377883821,24.2478789720122,0.51,652.490716238926,656.985330017765,0.3,0.348837209302326,756.680613279343
957,2,0.3,0.2,3,13500,200000,0.3,0.6,100,307.298543433782,317.088028963427,9.78948552964429,21.6839993327788,0.66,652.326690821981,662.116176351625,0.3,0.379746835443038,756.598824739456
958,2,0.4,0.2,3,13500,200000,0.3,0.6,100,298.596301018624,310.442329852462,11.8460288338379,19.2578095657787,0.72,643.385148050336,655.231176884173,0.3,0.416666666666667,784.644358873367
959,2,0.5,0.2,3,13500,200000,0.3,0.6,100,308.526216922365,316.097132781911,7.57091585954657,21.0317315264288,0.71,651.317472020953,658.8883878805,0.3,0.461538461538462,759.548581123352
960,2,0.1,0.05,0,17000,200000,0.3,0.6,100,302.763732418329,305.058917119037,2.29518470070763,22.762365071115,0.52,645.547792033748,647.842976734456,0.3,0.32258064516129,736.15317106247
961,2,0.2,0.05,0,17000,200000,0.3,0.6,100,283.116000547716,291.099823518547,7.98382297083046,27.5839107030466,0.58,633.863230956859,641.84705392769,0.3,0.348837209302326,738.584196329117
962,2,0.3,0.05,0,17000,200000,0.3,0.6,100,304.500258147175,313.203639049422,8.70338090224683,25.1419534745532,0.65,648.626574646666,657.329955548913,0.3,0.379746835443038,736.975435733795
963,2,0.4,0.05,0,17000,200000,0.3,0.6,100,298.130629661419,309.606310795732,11.4756811343122,27.0471904001996,0.61,646.443175233209,657.918856367522,0.3,0.416666666666667,737.212869405747
964,2,0.5,0.05,0,17000,200000,0.3,0.6,100,307.273284980594,319.867032693794,12.5937477132001,23.0402378599745,0.67,654.405478010395,666.999225723595,0.3,0.461538461538462,840.772956609726
965,2,0.1,0.1,0,17000,200000,0.3,0.6,100,305.297889879746,306.202111495218,0.904221615471902,23.1725082011829,0.49,650.337283369068,651.24150498454,0.3,0.32258064516129,831.909482240677
966,2,0.2,0.1,0,17000,200000,0.3,0.6,100,300.634331450012,311.443079241955,10.8087477919435,25.2619430960157,0.63,646.871756422736,657.680504214679,0.3,0.348837209302326,820.948292016983
967,2,0.3,0.1,0,17000,200000,0.3,0.6,100,299.815243553498,308.798022978116,8.98277942461812,22.1256143696616,0.68,644.890206773188,653.872986197806,0.3,0.379746835443038,758.944752454758
968,2,0.4,0.1,0,17000,200000,0.3,0.6,100,301.819536515871,313.431880960714,11.6123444448432,24.627950630392,0.66,648.618469556089,660.230814000932,0.3,0.416666666666667,753.326218128204
969,2,0.5,0.1,0,17000,200000,0.3,0.6,100,300.207155262301,313.185301340607,12.9781460783059,20.5924214934596,0.81,645.195098943987,658.173245022292,0.3,0.461538461538462,736.216175317764
970,2,0.1,0.2,0,17000,200000,0.3,0.6,100,312.256151998066,315.0901723586,2.83402036053371,27.1865994813979,0.53,654.339081551719,657.173101912252,0.3,0.32258064516129,791.836088895798
971,2,0.2,0.2,0,17000,200000,0.3,0.6,100,314.534081945139,314.519320525313,-0.0147614198258475,25.2048771695087,0.5,662.010940286831,661.996178867005,0.3,0.348837209302326,753.197350978851
972,2,0.3,0.2,0,17000,200000,0.3,0.6,100,304.988028166522,311.176842148953,6.1888139824306,26.0926151820012,0.57,647.168702720018,653.357516702449,0.3,0.379746835443038,735.185753107071
973,2,0.4,0.2,0,17000,200000,0.3,0.6,100,301.933401019354,312.807368419055,10.8739673997012,24.771893212996,0.64,650.967052324704,661.841019724406,0.3,0.416666666666667,741.846167564392
974,2,0.5,0.2,0,17000,200000,0.3,0.6,100,293.431662402079,310.811564622483,17.3799022204033,25.1735902521371,0.73,637.076911974764,654.456814195168,0.3,0.461538461538462,737.325000286102
975,2,0.1,0.05,1,17000,200000,0.3,0.6,100,296.897868947557,301.00865734245,4.11078839489247,25.6801145272301,0.57,643.682957598268,647.793745993161,0.3,0.32258064516129,737.795034646988
976,2,0.2,0.05,1,17000,200000,0.3,0.6,100,310.265557629455,311.434000171954,1.16844254249859,23.2704461177462,0.46,656.557144878187,657.725587420686,0.3,0.348837209302326,829.309064388275
977,2,0.3,0.05,1,17000,200000,0.3,0.6,100,294.363249301655,301.243817731411,6.88056842975539,23.1062762656692,0.57,638.544857033084,645.425425462839,0.3,0.379746835443038,850.420326471329
978,2,0.4,0.05,1,17000,200000,0.3,0.6,100,306.016258921914,314.349247288267,8.33298836635265,25.0118041813717,0.65,654.026443707981,662.359432074333,0.3,0.416666666666667,819.890741825104
979,2,0.5,0.05,1,17000,200000,0.3,0.6,100,293.807535019261,308.305044757957,14.4975097386958,28.0279311123437,0.68,638.600877965333,653.098387704029,0.3,0.461538461538462,776.370995521546
980,2,0.1,0.1,1,17000,200000,0.3,0.6,100,310.32008627793,314.274174930341,3.95408865241056,20.5599769967102,0.58,657.872209354091,661.826298006502,0.3,0.32258064516129,753.92138338089
981,2,0.2,0.1,1,17000,200000,0.3,0.6,100,299.091754835445,305.024035728094,5.9322808926482,18.6037639003289,0.65,645.500189258624,651.432470151272,0.3,0.348837209302326,759.168620824814
982,2,0.3,0.1,1,17000,200000,0.3,0.6,100,304.577378251962,309.089683400577,4.51230514861519,19.0370604380339,0.58,651.628714203559,656.141019352174,0.3,0.379746835443038,791.519294500351
983,2,0.4,0.1,1,17000,200000,0.3,0.6,100,303.627871113562,312.553374127008,8.92550301344605,21.8684233901871,0.71,652.224583258782,661.150086272228,0.3,0.416666666666667,765.102727651596
984,2,0.5,0.1,1,17000,200000,0.3,0.6,100,307.556558376615,321.66938300376,14.112824627145,25.582778052616,0.67,650.648271662637,664.761096289782,0.3,0.461538461538462,735.006506681442
985,2,0.1,0.2,1,17000,200000,0.3,0.6,100,297.104274856291,300.87930210798,3.77502725168946,24.7937422013735,0.54,640.670859514047,644.445886765737,0.3,0.32258064516129,738.728687047958
986,2,0.2,0.2,1,17000,200000,0.3,0.6,100,299.139535287766,305.364387995139,6.22485270737338,25.4588201734632,0.54,649.346089727879,655.570942435252,0.3,0.348837209302326,738.468169927597
987,2,0.3,0.2,1,17000,200000,0.3,0.6,100,293.830998353446,304.430620562319,10.599622208873,24.0745457770398,0.67,638.063998498886,648.663620707759,0.3,0.379746835443038,736.713191270828
988,2,0.4,0.2,1,17000,200000,0.3,0.6,100,310.154135350732,319.85213106219,9.69799571145853,26.7788853860136,0.61,655.021363158875,664.719358870333,0.3,0.416666666666667,850.688363552094
989,2,0.5,0.2,1,17000,200000,0.3,0.6,100,312.131452798017,328.559954160373,16.428501362356,23.6158142975307,0.75,655.04963455975,671.478135922107,0.3,0.461538461538462,836.140418529511
990,2,0.1,0.05,2,17000,200000,0.3,0.6,100,300.796712610554,300.311943395439,-0.484769215114793,21.2616612828836,0.48,647.072114179015,646.587344963901,0.3,0.32258064516129,819.620958328247
991,2,0.2,0.05,2,17000,200000,0.3,0.6,100,294.336125572135,297.467050400366,3.13092482823123,25.8865272506928,0.54,640.363951596238,643.49487642447,0.3,0.348837209302326,779.23138999939
992,2,0.3,0.05,2,17000,200000,0.3,0.6,100,314.908844044235,321.042388803141,6.13354475890598,22.6460328962677,0.56,658.919123903371,665.052668662277,0.3,0.379746835443038,772.024736881256
993,2,0.4,0.05,2,17000,200000,0.3,0.6,100,304.561654118922,312.216094885397,7.65444076647549,26.2341386488844,0.61,650.564971602888,658.219412369363,0.3,0.416666666666667,734.411178827286
994,2,0.5,0.05,2,17000,200000,0.3,0.6,100,311.679693727588,324.481200630664,12.8015069030751,24.6989374079513,0.68,650.178988018416,662.980494921491,0.3,0.461538461538462,791.204370498657
995,2,0.1,0.1,2,17000,200000,0.3,0.6,100,307.264434122947,308.181646929852,0.91721280690495,21.8249510981998,0.46,652.542416151165,653.45962895807,0.3,0.32258064516129,751.350355148315
996,2,0.2,0.1,2,17000,200000,0.3,0.6,100,298.846372303845,303.06920624828,4.22283394443417,20.0046322498497,0.57,647.952221487699,652.175055432133,0.3,0.348837209302326,735.858913183212
997,2,0.3,0.1,2,17000,200000,0.3,0.6,100,299.726202916703,307.390934018033,7.66473110132962,20.8521831599538,0.65,645.869686290196,653.534417391526,0.3,0.379746835443038,738.475968122482
998,2,0.4,0.1,2,17000,200000,0.3,0.6,100,302.632188588901,307.842904345331,5.21071575642943,18.9857000762272,0.6,650.451953363485,655.662669119915,0.3,0.416666666666667,738.249355554581
999,2,0.5,0.1,2,17000,200000,0.3,0.6,100,315.148690223201,322.890760507345,7.74207028414404,20.2792573451361,0.66,657.827126794548,665.569197078692,0.3,0.461538461538462,744.277388572693
1000,2,0.1,0.2,2,17000,200000,0.3,0.6,100,293.491511171149,300.113937933715,6.62242676256591,25.7494909793576,0.55,642.746962246743,649.369389009309,0.3,0.32258064516129,853.794974565506
1001,2,0.2,0.2,2,17000,200000,0.3,0.6,100,309.680673661014,315.883241864207,6.20256820319265,27.2221925263359,0.6,654.523856410074,660.726424613266,0.3,0.348837209302326,855.644654512405
1002,2,0.3,0.2,2,17000,200000,0.3,0.6,100,309.248900743655,320.795327486251,11.5464267425959,27.147602337176,0.65,653.752713414593,665.299140157189,0.3,0.379746835443038,819.722218990326
1003,2,0.4,0.2,2,17000,200000,0.3,0.6,100,312.64045849354,324.112599549122,11.4721410555821,24.5046237509447,0.66,654.341992205781,665.814133261363,0.3,0.416666666666667,782.344535112381
1004,2,0.5,0.2,2,17000,200000,0.3,0.6,100,302.383265784967,312.930613940887,10.5473481559205,23.9067918887872,0.7,645.938352749193,656.485700905113,0.3,0.461538461538462,770.110808849335
1005,2,0.1,0.05,3,17000,200000,0.3,0.6,100,296.573317315507,299.07417962482,2.50086230931369,25.090422532204,0.54,644.317552568612,646.818414877926,0.3,0.32258064516129,733.545539140701
1006,2,0.2,0.05,3,17000,200000,0.3,0.6,100,303.877303438201,304.225180904042,0.347877465840716,27.1559262144944,0.51,647.06899380046,647.416871266301,0.3,0.348837209302326,790.923756122589
1007,2,0.3,0.05,3,17000,200000,0.3,0.6,100,304.497461649651,309.193030594584,4.69556894493313,25.7588863198561,0.54,649.655299898978,654.350868843911,0.3,0.379746835443038,761.325739622116
1008,2,0.4,0.05,3,17000,200000,0.3,0.6,100,306.370001310708,314.46687058456,8.0968692738524,21.6459003944011,0.66,652.730381877788,660.827251151641,0.3,0.416666666666667,735.673914194107
1009,2,0.5,0.05,3,17000,200000,0.3,0.6,100,307.072624133895,318.840904900876,11.7682807669807,23.27663767373,0.69,652.268425564281,664.036706331261,0.3,0.461538461538462,744.285682678223
1010,2,0.1,0.1,3,17000,200000,0.3,0.6,100,303.984884325599,307.805837594427,3.82095326882793,19.0830012595553,0.56,649.165274230553,652.986227499381,0.3,0.32258064516129,738.351293563843
1011,2,0.2,0.1,3,17000,200000,0.3,0.6,100,308.953238677615,311.394761991773,2.44152331415819,21.0903221507105,0.53,653.372653013498,655.814176327656,0.3,0.348837209302326,735.242973566055
1012,2,0.3,0.1,3,17000,200000,0.3,0.6,100,297.992677780567,305.125407316317,7.13272953574995,18.9883547703113,0.58,645.038490410733,652.171219946483,0.3,0.379746835443038,829.989290475845
1013,2,0.4,0.1,3,17000,200000,0.3,0.6,100,305.767640179932,318.187146149833,12.4195059699007,21.5589526096317,0.67,652.818561898324,665.238067868225,0.3,0.416666666666667,828.659640550614
1014,2,0.5,0.1,3,17000,200000,0.3,0.6,100,307.722583358281,321.017100087221,13.2945167289399,20.1627178365882,0.77,656.169795256581,669.464311985521,0.3,0.461538461538462,821.736072063446
1015,2,0.1,0.2,3,17000,200000,0.3,0.6,100,295.735204424202,300.418814928065,4.68361050386309,24.0903006979394,0.61,646.010097392702,650.693707896565,0.3,0.32258064516129,783.732209444046
1016,2,0.2,0.2,3,17000,200000,0.3,0.6,100,297.456601569292,306.839010137553,9.382408568261,25.0033531692332,0.67,643.619628338867,653.002036907128,0.3,0.348837209302326,778.286216974258
1017,2,0.3,0.2,3,17000,200000,0.3,0.6,100,296.215178842502,308.814267304634,12.5990884621318,26.1918248180494,0.63,640.280339373331,652.879427835463,0.3,0.379746835443038,784.806940317154
1018,2,0.4,0.2,3,17000,200000,0.3,0.6,100,300.639209980822,311.480660511144,10.8414505303224,25.7197998251651,0.62,650.161057244381,661.002507774703,0.3,0.416666666666667,792.401287078857
1019,2,0.5,0.2,3,17000,200000,0.3,0.6,100,307.379749305144,321.299142687508,13.9193933823641,25.5297894149846,0.67,653.412535292729,667.331928675093,0.3,0.461538461538462,755.423685073853
1020,2,0.1,0.05,0,20000,200000,0.3,0.6,100,313.417613543199,315.017642060863,1.60002851766353,22.1298118401004,0.46,656.796438671631,658.396467189294,0.3,0.32258064516129,734.747566699982
1021,2,0.2,0.05,0,20000,200000,0.3,0.6,100,296.412403806598,297.765007065364,1.35260325876588,22.9401672728183,0.55,644.318254261601,645.670857520367,0.3,0.348837209302326,739.378776550293
1022,2,0.3,0.05,0,20000,200000,0.3,0.6,100,303.314939303934,310.064783090309,6.74984378637425,24.771452967817,0.55,649.087537973825,655.837381760199,0.3,0.379746835443038,734.499694347382
1023,2,0.4,0.05,0,20000,200000,0.3,0.6,100,308.670584540179,317.936666981028,9.26608244084883,25.3640610000536,0.65,653.361474068959,662.627556509808,0.3,0.416666666666667,734.121938228607
1024,2,0.5,0.05,0,20000,200000,0.3,0.6,100,300.865820643989,307.707571742535,6.84175109854602,20.5447244214793,0.63,650.921455174488,657.763206273034,0.3,0.461538461538462,830.870244503021
1025,2,0.1,0.1,0,20000,200000,0.3,0.6,100,299.317075303096,300.092114507163,0.775039204066461,19.9751005357536,0.47,643.953989885546,644.729029089613,0.3,0.32258064516129,825.782255649567
1026,2,0.2,0.1,0,20000,200000,0.3,0.6,100,302.877111808634,310.226003683271,7.34889187463763,25.9550210116178,0.59,647.770406735066,655.119298609704,0.3,0.348837209302326,823.330853223801
1027,2,0.3,0.1,0,20000,200000,0.3,0.6,100,303.981811100139,307.016174149952,3.03436304981336,19.1774762586157,0.53,653.216427492399,656.250790542212,0.3,0.379746835443038,778.06523680687
1028,2,0.4,0.1,0,20000,200000,0.3,0.6,100,308.081311810992,314.28631157592,6.20499976492864,20.3330005989943,0.58,654.828998210053,661.033997974982,0.3,0.416666666666667,780.377418756485
1029,2,0.5,0.1,0,20000,200000,0.3,0.6,100,307.962958728864,320.244487144119,12.2815284152552,22.8486115800652,0.66,653.722344905376,666.003873320632,0.3,0.461538461538462,735.840447664261
1030,2,0.1,0.2,0,20000,200000,0.3,0.6,100,297.302693421186,302.572584916109,5.26989149492305,23.2825312364131,0.57,641.544034349011,646.813925843934,0.3,0.32258064516129,780.192317962647
1031,2,0.2,0.2,0,20000,200000,0.3,0.6,100,303.957741350409,308.46371308475,4.50597173434097,24.0313982609934,0.57,649.683088606257,654.189060340598,0.3,0.348837209302326,751.307663202286
1032,2,0.3,0.2,0,20000,200000,0.3,0.6,100,302.531925299444,312.919350878615,10.3874255791711,26.1455715623795,0.64,646.645703621179,657.03312920035,0.3,0.379746835443038,736.351264476776
1033,2,0.4,0.2,0,20000,200000,0.3,0.6,100,305.985050099657,314.57941037032,8.59436027066261,24.2657306541412,0.63,649.196668293261,657.791028563923,0.3,0.416666666666667,741.003513097763
1034,2,0.5,0.2,0,20000,200000,0.3,0.6,100,304.159117724155,316.352806758178,12.1936890340231,24.3242229983347,0.68,649.290036324327,661.48372535835,0.3,0.461538461538462,736.515735864639
1035,2,0.1,0.05,1,20000,200000,0.3,0.6,100,310.61791697742,312.932317133091,2.31440015567054,26.1610453042902,0.55,653.586145395937,655.900545551608,0.3,0.32258064516129,736.122977733612
1036,2,0.2,0.05,1,20000,200000,0.3,0.6,100,305.395721125242,310.509810366738,5.11408924149521,25.7294429012281,0.55,651.315394097405,656.4294833389,0.3,0.348837209302326,831.602630138397
1037,2,0.3,0.05,1,20000,200000,0.3,0.6,100,311.348498286421,318.309447806046,6.96094951962475,26.2985088636327,0.55,657.417077926769,664.378027446393,0.3,0.379746835443038,825.834458827973
1038,2,0.4,0.05,1,20000,200000,0.3,0.6,100,302.418309111874,310.023537072361,7.60522796048716,20.0946674288962,0.7,649.896396950363,657.50162491085,0.3,0.416666666666667,817.716223239899
1039,2,0.5,0.05,1,20000,200000,0.3,0.6,100,299.78419048279,311.75342700162,11.9692365188301,21.4205848857101,0.74,644.870458703502,656.839695222332,0.3,0.461538461538462,777.035115480423
1040,2,0.1,0.1,1,20000,200000,0.3,0.6,100,308.291572707899,306.722910149335,-1.56866255856453,19.4948157105813,0.41,652.540395653348,650.971733094784,0.3,0.32258064516129,815.028706550598
1041,2,0.2,0.1,1,20000,200000,0.3,0.6,100,302.086108451468,310.592476995016,8.5063685435486,24.6210834149455,0.62,649.329354743145,657.835723286693,0.3,0.348837209302326,779.955663442612
1042,2,0.3,0.1,1,20000,200000,0.3,0.6,100,296.14588225928,301.131139446259,4.98525718697883,20.1971528799613,0.53,644.306875454455,649.292132641434,0.3,0.379746835443038,780.746724128723
1043,2,0.4,0.1,1,20000,200000,0.3,0.6,100,299.867636585434,310.525958815306,10.6583222298719,21.3042837182851,0.72,645.899990590099,656.55831281997,0.3,0.416666666666667,758.768556118012
1044,2,0.5,0.1,1,20000,200000,0.3,0.6,100,298.246435546749,311.75418783094,13.5077522841911,25.4633168379868,0.73,643.297601689083,656.805353973274,0.3,0.461538461538462,733.2532954216
1045,2,0.1,0.2,1,20000,200000,0.3,0.6,100,301.76215321903,304.733417193844,2.97126397481434,24.6024034912681,0.48,645.15632009593,648.127584070745,0.3,0.32258064516129,736.35932469368
1046,2,0.2,0.2,1,20000,200000,0.3,0.6,100,298.9180970627,303.473490569217,4.55539350651648,24.2770996342044,0.58,646.210664016992,650.766057523508,0.3,0.348837209302326,738.627909183502
1047,2,0.3,0.2,1,20000,200000,0.3,0.6,100,304.771713178392,310.872080925881,6.10036774748914,23.1981018622113,0.57,656.809834597468,662.910202344957,0.3,0.379746835443038,739.222270727158
1048,2,0.4,0.2,1,20000,200000,0.3,0.6,100,292.421843332897,306.759023371853,14.3371800389557,23.6968179947869,0.7,640.714222184341,655.051402223297,0.3,0.416666666666667,831.317182779312
1049,2,0.5,0.2,1,20000,200000,0.3,0.6,100,298.214085334458,312.269039199536,14.0549538650779,23.4935948745129,0.71,648.114820515304,662.169774380382,0.3,0.461538461538462,827.40535402298
1050,2,0.1,0.05,2,20000,200000,0.3,0.6,100,289.113337200877,296.389515371246,7.27617817036924,24.042180251358,0.63,630.772388362992,638.048566533362,0.3,0.32258064516129,815.949618339539
1051,2,0.2,0.05,2,20000,200000,0.3,0.6,100,304.442880067128,309.19691451303,4.75403444590236,22.7737930692404,0.57,652.82604995521,657.580084401112,0.3,0.348837209302326,780.214126348496
1052,2,0.3,0.05,2,20000,200000,0.3,0.6,100,301.987038997731,314.720064021454,12.7330250237237,25.5114394454741,0.65,646.024847038531,658.757872062255,0.3,0.379746835443038,780.370331525803
1053,2,0.4,0.05,2,20000,200000,0.3,0.6,100,294.679080572881,304.261328444113,9.58224787123197,27.1550785473268,0.65,639.691023788367,649.273271659599,0.3,0.416666666666667,780.990389585495
1054,2,0.5,0.05,2,20000,200000,0.3,0.6,100,313.526440945442,323.441355481405,9.91491453596244,26.9602011859611,0.63,652.715056263623,662.629970799585,0.3,0.461538461538462,779.99316239357
1055,2,0.1,0.1,2,20000,200000,0.3,0.6,100,295.332519239128,302.970883840452,7.6383646013248,22.585044966056,0.57,642.671289131617,650.309653732942,0.3,0.32258064516129,786.827630519867
1056,2,0.2,0.1,2,20000,200000,0.3,0.6,100,298.684494125213,299.830531425224,1.14603730001096,20.259931631761,0.5,645.266647895511,646.412685195522,0.3,0.348837209302326,737.398329496384
1057,2,0.3,0.1,2,20000,200000,0.3,0.6,100,298.753131810327,305.519640982516,6.76650917218971,22.3553211576455,0.57,647.317859081933,654.084368254122,0.3,0.379746835443038,741.914611339569
1058,2,0.4,0.1,2,20000,200000,0.3,0.6,100,306.40309762619,315.032250335311,8.62915270912061,21.7981964281057,0.63,648.944845433447,657.573998142568,0.3,0.416666666666667,734.74386048317
1059,2,0.5,0.1,2,20000,200000,0.3,0.6,100,308.718458416398,316.352992958721,7.63453454232282,22.4600520669917,0.59,650.480756639453,658.115291181776,0.3,0.461538461538462,735.829431295395
1060,2,0.1,0.2,2,20000,200000,0.3,0.6,100,303.223016242985,310.926891159434,7.70387491644842,24.3405896782608,0.63,650.450508613426,658.154383529875,0.3,0.32258064516129,831.915452241898
1061,2,0.2,0.2,2,20000,200000,0.3,0.6,100,299.00267762334,303.254420199702,4.25174257636167,26.7663348927782,0.55,642.072949874772,646.324692451134,0.3,0.348837209302326,831.236252307892
1062,2,0.3,0.2,2,20000,200000,0.3,0.6,100,297.520277232035,308.925700737566,11.4054235055302,23.0081061446292,0.65,638.703994690287,650.109418195817,0.3,0.379746835443038,818.107733249664
1063,2,0.4,0.2,2,20000,200000,0.3,0.6,100,291.004054908625,301.876749160993,10.8726942523677,24.3007152032601,0.68,638.406091533969,649.278785786337,0.3,0.416666666666667,779.859533309937
1064,2,0.5,0.2,2,20000,200000,0.3,0.6,100,300.040602521379,315.226515812007,15.1859132906279,24.7968717373032,0.74,641.173963945873,656.359877236501,0.3,0.461538461538462,905.003328561783
1065,2,0.1,0.05,3,20000,200000,0.3,0.6,100,293.742563268848,292.498408209607,-1.24415505924125,27.7739832921318,0.46,636.309582176731,635.06542711749,0.3,0.32258064516129,782.114260196686
1066,2,0.2,0.05,3,20000,200000,0.3,0.6,100,297.853839369742,303.14867106628,5.29483169653795,28.1633687902839,0.57,642.659899837787,647.954731534325,0.3,0.348837209302326,778.538614273071
1067,2,0.3,0.05,3,20000,200000,0.3,0.6,100,308.516034792904,316.605952809688,8.08991801678371,24.3022342401918,0.68,652.259829855794,660.349747872577,0.3,0.379746835443038,751.395186901093
1068,2,0.4,0.05,3,20000,200000,0.3,0.6,100,311.337889167108,320.350737288897,9.0128481217891,25.9847732320437,0.57,654.33993700672,663.352785128509,0.3,0.416666666666667,735.618467330933
1069,2,0.5,0.05,3,20000,200000,0.3,0.6,100,308.765221125468,320.603980597722,11.8387594722538,22.5494999194746,0.68,649.047850685353,660.886610157607,0.3,0.461538461538462,738.554260730744
1070,2,0.1,0.1,3,20000,200000,0.3,0.6,100,300.313083353474,302.240049228773,1.92696587529937,18.9157744060205,0.51,643.411071552543,645.338037427842,0.3,0.32258064516129,736.356560707092
1071,2,0.2,0.1,3,20000,200000,0.3,0.6,100,300.348589895179,305.650775619993,5.30218572481454,19.4180328001207,0.58,646.968561201719,652.270746926534,0.3,0.348837209302326,736.055526256561
1072,2,0.3,0.1,3,20000,200000,0.3,0.6,100,301.273280347299,310.336408601839,9.06312825454052,22.5780419729067,0.57,645.635650144805,654.698778399346,0.3,0.379746835443038,840.397454738617
1073,2,0.4,0.1,3,20000,200000,0.3,0.6,100,309.297898093791,319.296968538124,9.99907044433371,21.2323240777314,0.7,652.650901392866,662.6499718372,0.3,0.416666666666667,829.710084438324
1074,2,0.5,0.1,3,20000,200000,0.3,0.6,100,303.212915720516,316.683069239961,13.470153519445,25.2853707405914,0.68,653.02787566079,666.498029180235,0.3,0.461538461538462,823.282613992691
1075,2,0.1,0.2,3,20000,200000,0.3,0.6,100,302.611216697608,307.678158305998,5.06694160838993,25.5945237264033,0.55,647.600578823483,652.667520431873,0.3,0.32258064516129,778.633709192276
1076,2,0.2,0.2,3,20000,200000,0.3,0.6,100,301.859115446258,307.100795427669,5.24167998141076,22.0202493209915,0.54,649.151468144903,654.393148126313,0.3,0.348837209302326,777.438263654709
1077,2,0.3,0.2,3,20000,200000,0.3,0.6,100,307.356726651865,311.913266408378,4.55653975651303,28.6649068205419,0.56,655.433404629711,659.989944386224,0.3,0.379746835443038,735.877856969833
1078,2,0.4,0.2,3,20000,200000,0.3,0.6,100,303.063116185749,308.738535972608,5.67541978685905,21.7324484139067,0.58,647.022007347711,652.69742713457,0.3,0.416666666666667,780.317545175552
1079,2,0.5,0.2,3,20000,200000,0.3,0.6,100,301.065765487591,317.424785733197,16.359020245606,25.5179798831887,0.77,649.224441101665,665.583461347271,0.3,0.461538461538462,755.647353410721
1080,2,0.1,0.05,0,3000,300000,0.3,0.6,100,301.331211126991,302.202522972061,0.87131184507019,23.6355483435314,0.53,648.815338857385,649.686650702455,0.3,0.32258064516129,735.512809514999
1081,2,0.2,0.05,0,3000,300000,0.3,0.6,100,297.811548386804,303.491720464013,5.68017207720838,25.136575856704,0.59,644.45820646964,650.138378546849,0.3,0.348837209302326,741.772536754608
1082,2,0.3,0.05,0,3000,300000,0.3,0.6,100,301.071434681896,305.679174723921,4.60774004202571,21.8116473817227,0.55,646.745179423624,651.35291946565,0.3,0.379746835443038,737.139278888702
1083,2,0.4,0.05,0,3000,300000,0.3,0.6,100,297.395611384099,305.650319661583,8.25470827748386,26.3181669366726,0.65,644.91712782423,653.171836101714,0.3,0.416666666666667,738.62068271637
1084,2,0.5,0.05,0,3000,300000,0.3,0.6,100,307.760839651471,317.502478142119,9.74163849064882,25.9760217620474,0.66,649.858121245753,659.599759736402,0.3,0.461538461538462,840.458348035812
1085,2,0.1,0.1,0,3000,300000,0.3,0.6,100,313.867843247699,310.319678964412,-3.54816428328704,22.1037481134975,0.48,655.216737923583,651.668573640296,0.3,0.32258064516129,836.151737451553
1086,2,0.2,0.1,0,3000,300000,0.3,0.6,100,305.301926732068,307.710214292299,2.40828756023056,21.0343303403696,0.59,648.214470609904,650.622758170134,0.3,0.348837209302326,823.543678760529
1087,2,0.3,0.1,0,3000,300000,0.3,0.6,100,306.924634394054,314.346007655165,7.42137326111129,25.466825604786,0.58,651.155074166112,658.576447427223,0.3,0.379746835443038,779.398192882538
1088,2,0.4,0.1,0,3000,300000,0.3,0.6,100,315.610853153042,317.892644212096,2.28179105905395,22.4795464167766,0.53,655.432573225285,657.714364284339,0.3,0.416666666666667,781.328014850616
1089,2,0.5,0.1,0,3000,300000,0.3,0.6,100,296.849673524553,310.093700921315,13.2440273967623,23.0168565144502,0.75,645.595250569785,658.839277966547,0.3,0.461538461538462,737.388556480408
1090,2,0.1,0.2,0,3000,300000,0.3,0.6,100,305.0325122879,306.536587273239,1.50407498533938,24.5633060089365,0.56,648.8257461086,650.32982109394,0.3,0.32258064516129,793.520641803741
1091,2,0.2,0.2,0,3000,300000,0.3,0.6,100,311.112675118229,311.785645730836,0.672970612606769,29.175186280992,0.46,653.328414377581,654.001384990188,0.3,0.348837209302326,784.527472019196
1092,2,0.3,0.2,0,3000,300000,0.3,0.6,100,298.608019227024,302.484334832961,3.87631560593717,23.5135595234561,0.56,643.703154183221,647.579469789158,0.3,0.379746835443038,734.946466445923
1093,2,0.4,0.2,0,3000,300000,0.3,0.6,100,313.976434417306,321.424496101241,7.44806168393528,24.2955925246467,0.56,658.147979402033,665.596041085968,0.3,0.416666666666667,745.221686124802
1094,2,0.5,0.2,0,3000,300000,0.3,0.6,100,297.536470057361,309.782773083765,12.2463030264038,26.3116710480858,0.64,644.864544197498,657.110847223902,0.3,0.461538461538462,737.316825389862
1095,2,0.1,0.05,1,3000,300000,0.3,0.6,100,301.719064494558,304.033139403812,2.31407490925348,24.1208808079801,0.5,649.293963082193,651.608037991447,0.3,0.32258064516129,737.382956027985
1096,2,0.2,0.05,1,3000,300000,0.3,0.6,100,318.576905011979,319.469056916839,0.892151904859918,25.5395522033181,0.53,663.556791515272,664.448943420132,0.3,0.348837209302326,841.390100717545
1097,2,0.3,0.05,1,3000,300000,0.3,0.6,100,315.806204962898,324.212786022456,8.40658105955771,23.8616310744835,0.61,657.929347269386,666.335928328944,0.3,0.379746835443038,837.165531396866
1098,2,0.4,0.05,1,3000,300000,0.3,0.6,100,306.229724656808,315.088005915918,8.85828125911047,22.3425473553074,0.65,651.318241872743,660.176523131854,0.3,0.416666666666667,824.843934774399
1099,2,0.5,0.05,1,3000,300000,0.3,0.6,100,306.325748364793,321.737627692188,15.4118793273957,24.4040003975046,0.76,651.434759791735,666.846639119131,0.3,0.461538461538462,777.997830867767
1100,2,0.1,0.1,1,3000,300000,0.3,0.6,100,303.618762389089,305.131775415318,1.51301302622944,24.4713748593037,0.45,649.025313259122,650.538326285351,0.3,0.32258064516129,925.339205741882
1101,2,0.2,0.1,1,3000,300000,0.3,0.6,100,297.834796799932,304.710876331593,6.87607953166075,23.5384667065651,0.61,644.263199378616,651.139278910277,0.3,0.348837209302326,779.361433982849
1102,2,0.3,0.1,1,3000,300000,0.3,0.6,100,306.337591333036,311.526893178117,5.18930184508072,23.9152427752368,0.61,650.236544550696,655.425846395776,0.3,0.379746835443038,793.741546869278
1103,2,0.4,0.1,1,3000,300000,0.3,0.6,100,307.864707329643,313.989189090305,6.12448176066192,24.4386474443058,0.59,652.53920404575,658.663685806412,0.3,0.416666666666667,760.670090675354
1104,2,0.5,0.1,1,3000,300000,0.3,0.6,100,303.04513545927,312.13738289484,9.09224743557056,25.5277892105595,0.64,650.618384218173,659.710631653744,0.3,0.461538461538462,737.892372131348
1105,2,0.1,0.2,1,3000,300000,0.3,0.6,100,303.381741573318,305.332351798215,1.95061022489704,26.524013623039,0.49,652.262951283979,654.213561508877,0.3,0.32258064516129,743.414054393768
1106,2,0.2,0.2,1,3000,300000,0.3,0.6,100,303.698939703543,301.970345040081,-1.72859466346197,24.4382392386808,0.46,648.422055133674,646.693460470212,0.3,0.348837209302326,737.796257972717
1107,2,0.3,0.2,1,3000,300000,0.3,0.6,100,310.217507191989,319.628342395504,9.4108352035151,24.1939550346659,0.62,651.066934319291,660.477769522806,0.3,0.379746835443038,737.710849761963
1108,2,0.4,0.2,1,3000,300000,0.3,0.6,100,309.229207889603,314.114946053501,4.88573816389743,27.0516067160735,0.52,654.069960889969,658.955699053867,0.3,0.416666666666667,833.123761415482
1109,2,0.5,0.2,1,3000,300000,0.3,0.6,100,310.180067631907,319.704639659569,9.52457202766159,26.2436322640371,0.66,647.736430639187,657.261002666848,0.3,0.461538461538462,831.782759666443
1110,2,0.1,0.05,2,3000,300000,0.3,0.6,100,304.687744112226,304.143602547473,-0.544141564752431,22.2281590160188,0.46,648.580959628566,648.036818063814,0.3,0.32258064516129,829.517478704453
1111,2,0.2,0.05,2,3000,300000,0.3,0.6,100,302.521599648517,305.529870169607,3.0082705210898,24.9064306225166,0.56,645.055176890749,648.063447411839,0.3,0.348837209302326,780.020575284958
1112,2,0.3,0.05,2,3000,300000,0.3,0.6,100,309.754036341673,312.415055392614,2.66101905094155,24.5667336862647,0.44,654.245511505082,656.906530556023,0.3,0.379746835443038,779.533234834671
1113,2,0.4,0.05,2,3000,300000,0.3,0.6,100,296.083227279437,300.030747989094,3.94752070965768,24.8057326471347,0.53,650.022164821182,653.96968553084,0.3,0.416666666666667,780.47812461853
1114,2,0.5,0.05,2,3000,300000,0.3,0.6,100,290.720705256894,300.526439054376,9.80573379748258,28.9692644232417,0.59,637.662905293946,647.468639091428,0.3,0.461538461538462,791.471827507019
1115,2,0.1,0.1,2,3000,300000,0.3,0.6,100,302.504667143113,305.755451748583,3.25078460547016,22.8292845624088,0.59,649.568105136778,652.818889742248,0.3,0.32258064516129,764.916342020035
1116,2,0.2,0.1,2,3000,300000,0.3,0.6,100,304.876876527789,308.908019815512,4.03114328772294,26.4374890182187,0.56,650.251472513537,654.28261580126,0.3,0.348837209302326,734.857791900635
1117,2,0.3,0.1,2,3000,300000,0.3,0.6,100,299.583096537406,305.846523565623,6.26342702821609,21.0989089203205,0.59,645.358828767828,651.622255796045,0.3,0.379746835443038,740.984022140503
1118,2,0.4,0.1,2,3000,300000,0.3,0.6,100,313.159011801055,320.436333308408,7.27732150735281,24.6322842759987,0.61,658.095077554289,665.372399061642,0.3,0.416666666666667,736.421434640884
1119,2,0.5,0.1,2,3000,300000,0.3,0.6,100,304.142027509186,312.073058235923,7.93103072673706,22.8585259887673,0.65,647.465927964882,655.396958691619,0.3,0.461538461538462,738.250899076462
1120,2,0.1,0.2,2,3000,300000,0.3,0.6,100,306.067857846986,305.353314862959,-0.714542984027405,24.0959347933172,0.52,649.374627704758,648.660084720731,0.3,0.32258064516129,847.395460367203
1121,2,0.2,0.2,2,3000,300000,0.3,0.6,100,306.901764233359,312.074570184385,5.17280595102638,20.5268137492506,0.62,655.018744291762,660.191550242788,0.3,0.348837209302326,855.998073101044
1122,2,0.3,0.2,2,3000,300000,0.3,0.6,100,306.644752043354,312.51463276683,5.86988072347663,20.8439057463397,0.6,652.186460845321,658.056341568798,0.3,0.379746835443038,819.945634126663
1123,2,0.4,0.2,2,3000,300000,0.3,0.6,100,308.649850398951,318.073317924546,9.42346752559521,26.8381540365776,0.61,650.885237574219,660.308705099815,0.3,0.416666666666667,762.858274936676
1124,2,0.5,0.2,2,3000,300000,0.3,0.6,100,303.920047721177,308.567913625664,4.6478659044869,21.5819193509772,0.6,648.40042417646,653.048290080947,0.3,0.461538461538462,832.478806018829
1125,2,0.1,0.05,3,3000,300000,0.3,0.6,100,300.220581245052,299.84384902107,-0.37673222398174,22.9499523142394,0.46,642.485695469136,642.108963245154,0.3,0.32258064516129,735.415417194367
1126,2,0.2,0.05,3,3000,300000,0.3,0.6,100,310.604190640121,310.961716626579,0.357525986458027,21.3674369275305,0.58,653.559666096995,653.917192083452,0.3,0.348837209302326,791.633912324905
1127,2,0.3,0.05,3,3000,300000,0.3,0.6,100,308.949376439347,315.609096480871,6.65972004152318,24.5722623214117,0.59,652.988863958718,659.648584000241,0.3,0.379746835443038,756.80098605156
1128,2,0.4,0.05,3,3000,300000,0.3,0.6,100,307.811860436379,320.577634581126,12.7657741447465,27.118218382908,0.68,650.74052812433,663.506302269076,0.3,0.416666666666667,736.021147489548
1129,2,0.5,0.05,3,3000,300000,0.3,0.6,100,304.479450639797,312.224170296908,7.74471965711157,25.5518302929027,0.64,653.618500619984,661.363220277095,0.3,0.461538461538462,736.026736021042
1130,2,0.1,0.1,3,3000,300000,0.3,0.6,100,303.509234167758,307.201964197125,3.69273002936754,24.6696852807457,0.5,647.19676191553,650.889491944898,0.3,0.32258064516129,738.096379756928
1131,2,0.2,0.1,3,3000,300000,0.3,0.6,100,300.919986709671,301.884514723414,0.964528013743034,25.3905565955338,0.5,650.575756884612,651.540284898355,0.3,0.348837209302326,736.442752361298
1132,2,0.3,0.1,3,3000,300000,0.3,0.6,100,299.930365154808,308.174616579404,8.24425142459594,26.438299126242,0.62,647.219277414941,655.463528839537,0.3,0.379746835443038,854.626271009445
1133,2,0.4,0.1,3,3000,300000,0.3,0.6,100,302.769305802443,313.492011488086,10.7227056856436,22.809732883679,0.64,643.605103745516,654.327809431159,0.3,0.416666666666667,837.928536891937
1134,2,0.5,0.1,3,3000,300000,0.3,0.6,100,303.447341702221,313.270279961524,9.82293825930326,22.7881925437634,0.65,650.092869171811,659.915807431114,0.3,0.461538461538462,823.930065631867
1135,2,0.1,0.2,3,3000,300000,0.3,0.6,100,292.762993372616,295.185935438472,2.42294206585548,24.2144818250125,0.54,637.264619755427,639.687561821282,0.3,0.32258064516129,765.508538961411
1136,2,0.2,0.2,3,3000,300000,0.3,0.6,100,307.708542994092,311.521208773518,3.812665779426,25.5539726100864,0.55,652.491789102705,656.304454882131,0.3,0.348837209302326,770.2291264534
1137,2,0.3,0.2,3,3000,300000,0.3,0.6,100,296.890320557335,303.511378010261,6.62105745292597,25.4268000648777,0.56,643.963272875067,650.584330327993,0.3,0.379746835443038,777.898288726807
1138,2,0.4,0.2,3,3000,300000,0.3,0.6,100,307.792261665604,316.247454063059,8.45519239745478,24.7197914849763,0.64,657.118007051897,665.573199449352,0.3,0.416666666666667,793.31011223793
1139,2,0.5,0.2,3,3000,300000,0.3,0.6,100,305.625594730627,317.729375013484,12.1037802828572,22.5246966129881,0.71,651.446651310308,663.550431593165,0.3,0.461538461538462,762.683106184006
1140,2,0.1,0.05,0,6500,300000,0.3,0.6,100,303.590581966452,306.967254879734,3.37667291328137,21.330573760213,0.58,649.310358316593,652.687031229874,0.3,0.32258064516129,735.25879240036
1141,2,0.2,0.05,0,6500,300000,0.3,0.6,100,315.390095668827,316.930925183562,1.54082951473482,23.1910442417817,0.49,656.848190345094,658.389019859828,0.3,0.348837209302326,742.712038993836
1142,2,0.3,0.05,0,6500,300000,0.3,0.6,100,306.191827575819,309.182075558203,2.99024798238457,23.2597389435906,0.53,649.214751655537,652.204999637921,0.3,0.379746835443038,736.181032180786
1143,2,0.4,0.05,0,6500,300000,0.3,0.6,100,301.035516031399,305.96353978144,4.92802375004067,25.3335393012017,0.6,647.846176649292,652.774200399333,0.3,0.416666666666667,742.587228059769
1144,2,0.5,0.05,0,6500,300000,0.3,0.6,100,292.544991982356,304.208673151843,11.6636811694869,22.4337124341624,0.68,635.017321248573,646.681002418059,0.3,0.461538461538462,853.274350643158
1145,2,0.1,0.1,0,6500,300000,0.3,0.6,100,318.030680664557,319.328053465752,1.29737280119509,21.2167118975643,0.48,661.64209459906,662.939467400255,0.3,0.32258064516129,849.245749950409
1146,2,0.2,0.1,0,6500,300000,0.3,0.6,100,303.273791677273,309.928646953007,6.65485527573408,25.2821568238994,0.54,652.788514027141,659.443369302875,0.3,0.348837209302326,817.543449401856
1147,2,0.3,0.1,0,6500,300000,0.3,0.6,100,309.428803066462,314.071105502078,4.64230243561559,24.4500918022329,0.57,658.036551269625,662.678853705241,0.3,0.379746835443038,765.772929430008
1148,2,0.4,0.1,0,6500,300000,0.3,0.6,100,301.877629951496,310.566150334758,8.68852038326202,26.2419770194761,0.6,647.347749944449,656.036270327711,0.3,0.416666666666667,894.260755777359
1149,2,0.5,0.1,0,6500,300000,0.3,0.6,100,304.219320509061,316.597377395632,12.3780568865707,25.2535932200294,0.68,654.466349571639,666.84440645821,0.3,0.461538461538462,735.697625398636
1150,2,0.1,0.2,0,6500,300000,0.3,0.6,100,298.201803761237,301.177767241431,2.97596348019483,22.9574308870073,0.56,638.708427792073,641.684391272267,0.3,0.32258064516129,792.27938914299
1151,2,0.2,0.2,0,6500,300000,0.3,0.6,100,305.063077091979,308.346331632042,3.28325454006279,26.0897963583345,0.57,651.345989525996,654.629244066059,0.3,0.348837209302326,786.060786962509
1152,2,0.3,0.2,0,6500,300000,0.3,0.6,100,298.994081317175,300.529610149843,1.53552883266774,25.0887439183094,0.5,641.681591581928,643.217120414596,0.3,0.379746835443038,734.928328990936
1153,2,0.4,0.2,0,6500,300000,0.3,0.6,100,303.62500049354,306.694636499901,3.06963600636131,22.7257229749113,0.55,652.763314705213,655.832950711574,0.3,0.416666666666667,732.702153921127
1154,2,0.5,0.2,0,6500,300000,0.3,0.6,100,304.370725013706,315.420443986869,11.0497189731635,23.8568241050214,0.68,651.399570272856,662.44928924602,0.3,0.461538461538462,734.201368331909
1155,2,0.1,0.05,1,6500,300000,0.3,0.6,100,310.00047679385,307.381197532607,-2.61927926124226,21.5669809381971,0.49,657.562293129415,654.943013868172,0.3,0.32258064516129,736.913889408112
1156,2,0.2,0.05,1,6500,300000,0.3,0.6,100,307.443328892054,313.446835009344,6.00350611728966,21.0856416954946,0.62,651.012850078379,657.016356195669,0.3,0.348837209302326,830.903105258942
1157,2,0.3,0.05,1,6500,300000,0.3,0.6,100,298.411835687451,304.608693497511,6.19685781005985,22.5579735643847,0.62,647.371237463144,653.568095273204,0.3,0.379746835443038,825.007488489151
1158,2,0.4,0.05,1,6500,300000,0.3,0.6,100,301.827188941094,308.618172567157,6.79098362606324,24.1248715531154,0.61,647.402689414255,654.193673040318,0.3,0.416666666666667,820.044769525528
1159,2,0.5,0.05,1,6500,300000,0.3,0.6,100,312.220442830713,321.977472892606,9.75703006189306,22.4006110667036,0.66,654.982784972011,664.739815033904,0.3,0.461538461538462,769.275772809982
1160,2,0.1,0.1,1,6500,300000,0.3,0.6,100,310.970783319324,310.014978767508,-0.955804551816386,23.0640395593978,0.46,654.215193036583,653.259388484767,0.3,0.32258064516129,770.049226999283
1161,2,0.2,0.1,1,6500,300000,0.3,0.6,100,300.307296838821,303.968036781837,3.66073994301565,25.253289931722,0.54,644.651659574994,648.31239951801,0.3,0.348837209302326,736.770431518555
1162,2,0.3,0.1,1,6500,300000,0.3,0.6,100,314.154600358891,317.580827902135,3.42622754324424,24.7586106939292,0.5,653.746410663516,657.17263820676,0.3,0.379746835443038,775.370106458664
1163,2,0.4,0.1,1,6500,300000,0.3,0.6,100,306.162708449378,315.489690427827,9.32698197844896,24.6485735063536,0.64,652.852389412356,662.179371390805,0.3,0.416666666666667,753.47503900528
1164,2,0.5,0.1,1,6500,300000,0.3,0.6,100,307.403650238246,322.381317199346,14.9776669611004,25.107885947934,0.72,652.454767752879,667.432434713979,0.3,0.461538461538462,732.798044204712
1165,2,0.1,0.2,1,6500,300000,0.3,0.6,100,290.209020911563,294.485736091373,4.27671517981028,26.0505305375657,0.57,642.324200428446,646.600915608256,0.3,0.32258064516129,741.423947572708
1166,2,0.2,0.2,1,6500,300000,0.3,0.6,100,290.327096148772,297.335514208054,7.00841805928239,26.8740527495753,0.59,638.111084485047,645.119502544329,0.3,0.348837209302326,737.07133603096
1167,2,0.3,0.2,1,6500,300000,0.3,0.6,100,309.626284793003,313.406276851961,3.77999205895806,23.9932253736934,0.49,654.86535387449,658.645345933448,0.3,0.379746835443038,735.061763048172
1168,2,0.4,0.2,1,6500,300000,0.3,0.6,100,302.512511961899,312.309256216535,9.79674425463617,23.6862163880364,0.69,648.354541367288,658.151285621924,0.3,0.416666666666667,828.101659297943
1169,2,0.5,0.2,1,6500,300000,0.3,0.6,100,307.099746311824,317.585027072933,10.4852807611083,24.1833096710755,0.65,657.257075264747,667.742356025855,0.3,0.461538461538462,822.844718694687
1170,2,0.1,0.05,2,6500,300000,0.3,0.6,100,305.045267586219,302.159100398159,-2.88616718806038,25.5951157820687,0.42,649.152799679261,646.266632491201,0.3,0.32258064516129,822.91393494606
1171,2,0.2,0.05,2,6500,300000,0.3,0.6,100,306.813993544809,304.775674433629,-2.03831911118033,24.1179461970686,0.49,649.991501155121,647.95318204394,0.3,0.348837209302326,768.645782709122
1172,2,0.3,0.05,2,6500,300000,0.3,0.6,100,312.477383698751,317.425291574583,4.94790787583212,26.6666406872258,0.53,659.605104747781,664.553012623613,0.3,0.379746835443038,765.570986509323
1173,2,0.4,0.05,2,6500,300000,0.3,0.6,100,295.88061597486,304.447352854591,8.56673687973182,25.2707074544732,0.63,646.501186203092,655.067923082824,0.3,0.416666666666667,735.070454835892
1174,2,0.5,0.05,2,6500,300000,0.3,0.6,100,319.745078008553,330.845693420534,11.1006154119805,23.5240129791594,0.65,668.053377583896,679.153992995877,0.3,0.461538461538462,774.297786235809
1175,2,0.1,0.1,2,6500,300000,0.3,0.6,100,308.939748034223,312.218371631759,3.27862359753564,20.8286700933438,0.6,651.846598115759,655.125221713295,0.3,0.32258064516129,747.639796495438
1176,2,0.2,0.1,2,6500,300000,0.3,0.6,100,303.506591768602,305.006215918446,1.49962414984419,23.6465931671027,0.52,651.14305333147,652.642677481314,0.3,0.348837209302326,733.668266534805
1177,2,0.3,0.1,2,6500,300000,0.3,0.6,100,306.914299575299,311.230069032662,4.31576945736306,21.7955955252388,0.59,651.141304024493,655.457073481856,0.3,0.379746835443038,741.73221039772
1178,2,0.4,0.1,2,6500,300000,0.3,0.6,100,302.82883381694,309.799485377921,6.97065156098054,25.7405687600094,0.58,641.429158970932,648.399810531912,0.3,0.416666666666667,735.248581886292
1179,2,0.5,0.1,2,6500,300000,0.3,0.6,100,289.534732934276,300.867978558507,11.3332456242303,25.2164484040142,0.67,640.047313340799,651.380558965029,0.3,0.461538461538462,737.309941053391
1180,2,0.1,0.2,2,6500,300000,0.3,0.6,100,316.940364877744,319.015186687686,2.0748218099414,26.2752978655112,0.54,657.577198025505,659.652019835447,0.3,0.32258064516129,827.100247621536
1181,2,0.2,0.2,2,6500,300000,0.3,0.6,100,306.917948236776,307.697493744411,0.779545507635135,24.8119189899683,0.5,651.719644510446,652.499190018081,0.3,0.348837209302326,824.146359920502
1182,2,0.3,0.2,2,6500,300000,0.3,0.6,100,305.607095521888,314.070274190267,8.46317866837963,27.930394028881,0.63,653.08891240731,661.55209107569,0.3,0.379746835443038,820.337200164795
1183,2,0.4,0.2,2,6500,300000,0.3,0.6,100,309.609880396644,312.845738439687,3.23585804304341,23.3036871235775,0.52,656.190271106241,659.426129149284,0.3,0.416666666666667,770.321806192398
1184,2,0.5,0.2,2,6500,300000,0.3,0.6,100,307.015621982802,315.710208724158,8.6945867413555,18.8785608725447,0.69,648.800052550258,657.494639291614,0.3,0.461538461538462,766.30808877945
1185,2,0.1,0.05,3,6500,300000,0.3,0.6,100,306.535402278487,304.410542211073,-2.12486006741385,25.9078305270378,0.49,656.130763187679,654.005903120265,0.3,0.32258064516129,736.924899339676
1186,2,0.2,0.05,3,6500,300000,0.3,0.6,100,306.623476141782,312.247598827836,5.62412268605392,22.4498931774781,0.56,653.341451864782,658.965574550836,0.3,0.348837209302326,772.996585607529
1187,2,0.3,0.05,3,6500,300000,0.3,0.6,100,307.30861225157,313.888726442965,6.58011419139497,26.6868612737951,0.59,657.581981876183,664.162096067578,0.3,0.379746835443038,749.765118360519
1188,2,0.4,0.05,3,6500,300000,0.3,0.6,100,300.549385939175,306.986353988441,6.4369680492658,23.8203977825224,0.64,646.741105760583,653.178073809848,0.3,0.416666666666667,735.13091135025
1189,2,0.5,0.05,3,6500,300000,0.3,0.6,100,302.999487472191,312.755958526076,9.75647105388497,24.6759193114299,0.6,649.455908487179,659.212379541064,0.3,0.461538461538462,734.471791744232
1190,2,0.1,0.1,3,6500,300000,0.3,0.6,100,318.7549654468,316.280716868673,-2.47424857812645,22.3079146827977,0.43,661.207524397473,658.733275819347,0.3,0.32258064516129,736.736173629761
1191,2,0.2,0.1,3,6500,300000,0.3,0.6,100,309.799075475501,316.811710788437,7.01263531293619,26.2274909798458,0.61,654.792223309903,661.804858622839,0.3,0.348837209302326,735.8406457901
1192,2,0.3,0.1,3,6500,300000,0.3,0.6,100,308.013602210881,314.305253135348,6.29165092446713,25.1707287066348,0.58,656.485693213247,662.777344137714,0.3,0.379746835443038,826.964207410812
1193,2,0.4,0.1,3,6500,300000,0.3,0.6,100,303.297301314331,307.452245956344,4.15494464201353,22.9035791999389,0.57,651.780566297278,655.935510939291,0.3,0.416666666666667,826.17334151268
1194,2,0.5,0.1,3,6500,300000,0.3,0.6,100,300.580661226575,310.019394124977,9.43873289840224,21.9308087467423,0.71,647.946829730196,657.385562628599,0.3,0.461538461538462,817.889361858368
1195,2,0.1,0.2,3,6500,300000,0.3,0.6,100,298.199172574079,301.927319087635,3.72814651355638,24.7590007391451,0.55,642.143107782213,645.87125429577,0.3,0.32258064516129,773.292655944824
1196,2,0.2,0.2,3,6500,300000,0.3,0.6,100,311.451190009257,312.553923721863,1.1027337126064,22.0068864813161,0.49,655.84120380932,656.943937521927,0.3,0.348837209302326,768.413429021835
1197,2,0.3,0.2,3,6500,300000,0.3,0.6,100,303.247263323794,307.193542326651,3.94627900285766,22.9946383596065,0.53,647.680002609458,651.626281612316,0.3,0.379746835443038,764.959878206253
1198,2,0.4,0.2,3,6500,300000,0.3,0.6,100,307.831292820177,311.968141993228,4.13684917305139,23.5984785651017,0.49,656.699092375015,660.835941548066,0.3,0.416666666666667,783.779780626297
1199,2,0.5,0.2,3,6500,300000,0.3,0.6,100,305.444384264549,321.510404017655,16.0660197531062,22.8704560908209,0.77,651.327692917483,667.393712670589,0.3,0.461538461538462,751.057054996491
1200,2,0.1,0.05,0,10000,300000,0.3,0.6,100,301.038479262173,304.76912509009,3.73064582791716,27.7785140609411,0.54,642.97964180091,646.710287628827,0.3,0.32258064516129,736.340279102326
1201,2,0.2,0.05,0,10000,300000,0.3,0.6,100,305.566754959252,309.824858930266,4.25810397101338,21.8554558190775,0.54,650.948222049958,655.206326020972,0.3,0.348837209302326,743.777252435684
1202,2,0.3,0.05,0,10000,300000,0.3,0.6,100,306.702547772517,311.00958374449,4.30703597197387,24.4090466660441,0.54,648.217031042592,652.524067014566,0.3,0.379746835443038,737.680446386337
1203,2,0.4,0.05,0,10000,300000,0.3,0.6,100,299.17531374698,304.293355889832,5.11804214285123,21.721062858006,0.54,646.814327681931,651.932369824782,0.3,0.416666666666667,737.414679050446
1204,2,0.5,0.05,0,10000,300000,0.3,0.6,100,297.654440168475,306.365536816326,8.71109664785082,23.0278141717867,0.66,644.225863810359,652.93696045821,0.3,0.461538461538462,829.189146518707
1205,2,0.1,0.1,0,10000,300000,0.3,0.6,100,299.488808427056,300.92085708876,1.43204866170376,23.8018277308189,0.54,647.782263629943,649.214312291647,0.3,0.32258064516129,833.382560491562
1206,2,0.2,0.1,0,10000,300000,0.3,0.6,100,303.699751295303,307.872663142356,4.17291184705272,24.8177306082076,0.57,645.59705404383,649.769965890883,0.3,0.348837209302326,815.329186916351
1207,2,0.3,0.1,0,10000,300000,0.3,0.6,100,314.418982137325,318.9693944353,4.5504122979753,21.4104595963678,0.61,659.961736334725,664.512148632701,0.3,0.379746835443038,773.499134778977
1208,2,0.4,0.1,0,10000,300000,0.3,0.6,100,309.613043094722,316.344776016596,6.7317329218748,22.9785269633358,0.57,657.242125201954,663.973858123829,0.3,0.416666666666667,820.151139497757
1209,2,0.5,0.1,0,10000,300000,0.3,0.6,100,310.685638898194,318.906263223592,8.22062432539872,24.6429300286681,0.63,655.073157789673,663.293782115072,0.3,0.461538461538462,733.59043264389
1210,2,0.1,0.2,0,10000,300000,0.3,0.6,100,298.541364113802,298.649221485712,0.107857371910172,25.1721055805621,0.57,647.19920567752,647.30706304943,0.3,0.32258064516129,774.632691621781
1211,2,0.2,0.2,0,10000,300000,0.3,0.6,100,304.164401733023,308.011650769918,3.84724903689453,20.7918535077417,0.56,649.606401920942,653.453650957836,0.3,0.348837209302326,751.676923751831
1212,2,0.3,0.2,0,10000,300000,0.3,0.6,100,318.804681184303,319.479345683076,0.674664498772934,20.7498167127435,0.48,662.870951807969,663.545616306742,0.3,0.379746835443038,735.851012945175
1213,2,0.4,0.2,0,10000,300000,0.3,0.6,100,313.194288523197,321.550359367379,8.35607084418209,26.0709852279045,0.61,656.330300974372,664.686371818554,0.3,0.416666666666667,741.761007547379
1214,2,0.5,0.2,0,10000,300000,0.3,0.6,100,301.965337595443,317.201975999609,15.2366384041663,25.2295119632481,0.7,647.997129300367,663.233767704534,0.3,0.461538461538462,734.713181972504
1215,2,0.1,0.05,1,10000,300000,0.3,0.6,100,295.145135708182,299.045332108765,3.90019640058248,21.7465225779757,0.57,644.3685131606,648.268709561182,0.3,0.32258064516129,737.739121198654
1216,2,0.2,0.05,1,10000,300000,0.3,0.6,100,305.421391981578,308.950806206118,3.52941422454049,26.5586466832013,0.56,647.607599526671,651.137013751212,0.3,0.348837209302326,834.949616193771
1217,2,0.3,0.05,1,10000,300000,0.3,0.6,100,300.655971863059,306.974764839767,6.31879297670797,23.0530039205787,0.62,650.489474297104,656.808267273812,0.3,0.379746835443038,832.603165626526
1218,2,0.4,0.05,1,10000,300000,0.3,0.6,100,304.529921429075,312.741654401661,8.21173297258578,22.3338336991119,0.63,646.762994526905,654.974727499491,0.3,0.416666666666667,818.525628328323
1219,2,0.5,0.05,1,10000,300000,0.3,0.6,100,303.398054746165,313.431305111095,10.0332503649297,21.8340467089482,0.63,649.311058586034,659.344308950963,0.3,0.461538461538462,774.061283349991
1220,2,0.1,0.1,1,10000,300000,0.3,0.6,100,301.166059307483,305.119467071019,3.95340776353663,23.4075137649956,0.57,643.873788702848,647.827196466385,0.3,0.32258064516129,767.663995981217
1221,2,0.2,0.1,1,10000,300000,0.3,0.6,100,301.131443406044,304.157383817229,3.02594041118483,22.2962152610028,0.49,651.008617204772,654.034557615957,0.3,0.348837209302326,733.071360826492
1222,2,0.3,0.1,1,10000,300000,0.3,0.6,100,313.779975972056,319.486485153718,5.70650918166213,23.2742450603021,0.62,660.344911165424,666.051420347086,0.3,0.379746835443038,778.539326190949
1223,2,0.4,0.1,1,10000,300000,0.3,0.6,100,304.747910151626,312.774274163678,8.026364012052,20.8195672667906,0.63,649.778691673402,657.805055685454,0.3,0.416666666666667,753.544349431992
1224,2,0.5,0.1,1,10000,300000,0.3,0.6,100,298.853405450651,311.248032331427,12.3946268807766,24.5573358941752,0.63,644.754883018,657.149509898776,0.3,0.461538461538462,736.868887424469
1225,2,0.1,0.2,1,10000,300000,0.3,0.6,100,301.318659608329,304.833252819637,3.51459321130828,26.6423810813963,0.5,642.413191086519,645.927784297827,0.3,0.32258064516129,742.015789031983
1226,2,0.2,0.2,1,10000,300000,0.3,0.6,100,308.366839321152,310.24362031282,1.87678099166713,24.1671089122862,0.51,652.909385411962,654.786166403629,0.3,0.348837209302326,734.607400178909
1227,2,0.3,0.2,1,10000,300000,0.3,0.6,100,306.214364949595,311.249855358511,5.0354904089156,26.6713448577618,0.59,651.722953882352,656.758444291268,0.3,0.379746835443038,738.930701494217
1228,2,0.4,0.2,1,10000,300000,0.3,0.6,100,291.758015669925,301.54923338381,9.79121771388518,23.5708091087551,0.65,636.299237150205,646.09045486409,0.3,0.416666666666667,836.755688905716
1229,2,0.5,0.2,1,10000,300000,0.3,0.6,100,318.89964437184,327.63938728093,8.73974290909023,25.9224092951169,0.7,660.371496290683,669.111239199773,0.3,0.461538461538462,822.790261983871
1230,2,0.1,0.05,2,10000,300000,0.3,0.6,100,310.52216697336,310.395546932005,-0.126620041354172,22.3554063587368,0.5,654.036625319137,653.910005277783,0.3,0.32258064516129,824.119406938553
1231,2,0.2,0.05,2,10000,300000,0.3,0.6,100,298.263216486467,309.028942207966,10.765725721499,24.8170194960514,0.68,647.499445025408,658.265170746907,0.3,0.348837209302326,774.50359749794
1232,2,0.3,0.05,2,10000,300000,0.3,0.6,100,307.587906069347,313.189216116843,5.60131004749546,22.8767796442221,0.61,653.767769570263,659.369079617758,0.3,0.379746835443038,772.783338308334
1233,2,0.4,0.05,2,10000,300000,0.3,0.6,100,299.86580584305,308.291325848245,8.42552000519561,19.9793906207684,0.68,646.923784031444,655.349304036639,0.3,0.416666666666667,765.271184921265
1234,2,0.5,0.05,2,10000,300000,0.3,0.6,100,302.221181564856,313.112326959405,10.8911453945488,20.471290791032,0.7,650.508929458634,661.400074853183,0.3,0.461538461538462,787.41456246376
1235,2,0.1,0.1,2,10000,300000,0.3,0.6,100,296.933673385205,299.231116037898,2.29744265269323,24.9901253928475,0.54,647.444336619971,649.741779272664,0.3,0.32258064516129,753.727858781815
1236,2,0.2,0.1,2,10000,300000,0.3,0.6,100,303.099287940996,306.854702209209,3.75541426821281,23.0622542240082,0.54,648.893177665802,652.648591934015,0.3,0.348837209302326,737.050846099854
1237,2,0.3,0.1,2,10000,300000,0.3,0.6,100,305.661095451127,313.552717662794,7.89162221166623,22.8033500063897,0.61,653.941261692468,661.832883904134,0.3,0.379746835443038,735.815776824951
1238,2,0.4,0.1,2,10000,300000,0.3,0.6,100,299.442607931935,308.965414412345,9.52280648041012,20.800335681265,0.71,648.748236034786,658.271042515196,0.3,0.416666666666667,737.591729402542
1239,2,0.5,0.1,2,10000,300000,0.3,0.6,100,305.27682599232,316.904902470462,11.6280764781422,24.4529786766141,0.68,648.270325809483,659.898402287626,0.3,0.461538461538462,738.447227239609
1240,2,0.1,0.2,2,10000,300000,0.3,0.6,100,304.263365300096,305.285240444719,1.02187514462278,24.132370032199,0.47,646.763006232305,647.784881376928,0.3,0.32258064516129,835.174144029617
1241,2,0.2,0.2,2,10000,300000,0.3,0.6,100,309.697673088323,314.276962385324,4.57928929700093,22.4939766822447,0.67,654.990125793779,659.56941509078,0.3,0.348837209302326,827.795052051544
1242,2,0.3,0.2,2,10000,300000,0.3,0.6,100,299.040329746733,304.501590296286,5.46126054955292,24.7022782567,0.61,644.031235251026,649.492495800579,0.3,0.379746835443038,815.615505695343
1243,2,0.4,0.2,2,10000,300000,0.3,0.6,100,306.922235741695,311.593131836143,4.67089609444723,25.3647814562541,0.57,653.226092843158,657.896988937605,0.3,0.416666666666667,769.712945461273
1244,2,0.5,0.2,2,10000,300000,0.3,0.6,100,310.311837511502,320.540067666271,10.2282301547694,21.1970496394662,0.68,655.821630002526,666.049860157296,0.3,0.461538461538462,774.118938207626
1245,2,0.1,0.05,3,10000,300000,0.3,0.6,100,307.52343691728,309.702347968565,2.17891105128476,24.7400877013041,0.61,656.338068161709,658.516979212994,0.3,0.32258064516129,767.813608169556
1246,2,0.2,0.05,3,10000,300000,0.3,0.6,100,301.369781143142,302.22818205425,0.858400911108104,23.8316743110877,0.53,649.296389865804,650.154790776912,0.3,0.348837209302326,787.542929649353
1247,2,0.3,0.05,3,10000,300000,0.3,0.6,100,299.956268133266,309.052320107393,9.096051974127,25.8566298963898,0.64,645.578110389537,654.674162363664,0.3,0.379746835443038,748.913344621658
1248,2,0.4,0.05,3,10000,300000,0.3,0.6,100,303.267559563329,309.422964060169,6.15540449684012,24.4851910969408,0.61,649.551718505363,655.707123002204,0.3,0.416666666666667,734.149812936783
1249,2,0.5,0.05,3,10000,300000,0.3,0.6,100,308.100847146156,324.400706403414,16.2998592572579,21.5807708471936,0.72,652.085143962004,668.385003219262,0.3,0.461538461538462,754.616969108582
1250,2,0.1,0.1,3,10000,300000,0.3,0.6,100,309.204917857852,306.024848609783,-3.18006924806954,22.7507874248536,0.45,656.403474618988,653.223405370919,0.3,0.32258064516129,736.687076091766
1251,2,0.2,0.1,3,10000,300000,0.3,0.6,100,302.323102772195,306.163148665864,3.84004589366939,24.8587710165544,0.53,644.767436979063,648.607482872732,0.3,0.348837209302326,739.135038137436
1252,2,0.3,0.1,3,10000,300000,0.3,0.6,100,312.153366093151,317.809099177819,5.65573308466805,25.7680331281664,0.6,654.678541451177,660.334274535845,0.3,0.379746835443038,830.228485107422
1253,2,0.4,0.1,3,10000,300000,0.3,0.6,100,308.750541908743,316.181724648598,7.43118273985502,25.3971779636741,0.59,651.347031052657,658.778213792512,0.3,0.416666666666667,832.402468204498
1254,2,0.5,0.1,3,10000,300000,0.3,0.6,100,297.258676793442,307.184987090422,9.92631029698011,27.1635134240307,0.6,642.786174161669,652.712484458649,0.3,0.461538461538462,816.621951341629
1255,2,0.1,0.2,3,10000,300000,0.3,0.6,100,313.074516353737,310.285311818255,-2.78920453548207,24.3194704085008,0.42,662.249011827602,659.459807292119,0.3,0.32258064516129,771.646287202835
1256,2,0.2,0.2,3,10000,300000,0.3,0.6,100,311.919020362184,315.000182877503,3.08116251531905,23.3442798295999,0.54,655.149466115192,658.230628630511,0.3,0.348837209302326,775.168672323227
1257,2,0.3,0.2,3,10000,300000,0.3,0.6,100,296.303091377943,304.674798810892,8.37170743294897,24.3484401429914,0.62,646.40237640809,654.774083841038,0.3,0.379746835443038,769.140980958939
1258,2,0.4,0.2,3,10000,300000,0.3,0.6,100,303.06945552467,310.363462247235,7.29400672256516,25.5473716146282,0.59,648.268755726915,655.56276244948,0.3,0.416666666666667,787.536032915115
1259,2,0.5,0.2,3,10000,300000,0.3,0.6,100,314.38653386942,324.50162117514,10.1150873057197,20.7726061430468,0.71,662.53816944666,672.65325675238,0.3,0.461538461538462,756.164194345474
1260,2,0.1,0.05,0,13500,300000,0.3,0.6,100,303.928760015274,309.664353141919,5.73559312664454,24.2420847682624,0.63,651.14242196956,656.878015096205,0.3,0.32258064516129,734.759116888046
1261,2,0.2,0.05,0,13500,300000,0.3,0.6,100,302.737163418707,305.228964170693,2.49180075198605,22.3514086642926,0.56,646.850915662261,649.342716414247,0.3,0.348837209302326,742.596779108048
1262,2,0.3,0.05,0,13500,300000,0.3,0.6,100,307.812288589818,315.91983418826,8.10754559844233,24.54151728154,0.6,648.800390378627,656.907935977069,0.3,0.379746835443038,740.537769556046
1263,2,0.4,0.05,0,13500,300000,0.3,0.6,100,298.646139060662,309.296414382826,10.6502753221641,26.5340740820877,0.71,648.311513038992,658.961788361157,0.3,0.416666666666667,737.407770395279
1264,2,0.5,0.05,0,13500,300000,0.3,0.6,100,296.099631870099,307.099072227692,10.9994403575932,24.1193203542172,0.68,646.436532286951,657.435972644544,0.3,0.461538461538462,840.899510860443
1265,2,0.1,0.1,0,13500,300000,0.3,0.6,100,298.066761017294,300.902628808672,2.83586779137894,21.5112323565104,0.53,646.915716901603,649.751584692982,0.3,0.32258064516129,855.030161142349
1266,2,0.2,0.1,0,13500,300000,0.3,0.6,100,301.359253073628,304.723105060612,3.36385198698358,19.6426684513553,0.56,647.28485684968,650.648708836664,0.3,0.348837209302326,822.027288198471
1267,2,0.3,0.1,0,13500,300000,0.3,0.6,100,294.258525836576,300.950937458598,6.6924116220219,20.3203481426718,0.67,642.211796056477,648.904207678499,0.3,0.379746835443038,785.410415172577
1268,2,0.4,0.1,0,13500,300000,0.3,0.6,100,313.116643447098,318.463159703201,5.34651625610344,22.7332146948136,0.59,658.164054829502,663.510571085605,0.3,0.416666666666667,783.298463582993
1269,2,0.5,0.1,0,13500,300000,0.3,0.6,100,304.606217775612,313.936413200918,9.33019542530596,24.6193686866931,0.58,653.379956826156,662.710152251462,0.3,0.461538461538462,769.677351951599
1270,2,0.1,0.2,0,13500,300000,0.3,0.6,100,309.214226585134,309.046084279576,-0.168142305557824,24.1283803228434,0.48,654.924658980813,654.756516675255,0.3,0.32258064516129,786.095036029816
1271,2,0.2,0.2,0,13500,300000,0.3,0.6,100,307.999013509082,311.565286289859,3.56627278077659,24.4286239698439,0.53,654.301742907421,657.868015688197,0.3,0.348837209302326,750.538160324097
1272,2,0.3,0.2,0,13500,300000,0.3,0.6,100,312.650844847765,316.713722722479,4.0628778747141,22.2388352973231,0.59,658.195421064055,662.258298938769,0.3,0.379746835443038,735.430053472519
1273,2,0.4,0.2,0,13500,300000,0.3,0.6,100,314.418120561664,320.04718075583,5.62906019416657,24.291717562312,0.51,654.973295540304,660.60235573447,0.3,0.416666666666667,736.156378984451
1274,2,0.5,0.2,0,13500,300000,0.3,0.6,100,303.90163119926,314.485500474515,10.5838692752554,24.0143494228751,0.64,654.071782618308,664.655651893564,0.3,0.461538461538462,737.329620838165
1275,2,0.1,0.05,1,13500,300000,0.3,0.6,100,302.720294245697,303.932211981123,1.21191773542556,25.6179545832362,0.52,649.377171564254,650.58908929968,0.3,0.32258064516129,737.98539853096
1276,2,0.2,0.05,1,13500,300000,0.3,0.6,100,321.859317404841,322.751007705814,0.891690300973151,24.0694688693452,0.49,666.451176066338,667.342866367311,0.3,0.348837209302326,853.525841236115
1277,2,0.3,0.05,1,13500,300000,0.3,0.6,100,304.594785241946,314.318823821438,9.72403857949173,23.2652275253836,0.63,650.925650450865,660.649689030356,0.3,0.379746835443038,830.221225500107
1278,2,0.4,0.05,1,13500,300000,0.3,0.6,100,300.930603926061,311.603510255118,10.6729063290572,29.1522885777589,0.67,649.18636870714,659.859275036197,0.3,0.416666666666667,828.37598323822
1279,2,0.5,0.05,1,13500,300000,0.3,0.6,100,301.311094738185,312.702267002312,11.3911722641279,24.5479796914117,0.68,645.580587013821,656.971759277949,0.3,0.461538461538462,788.020121097565
1280,2,0.1,0.1,1,13500,300000,0.3,0.6,100,299.953870831915,301.090699341178,1.13682850926258,22.8616579003194,0.5,643.912835472148,645.04966398141,0.3,0.32258064516129,782.689984798431
1281,2,0.2,0.1,1,13500,300000,0.3,0.6,100,298.624482379837,305.951794714631,7.32731233479336,21.3890902073398,0.6,652.159395311539,659.486707646332,0.3,0.348837209302326,767.008416891098
1282,2,0.3,0.1,1,13500,300000,0.3,0.6,100,308.075817820484,311.94738799206,3.87157017157639,20.9100546999589,0.57,652.089335270286,655.960905441862,0.3,0.379746835443038,789.186909914017
1283,2,0.4,0.1,1,13500,300000,0.3,0.6,100,299.814438477487,308.652223739314,8.83778526182734,22.1963424351619,0.66,647.42219505534,656.259980317168,0.3,0.416666666666667,752.832451343536
1284,2,0.5,0.1,1,13500,300000,0.3,0.6,100,304.548811268325,314.747918698571,10.1991074302453,22.7614870298874,0.65,651.860716222698,662.059823652943,0.3,0.461538461538462,737.427735328674
1285,2,0.1,0.2,1,13500,300000,0.3,0.6,100,302.550764955137,304.125816525998,1.57505157086076,22.9629545997519,0.54,653.043595370518,654.618646941379,0.3,0.32258064516129,751.869425535202
1286,2,0.2,0.2,1,13500,300000,0.3,0.6,100,302.137738616077,303.454138043538,1.31639942746045,24.8354293789323,0.47,648.60824716147,649.924646588931,0.3,0.348837209302326,736.884737730026
1287,2,0.3,0.2,1,13500,300000,0.3,0.6,100,298.530591464236,305.83737830876,7.30678684452398,25.2527903326931,0.65,641.166387533156,648.47317437768,0.3,0.379746835443038,739.722301006317
1288,2,0.4,0.2,1,13500,300000,0.3,0.6,100,300.159448009649,310.915859636965,10.7564116273155,26.2327583228693,0.66,647.620977759151,658.377389386466,0.3,0.416666666666667,859.40509557724
1289,2,0.5,0.2,1,13500,300000,0.3,0.6,100,299.231292895986,312.354285230544,13.1229923345588,22.2123156112793,0.7,649.490633808663,662.613626143222,0.3,0.461538461538462,855.645650863647
1290,2,0.1,0.05,2,13500,300000,0.3,0.6,100,304.082669916514,306.958468289986,2.87579837347202,23.2622642356708,0.54,647.767151448367,650.642949821839,0.3,0.32258064516129,817.294441461563
1291,2,0.2,0.05,2,13500,300000,0.3,0.6,100,306.234345548509,306.729550107393,0.495204558883995,22.9771242851727,0.51,649.979911857443,650.475116416328,0.3,0.348837209302326,786.30769610405
1292,2,0.3,0.05,2,13500,300000,0.3,0.6,100,295.411285402637,303.303338013278,7.89205261064103,29.2113738193663,0.63,638.428724855042,646.320777465683,0.3,0.379746835443038,788.733320236206
1293,2,0.4,0.05,2,13500,300000,0.3,0.6,100,304.196270630102,311.350246111617,7.15397548151504,20.9611034588823,0.64,648.880285658323,656.034261139838,0.3,0.416666666666667,776.077663421631
1294,2,0.5,0.05,2,13500,300000,0.3,0.6,100,307.624471184725,317.140231160594,9.51575997586927,25.7060758509325,0.62,654.432641604664,663.948401580533,0.3,0.461538461538462,787.685992002487
1295,2,0.1,0.1,2,13500,300000,0.3,0.6,100,305.900055079225,308.602363631788,2.70230855256292,20.8160969666022,0.55,653.845133358392,656.547441910955,0.3,0.32258064516129,755.575706481934
1296,2,0.2,0.1,2,13500,300000,0.3,0.6,100,306.612138161865,310.003056497411,3.39091833554547,18.4511573552033,0.58,650.040197023075,653.43111535862,0.3,0.348837209302326,736.585804700852
1297,2,0.3,0.1,2,13500,300000,0.3,0.6,100,301.405728212243,311.075140786789,9.66941257454569,21.8190025759285,0.66,644.276642368769,653.946054943315,0.3,0.379746835443038,735.430414915085
1298,2,0.4,0.1,2,13500,300000,0.3,0.6,100,311.709705889094,320.685243062745,8.97553717365118,25.3645724516654,0.63,655.237767422445,664.213304596096,0.3,0.416666666666667,736.778678655624
1299,2,0.5,0.1,2,13500,300000,0.3,0.6,100,299.844390043796,311.178082354519,11.3336923107234,22.6532891753693,0.67,645.526548744286,656.860241055009,0.3,0.461538461538462,738.08640909195
1300,2,0.1,0.2,2,13500,300000,0.3,0.6,100,300.762313341413,307.161817735137,6.39950439372391,25.5643189814978,0.56,645.32664535897,651.726149752694,0.3,0.32258064516129,832.046344995499
1301,2,0.2,0.2,2,13500,300000,0.3,0.6,100,303.701618863565,305.117385458028,1.4157665944629,23.5917874348111,0.46,650.493358164744,651.909124759207,0.3,0.348837209302326,824.546725749969
1302,2,0.3,0.2,2,13500,300000,0.3,0.6,100,314.86426553234,320.140640317269,5.27637478492873,22.1213682058419,0.58,662.05318782873,667.329562613659,0.3,0.379746835443038,823.653643131256
1303,2,0.4,0.2,2,13500,300000,0.3,0.6,100,317.015386393358,322.423556734488,5.40817034112962,24.6662775092075,0.55,661.996457508643,667.404627849773,0.3,0.416666666666667,787.064222335815
1304,2,0.5,0.2,2,13500,300000,0.3,0.6,100,304.562639839048,313.614922836454,9.05228299740591,21.1670710165508,0.66,655.456835774608,664.509118772014,0.3,0.461538461538462,786.023984432221
1305,2,0.1,0.05,3,13500,300000,0.3,0.6,100,307.198868860261,307.724524678468,0.525655818207092,23.4652907842583,0.49,653.200472022223,653.72612784043,0.3,0.32258064516129,735.643127918243
1306,2,0.2,0.05,3,13500,300000,0.3,0.6,100,308.996251652277,312.797987528794,3.80173587651651,24.0772048745641,0.52,656.492206348376,660.293942224893,0.3,0.348837209302326,778.649513483048
1307,2,0.3,0.05,3,13500,300000,0.3,0.6,100,306.657654329876,316.314343058547,9.65668872867129,26.3977315311685,0.65,650.47256244347,660.129251172141,0.3,0.379746835443038,752.005051374435
1308,2,0.4,0.05,3,13500,300000,0.3,0.6,100,302.192946628234,305.924672632565,3.73172600433083,25.603584501166,0.59,648.59552548664,652.327251490971,0.3,0.416666666666667,733.795733451843
1309,2,0.5,0.05,3,13500,300000,0.3,0.6,100,304.027205896235,315.880904032301,11.8536981360657,21.77510388937,0.69,651.5433277139,663.397025849966,0.3,0.461538461538462,762.378110647202
1310,2,0.1,0.1,3,13500,300000,0.3,0.6,100,305.538719981371,312.307378602156,6.76865862078414,21.5579026773788,0.66,649.273823104373,656.042481725157,0.3,0.32258064516129,737.789290904999
1311,2,0.2,0.1,3,13500,300000,0.3,0.6,100,300.897792976215,309.63696583397,8.73917285775491,24.6514420925761,0.59,648.760914142416,657.500087000171,0.3,0.348837209302326,736.396360397339
1312,2,0.3,0.1,3,13500,300000,0.3,0.6,100,301.011498280496,307.144580159831,6.13308187933539,17.1551601935896,0.62,643.7045374976,649.837619376935,0.3,0.379746835443038,830.583385229111
1313,2,0.4,0.1,3,13500,300000,0.3,0.6,100,309.348702741444,316.872619331185,7.5239165897403,24.772460451834,0.55,655.641884322991,663.165800912731,0.3,0.416666666666667,827.723218917847
1314,2,0.5,0.1,3,13500,300000,0.3,0.6,100,303.273646080763,314.353912081743,11.0802660009803,24.0930103760597,0.69,647.028581996696,658.108847997676,0.3,0.461538461538462,816.66103553772
1315,2,0.1,0.2,3,13500,300000,0.3,0.6,100,309.943223026565,308.635404977318,-1.30781804924734,23.1599311864641,0.46,657.305986219954,655.998168170707,0.3,0.32258064516129,800.076816558838
1316,2,0.2,0.2,3,13500,300000,0.3,0.6,100,310.425592599319,309.530599977119,-0.89499262220065,20.6271053544591,0.46,651.288282489562,650.393289867362,0.3,0.348837209302326,784.892068624497
1317,2,0.3,0.2,3,13500,300000,0.3,0.6,100,307.676193166138,315.384900211352,7.70870704521461,24.3873777541899,0.64,650.11750378627,657.826210831484,0.3,0.379746835443038,781.349946022034
1318,2,0.4,0.2,3,13500,300000,0.3,0.6,100,300.241319555052,309.682900755222,9.44158120017021,25.4222745166298,0.64,647.165584450154,656.607165650324,0.3,0.416666666666667,779.498234987259
1319,2,0.5,0.2,3,13500,300000,0.3,0.6,100,311.143498807155,323.500973813736,12.3574750065816,21.405382938903,0.7,654.785608401706,667.143083408287,0.3,0.461538461538462,748.548116922379
1320,2,0.1,0.05,0,17000,300000,0.3,0.6,100,312.877549098689,309.00206934175,-3.87547975693905,25.1964048939908,0.42,657.517364687264,653.641884930325,0.3,0.32258064516129,735.442393064499
1321,2,0.2,0.05,0,17000,300000,0.3,0.6,100,312.323777742395,317.517943548704,5.19416580630809,22.4787309812643,0.6,655.058951171108,660.253116977416,0.3,0.348837209302326,759.941549062729
1322,2,0.3,0.05,0,17000,300000,0.3,0.6,100,304.85648323444,306.323899452982,1.46741621854249,20.0444042184997,0.56,648.624272453458,650.091688672001,0.3,0.379746835443038,735.605536460877
1323,2,0.4,0.05,0,17000,300000,0.3,0.6,100,308.660843184918,318.812121395752,10.1512782108335,24.892791204187,0.66,656.294666411302,666.445944622135,0.3,0.416666666666667,737.767030477524
1324,2,0.5,0.05,0,17000,300000,0.3,0.6,100,304.42739106379,316.724761235272,12.2973701714815,24.0757719522647,0.65,649.486336290118,661.783706461599,0.3,0.461538461538462,832.297849416733
1325,2,0.1,0.1,0,17000,300000,0.3,0.6,100,311.778494464714,314.040333980046,2.26183951533188,19.603461092352,0.53,656.354269337616,658.616108852948,0.3,0.32258064516129,824.599163293838
1326,2,0.2,0.1,0,17000,300000,0.3,0.6,100,298.561783143523,301.122756425986,2.56097328246359,21.0059439229895,0.51,641.674781814812,644.235755097276,0.3,0.348837209302326,821.622186183929
1327,2,0.3,0.1,0,17000,300000,0.3,0.6,100,313.148869361436,316.218082482565,3.06921312112925,20.5767853421005,0.58,656.082168307605,659.151381428734,0.3,0.379746835443038,785.000169992447
1328,2,0.4,0.1,0,17000,300000,0.3,0.6,100,302.530577346703,311.375687537311,8.84511019060805,24.2639347143594,0.59,648.359036054283,657.204146244891,0.3,0.416666666666667,784.845224380493
1329,2,0.5,0.1,0,17000,300000,0.3,0.6,100,300.022021998266,306.950136627272,6.92811462900554,19.29720678491,0.69,652.580903262839,659.509017891845,0.3,0.461538461538462,735.066663980484
1330,2,0.1,0.2,0,17000,300000,0.3,0.6,100,300.820665215442,303.915007449303,3.09434223386128,23.7095943741898,0.58,648.479789985116,651.574132218977,0.3,0.32258064516129,776.478761911392
1331,2,0.2,0.2,0,17000,300000,0.3,0.6,100,316.505966217932,318.897241910504,2.3912756925727,23.5863488186989,0.49,663.505762391776,665.897038084349,0.3,0.348837209302326,746.900201320648
1332,2,0.3,0.2,0,17000,300000,0.3,0.6,100,304.472839645596,310.151468784234,5.67862913863731,19.3205678302253,0.63,649.553519858658,655.232148997295,0.3,0.379746835443038,733.723917245865
1333,2,0.4,0.2,0,17000,300000,0.3,0.6,100,294.907132432014,307.546387143333,12.6392547113189,21.1633373056724,0.72,637.41186740834,650.051122119659,0.3,0.416666666666667,763.850247144699
1334,2,0.5,0.2,0,17000,300000,0.3,0.6,100,314.679665061372,323.43187477142,8.75220971004799,24.8464390534429,0.58,656.420785115323,665.172994825371,0.3,0.461538461538462,736.684042692184
1335,2,0.1,0.05,1,17000,300000,0.3,0.6,100,304.043521543614,305.546304746197,1.50278320258334,25.1409276235436,0.5,644.479612604772,645.982395807355,0.3,0.32258064516129,739.453472137451
1336,2,0.2,0.05,1,17000,300000,0.3,0.6,100,307.51464575321,314.331150920598,6.81650516738784,26.4702416617875,0.6,650.332371675812,657.1488768432,0.3,0.348837209302326,832.17916059494
1337,2,0.3,0.05,1,17000,300000,0.3,0.6,100,305.347022975623,310.093663976274,4.74664100065166,24.3095835190608,0.55,648.565700002119,653.312341002771,0.3,0.379746835443038,824.724053144455
1338,2,0.4,0.05,1,17000,300000,0.3,0.6,100,297.033365413676,311.083547150721,14.0501817370452,25.1401816781919,0.76,640.602339244439,654.652520981484,0.3,0.416666666666667,820.934573888779
1339,2,0.5,0.05,1,17000,300000,0.3,0.6,100,303.186644059594,307.648710842139,4.46206678254467,22.2807552973241,0.55,644.447171450148,648.909238232692,0.3,0.461538461538462,784.382400035858
1340,2,0.1,0.1,1,17000,300000,0.3,0.6,100,303.990965573313,310.231538305811,6.24057273249821,20.0468111537755,0.62,644.050085709018,650.290658441516,0.3,0.32258064516129,789.32247376442
1341,2,0.2,0.1,1,17000,300000,0.3,0.6,100,302.779882199778,306.926824721542,4.14694252176409,22.7431200057247,0.6,647.80315003166,651.950092553424,0.3,0.348837209302326,734.125227451325
1342,2,0.3,0.1,1,17000,300000,0.3,0.6,100,318.77038190048,324.392688640049,5.62230673956947,19.6774434916376,0.63,662.920710476931,668.543017216501,0.3,0.379746835443038,776.663689613342
1343,2,0.4,0.1,1,17000,300000,0.3,0.6,100,311.101729832351,315.521201796969,4.41947196461825,19.9583836596116,0.6,654.499983261189,658.919455225807,0.3,0.416666666666667,751.444662809372
1344,2,0.5,0.1,1,17000,300000,0.3,0.6,100,311.670709492211,322.241965273014,10.5712557808031,21.585502761383,0.68,654.708273353277,665.27952913408,0.3,0.461538461538462,740.446226358414
1345,2,0.1,0.2,1,17000,300000,0.3,0.6,100,302.219095316233,307.666085793626,5.44699047739305,17.6084344794862,0.61,648.387515944109,653.834506421502,0.3,0.32258064516129,761.778895616531
1346,2,0.2,0.2,1,17000,300000,0.3,0.6,100,313.853301366098,315.285044265504,1.43174289940602,21.0366516313957,0.56,658.438250584938,659.869993484344,0.3,0.348837209302326,736.039346218109
1347,2,0.3,0.2,1,17000,300000,0.3,0.6,100,304.786238509862,312.732929313205,7.94669080334343,24.2438871963381,0.59,652.732628291724,660.679319095067,0.3,0.379746835443038,738.440067052841
1348,2,0.4,0.2,1,17000,300000,0.3,0.6,100,308.080398107166,312.285171011334,4.20477290416727,22.7107297143864,0.6,649.024813261504,653.229586165671,0.3,0.416666666666667,830.977466583252
1349,2,0.5,0.2,1,17000,300000,0.3,0.6,100,305.440893145731,313.249208912667,7.80831576693566,20.3665869337802,0.63,653.465016988083,661.273332755018,0.3,0.461538461538462,835.416226148605
1350,2,0.1,0.05,2,17000,300000,0.3,0.6,100,308.315636552574,306.456377807533,-1.85925874504127,24.9517932493654,0.47,653.81171429155,651.952455546509,0.3,0.32258064516129,821.231553316116
1351,2,0.2,0.05,2,17000,300000,0.3,0.6,100,305.460850279668,306.199347944829,0.73849766516089,24.5435890517907,0.54,653.74769039299,654.486188058151,0.3,0.348837209302326,786.705860376358
1352,2,0.3,0.05,2,17000,300000,0.3,0.6,100,311.162505478331,316.991743592404,5.82923811407257,23.3172843381363,0.63,654.872503495569,660.701741609641,0.3,0.379746835443038,786.507424592972
1353,2,0.4,0.05,2,17000,300000,0.3,0.6,100,307.535460205536,314.764561046211,7.22910084067525,23.9440839425745,0.59,648.455426387089,655.684527227764,0.3,0.416666666666667,735.32478928566
1354,2,0.5,0.05,2,17000,300000,0.3,0.6,100,310.547595209353,321.076185256651,10.5285900472984,24.5275347505704,0.67,652.810161409272,663.33875145657,0.3,0.461538461538462,786.995469808579
1355,2,0.1,0.1,2,17000,300000,0.3,0.6,100,298.244553724587,303.587814067379,5.34326034279204,21.2492049991878,0.63,644.268419038856,649.611679381648,0.3,0.32258064516129,753.068093776703
1356,2,0.2,0.1,2,17000,300000,0.3,0.6,100,303.724982826912,307.696366380172,3.97138355326046,20.0630983745364,0.57,652.569913938264,656.541297491524,0.3,0.348837209302326,735.864625930786
1357,2,0.3,0.1,2,17000,300000,0.3,0.6,100,299.623775963342,303.793275511129,4.16949954778702,21.3053359591405,0.59,648.473314637282,652.642814185069,0.3,0.379746835443038,764.710260152817
1358,2,0.4,0.1,2,17000,300000,0.3,0.6,100,297.639658894045,306.340715804052,8.70105691000668,23.3693613404899,0.67,647.075860268176,655.776917178182,0.3,0.416666666666667,737.223610401154
1359,2,0.5,0.1,2,17000,300000,0.3,0.6,100,306.053930481266,313.292223717293,7.2382932360272,23.5780266557322,0.59,654.170648681908,661.408941917935,0.3,0.461538461538462,736.99303150177
1360,2,0.1,0.2,2,17000,300000,0.3,0.6,100,303.876777210392,308.871142951209,4.99436574081721,19.131134333409,0.56,651.460634471299,656.455000212117,0.3,0.32258064516129,840.041455745697
1361,2,0.2,0.2,2,17000,300000,0.3,0.6,100,305.01693693557,312.721533786268,7.7045968506976,25.7723777886545,0.63,650.051273585144,657.755870435842,0.3,0.348837209302326,833.76215338707
1362,2,0.3,0.2,2,17000,300000,0.3,0.6,100,305.044192691678,314.900321089453,9.85612839777462,21.5202071430638,0.68,647.980761431522,657.836889829296,0.3,0.379746835443038,816.45413684845
1363,2,0.4,0.2,2,17000,300000,0.3,0.6,100,308.42971773004,314.486948010291,6.05723028025069,20.8513189887975,0.59,651.348199351165,657.405429631416,0.3,0.416666666666667,788.044997215271
1364,2,0.5,0.2,2,17000,300000,0.3,0.6,100,308.53612449917,317.867105333773,9.33098083460331,20.0804531198622,0.72,654.019102814751,663.350083649354,0.3,0.461538461538462,788.437958002091
1365,2,0.1,0.05,3,17000,300000,0.3,0.6,100,302.43857382612,304.806293473847,2.36771964772769,29.3254879988395,0.59,650.624043508629,652.991763156357,0.3,0.32258064516129,785.218148469925
1366,2,0.2,0.05,3,17000,300000,0.3,0.6,100,307.693290276058,308.284935473805,0.591645197747196,23.590870352754,0.54,651.161385698348,651.753030896095,0.3,0.348837209302326,789.20419216156
1367,2,0.3,0.05,3,17000,300000,0.3,0.6,100,292.496696542884,298.508132617537,6.01143607465257,22.6357487538827,0.62,644.227256194629,650.238692269281,0.3,0.379746835443038,748.313484191895
1368,2,0.4,0.05,3,17000,300000,0.3,0.6,100,304.933360153414,309.695621185977,4.76226103256289,22.8486177974652,0.58,648.858362138958,653.620623171521,0.3,0.416666666666667,736.189255237579
1369,2,0.5,0.05,3,17000,300000,0.3,0.6,100,304.708951452635,314.24466412489,9.53571267225508,25.7559091624394,0.63,650.704553608675,660.24026628093,0.3,0.461538461538462,761.700610876083
1370,2,0.1,0.1,3,17000,300000,0.3,0.6,100,323.654693643047,323.739512822675,0.0848191796271362,22.4556785329543,0.5,667.936105124751,668.020924304378,0.3,0.32258064516129,737.108124017716
1371,2,0.2,0.1,3,17000,300000,0.3,0.6,100,304.482661848169,309.518540252009,5.03587840383993,19.0608175683635,0.57,649.156797479838,654.192675883678,0.3,0.348837209302326,737.926043272019
1372,2,0.3,0.1,3,17000,300000,0.3,0.6,100,310.14185893181,315.020347150791,4.87848821898098,21.2909419917204,0.53,656.535141282532,661.413629501513,0.3,0.379746835443038,839.770438194275
1373,2,0.4,0.1,3,17000,300000,0.3,0.6,100,312.502458088118,319.727948417747,7.22549032962894,23.0297726700976,0.62,656.328819179724,663.554309509353,0.3,0.416666666666667,825.332570314407
1374,2,0.5,0.1,3,17000,300000,0.3,0.6,100,297.91409606348,308.378916546075,10.464820482595,23.1284071176806,0.71,647.691767518429,658.156588001024,0.3,0.461538461538462,819.977120161057
1375,2,0.1,0.2,3,17000,300000,0.3,0.6,100,292.596848175367,296.018363566828,3.42151539146096,18.7720530885064,0.59,644.506531645239,647.9280470367,0.3,0.32258064516129,789.185857772827
1376,2,0.2,0.2,3,17000,300000,0.3,0.6,100,314.050675631584,317.233457205515,3.18278157393023,22.6731583191571,0.54,657.837934245413,661.020715819343,0.3,0.348837209302326,788.478073835373
1377,2,0.3,0.2,3,17000,300000,0.3,0.6,100,303.268505332515,311.155295702226,7.88679036971084,19.2029723244599,0.63,648.939515010169,656.82630537988,0.3,0.379746835443038,789.248732805252
1378,2,0.4,0.2,3,17000,300000,0.3,0.6,100,297.768601025194,309.113567946041,11.3449669208474,19.2066666333353,0.73,644.882586805247,656.227553726095,0.3,0.416666666666667,793.809831380844
1379,2,0.5,0.2,3,17000,300000,0.3,0.6,100,300.488841875177,311.755264810189,11.2664229350121,22.534707456055,0.66,647.400094316657,658.666517251669,0.3,0.461538461538462,750.106213092804
1380,2,0.1,0.05,0,20000,300000,0.3,0.6,100,308.702949386843,311.943033728883,3.24008434204033,22.0891945944193,0.58,653.517110189674,656.757194531714,0.3,0.32258064516129,736.289750337601
1381,2,0.2,0.05,0,20000,300000,0.3,0.6,100,303.136659507063,304.426651115729,1.28999160866585,26.6930997885741,0.54,653.625287360403,654.915278969069,0.3,0.348837209302326,737.033270359039
1382,2,0.3,0.05,0,20000,300000,0.3,0.6,100,298.832432784144,305.754362937893,6.92193015374964,26.2027252244963,0.63,644.83093921784,651.752869371589,0.3,0.379746835443038,736.445674180985
1383,2,0.4,0.05,0,20000,300000,0.3,0.6,100,305.120093355195,310.658651798469,5.53855844327467,21.4206690616704,0.6,653.801926444741,659.340484888016,0.3,0.416666666666667,739.967880964279
1384,2,0.5,0.05,0,20000,300000,0.3,0.6,100,311.755137239331,321.501412175623,9.7462749362926,23.7730134811575,0.63,658.592263332613,668.338538268906,0.3,0.461538461538462,839.756061553955
1385,2,0.1,0.1,0,20000,300000,0.3,0.6,100,303.170751940887,301.51850792651,-1.65224401437706,27.0423992233982,0.45,650.379398791214,648.727154776837,0.3,0.32258064516129,831.695443868637
1386,2,0.2,0.1,0,20000,300000,0.3,0.6,100,316.518696705747,318.545182578147,2.02648587239943,22.9492257868508,0.48,659.574778821158,661.601264693557,0.3,0.348837209302326,820.93682384491
1387,2,0.3,0.1,0,20000,300000,0.3,0.6,100,301.42859475095,305.847802539864,4.41920778891438,23.4042556036551,0.49,649.603761118398,654.022968907313,0.3,0.379746835443038,789.505805492401
1388,2,0.4,0.1,0,20000,300000,0.3,0.6,100,299.369784258276,305.143702031308,5.77391777303149,23.4032875247755,0.6,646.706744067943,652.480661840974,0.3,0.416666666666667,787.132773160935
1389,2,0.5,0.1,0,20000,300000,0.3,0.6,100,303.129375511033,315.774557823202,12.6451823121682,24.2413800249522,0.68,652.520645184114,665.165827496282,0.3,0.461538461538462,735.638215065003
1390,2,0.1,0.2,0,20000,300000,0.3,0.6,100,307.130668432682,310.597396908557,3.46672847587411,25.4157526600726,0.51,651.051451181601,654.518179657475,0.3,0.32258064516129,789.288407087326
1391,2,0.2,0.2,0,20000,300000,0.3,0.6,100,312.644388773742,311.539696200193,-1.10469257354927,26.5539475390985,0.47,654.869421234901,653.764728661352,0.3,0.348837209302326,745.981231927872
1392,2,0.3,0.2,0,20000,300000,0.3,0.6,100,306.829627022217,311.198568018837,4.36894099661932,25.6826057686034,0.61,652.187420852581,656.556361849201,0.3,0.379746835443038,737.412357807159
1393,2,0.4,0.2,0,20000,300000,0.3,0.6,100,297.983091629139,305.178476296271,7.19538466713212,21.9334047580027,0.61,644.259601039651,651.454985706783,0.3,0.416666666666667,777.660266637802
1394,2,0.5,0.2,0,20000,300000,0.3,0.6,100,313.469259645735,323.223745043535,9.75448539780021,25.0150670792459,0.65,656.259380863159,666.01386626096,0.3,0.461538461538462,737.377407550812
1395,2,0.1,0.05,1,20000,300000,0.3,0.6,100,301.864731406203,305.944881982636,4.0801505764336,24.4265988013541,0.57,644.514234310477,648.594384886911,0.3,0.32258064516129,738.609381914139
1396,2,0.2,0.05,1,20000,300000,0.3,0.6,100,308.851937011151,309.270080197655,0.418143186504776,24.2355798571458,0.48,656.277291266073,656.695434452578,0.3,0.348837209302326,832.485622406006
1397,2,0.3,0.05,1,20000,300000,0.3,0.6,100,310.554410174312,316.440838365539,5.88642819122691,21.5433381099881,0.57,650.783072484389,656.669500675616,0.3,0.379746835443038,834.359322071076
1398,2,0.4,0.05,1,20000,300000,0.3,0.6,100,311.031826059473,315.596086463376,4.56426040390296,22.6816135515404,0.56,654.456668958881,659.020929362784,0.3,0.416666666666667,822.247072458267
1399,2,0.5,0.05,1,20000,300000,0.3,0.6,100,313.222205914304,328.292457620688,15.0702517063833,24.4388077107681,0.74,657.13394807474,672.204199781123,0.3,0.461538461538462,786.948903560638
1400,2,0.1,0.1,1,20000,300000,0.3,0.6,100,306.237741387423,310.62706288375,4.38932149632744,27.4312678860129,0.51,644.026613217528,648.415934713855,0.3,0.32258064516129,791.351002693176
1401,2,0.2,0.1,1,20000,300000,0.3,0.6,100,301.666373678336,304.546176611476,2.87980293314041,23.5567123805374,0.53,643.400436182875,646.280239116015,0.3,0.348837209302326,787.279165744782
1402,2,0.3,0.1,1,20000,300000,0.3,0.6,100,309.898604733227,313.330127617494,3.4315228842676,24.9743870387712,0.56,653.739719590022,657.171242474289,0.3,0.379746835443038,779.616581916809
1403,2,0.4,0.1,1,20000,300000,0.3,0.6,100,300.860052613026,308.174076772626,7.3140241596,23.9181081955426,0.63,646.444230522306,653.758254681906,0.3,0.416666666666667,751.650755882263
1404,2,0.5,0.1,1,20000,300000,0.3,0.6,100,304.922979369155,312.547629025152,7.62464965599648,23.0767175548046,0.61,658.440243457777,666.064893113773,0.3,0.461538461538462,735.673453807831
1405,2,0.1,0.2,1,20000,300000,0.3,0.6,100,310.302016715338,311.748545817368,1.44652910203005,26.9817754095666,0.49,652.095948508243,653.542477610273,0.3,0.32258064516129,777.763586521149
1406,2,0.2,0.2,1,20000,300000,0.3,0.6,100,300.197136529866,304.260074772383,4.06293824251792,25.5190292925134,0.55,647.372115638662,651.43505388118,0.3,0.348837209302326,737.159277677536
1407,2,0.3,0.2,1,20000,300000,0.3,0.6,100,308.757155172627,314.15838817383,5.40123300120382,24.9206812998148,0.61,650.783372148239,656.184605149443,0.3,0.379746835443038,738.116003513336
1408,2,0.4,0.2,1,20000,300000,0.3,0.6,100,293.792932194564,298.806259619532,5.01332742496792,25.1567802192209,0.58,642.220793986364,647.234121411332,0.3,0.416666666666667,844.216845750809
1409,2,0.5,0.2,1,20000,300000,0.3,0.6,100,305.482351933191,312.937825827463,7.45547389427182,24.2809726524646,0.65,650.334853475952,657.790327370224,0.3,0.461538461538462,857.240698099136
1410,2,0.1,0.05,2,20000,300000,0.3,0.6,100,317.785130248266,318.45652021173,0.67138996346383,22.0640035581852,0.49,661.598679610113,662.270069573577,0.3,0.32258064516129,817.515440940857
1411,2,0.2,0.05,2,20000,300000,0.3,0.6,100,302.546850088379,306.966039740326,4.41918965194768,20.0892645004461,0.48,648.957463115966,653.376652767914,0.3,0.348837209302326,792.928261995316
1412,2,0.3,0.05,2,20000,300000,0.3,0.6,100,313.045073305813,311.061461467649,-1.98361183816427,23.1036492390885,0.43,659.952602918918,657.968991080754,0.3,0.379746835443038,790.625768899918
1413,2,0.4,0.05,2,20000,300000,0.3,0.6,100,301.298489860373,308.488492483927,7.19000262355431,23.6360839931559,0.62,645.951751800473,653.141754424028,0.3,0.416666666666667,787.746716022491
1414,2,0.5,0.05,2,20000,300000,0.3,0.6,100,318.121139279749,326.265703205173,8.14456392542422,22.8977039908604,0.64,661.216510069367,669.361073994791,0.3,0.461538461538462,791.289425134659
1415,2,0.1,0.1,2,20000,300000,0.3,0.6,100,310.896769749726,307.153483349897,-3.74328639982928,24.2786668986807,0.43,653.266206092243,649.522919692414,0.3,0.32258064516129,746.358085393906
1416,2,0.2,0.1,2,20000,300000,0.3,0.6,100,302.418114858986,306.928864885806,4.51075002682083,25.0067170238593,0.54,644.246593422026,648.757343448847,0.3,0.348837209302326,733.395397663117
1417,2,0.3,0.1,2,20000,300000,0.3,0.6,100,311.141462416942,316.594226294869,5.4527638779268,25.155282529502,0.55,654.134680708654,659.587444586581,0.3,0.379746835443038,737.492209672928
1418,2,0.4,0.1,2,20000,300000,0.3,0.6,100,312.725115622204,318.375763522285,5.65064790008009,21.4422054848311,0.6,659.812329029534,665.462976929614,0.3,0.416666666666667,736.766974687576
1419,2,0.5,0.1,2,20000,300000,0.3,0.6,100,305.233427007306,311.35469389845,6.12126689114395,25.3397080901152,0.59,647.716418137494,653.837685028638,0.3,0.461538461538462,738.345431804657
1420,2,0.1,0.2,2,20000,300000,0.3,0.6,100,302.941359967583,300.819766120492,-2.12159384709032,25.3212750779474,0.47,652.36891453416,650.247320687069,0.3,0.32258064516129,856.733011245728
1421,2,0.2,0.2,2,20000,300000,0.3,0.6,100,303.254352701781,310.85085559093,7.5965028891486,22.6726037806304,0.6,647.340532091558,654.937034980707,0.3,0.348837209302326,835.367489337921
1422,2,0.3,0.2,2,20000,300000,0.3,0.6,100,299.356250338009,308.411864148708,9.05561381069844,25.484933283403,0.62,644.681456610838,653.737070421536,0.3,0.379746835443038,821.244158744812
1423,2,0.4,0.2,2,20000,300000,0.3,0.6,100,297.422731026693,310.557139763001,13.1344087363082,24.3080192348328,0.71,642.903779909385,656.038188645693,0.3,0.416666666666667,793.345546483994
1424,2,0.5,0.2,2,20000,300000,0.3,0.6,100,306.196844709686,314.664902447043,8.46805773735679,22.1526346694756,0.65,652.074553557022,660.542611294379,0.3,0.461538461538462,788.526057720184
1425,2,0.1,0.05,3,20000,300000,0.3,0.6,100,305.125770395675,308.507179719266,3.38140932359064,22.6014385168249,0.53,650.311818113533,653.693227437124,0.3,0.32258064516129,786.238710641861
1426,2,0.2,0.05,3,20000,300000,0.3,0.6,100,310.722151458359,311.701093073142,0.978941614783353,23.5740958973634,0.48,655.757539340324,656.736480955107,0.3,0.348837209302326,790.766879558563
1427,2,0.3,0.05,3,20000,300000,0.3,0.6,100,306.169314366022,311.009082292451,4.83976792642886,23.6655603222354,0.59,654.778808106844,659.618576033272,0.3,0.379746835443038,751.84096455574
1428,2,0.4,0.05,3,20000,300000,0.3,0.6,100,309.577893087954,314.86722083867,5.28932775071656,23.8661906624131,0.6,653.888437533435,659.177765284152,0.3,0.416666666666667,738.438341140747
1429,2,0.5,0.05,3,20000,300000,0.3,0.6,100,305.498687241745,314.984497356109,9.48581011436332,22.6117253300484,0.64,652.496250134343,661.982060248707,0.3,0.461538461538462,733.635562419891
1430,2,0.1,0.1,3,20000,300000,0.3,0.6,100,309.411038944483,308.695155568939,-0.715883375544668,21.9634166904616,0.49,655.579129305758,654.863245930214,0.3,0.32258064516129,737.052287578583
1431,2,0.2,0.1,3,20000,300000,0.3,0.6,100,309.892487013884,309.727249545576,-0.16523746830755,18.798134721232,0.48,655.446523393934,655.281285925626,0.3,0.348837209302326,743.05684709549
1432,2,0.3,0.1,3,20000,300000,0.3,0.6,100,313.711708464252,321.201026641185,7.48931817693256,24.2081549847814,0.58,661.927324248861,669.416642425794,0.3,0.379746835443038,860.789948225022
1433,2,0.4,0.1,3,20000,300000,0.3,0.6,100,306.815490491748,311.721041863346,4.90555137159804,22.5661220777089,0.56,652.562399081744,657.467950453342,0.3,0.416666666666667,856.189908504486
1434,2,0.5,0.1,3,20000,300000,0.3,0.6,100,302.175457261057,310.352388665485,8.17693140442737,23.1256603374362,0.63,648.189242985416,656.366174389843,0.3,0.461538461538462,816.972235202789
1435,2,0.1,0.2,3,20000,300000,0.3,0.6,100,309.020724286133,309.189556438594,0.168832152461005,21.9924586872969,0.52,655.347981413624,655.516813566085,0.3,0.32258064516129,794.640470504761
1436,2,0.2,0.2,3,20000,300000,0.3,0.6,100,294.424757392074,300.457803032123,6.0330456400489,25.7478451389014,0.56,641.741739299604,647.774784939653,0.3,0.348837209302326,788.846549749374
1437,2,0.3,0.2,3,20000,300000,0.3,0.6,100,307.949586319471,309.850036893438,1.90045057396695,21.6340959430156,0.56,651.679995680289,653.580446254256,0.3,0.379746835443038,786.958914756775
1438,2,0.4,0.2,3,20000,300000,0.3,0.6,100,301.069444819411,311.201993308861,10.1325484894494,25.8936047517383,0.62,651.356920977274,661.489469466724,0.3,0.416666666666667,791.898485183716
1439,2,0.5,0.2,3,20000,300000,0.3,0.6,100,303.355684517819,312.806550605707,9.45086608788827,25.3055535180662,0.63,648.880318636832,658.331184724721,0.3,0.461538461538462,756.549653291702
1440,2,0.1,0.05,0,3000,500000,0.3,0.6,100,291.926742603628,296.509760389985,4.5830177863568,26.5378760778946,0.54,638.869733176749,643.452750963106,0.3,0.32258064516129,738.969646453858
1441,2,0.2,0.05,0,3000,500000,0.3,0.6,100,310.539821264629,316.679356329787,6.13953506515802,23.8037904933096,0.6,654.592163661373,660.731698726531,0.3,0.348837209302326,736.001397371292
1442,2,0.3,0.05,0,3000,500000,0.3,0.6,100,309.832740396698,316.714861267052,6.88212087035374,23.5289398879296,0.59,654.148633824379,661.030754694732,0.3,0.379746835443038,744.181530475616
1443,2,0.4,0.05,0,3000,500000,0.3,0.6,100,311.434186910487,317.611813965274,6.17762705478756,23.5544276599768,0.55,661.528249815238,667.705876870026,0.3,0.416666666666667,747.441841602326
1444,2,0.5,0.05,0,3000,500000,0.3,0.6,100,296.969672014824,310.566882976125,13.5972109613012,24.4247939532744,0.69,638.277813742042,651.875024703343,0.3,0.461538461538462,833.707696199417
1445,2,0.1,0.1,0,3000,500000,0.3,0.6,100,306.098465450099,314.053461740449,7.9549962903505,23.4087903043659,0.61,651.384754534487,659.339750824837,0.3,0.32258064516129,826.442288398743
1446,2,0.2,0.1,0,3000,500000,0.3,0.6,100,298.467217506403,305.375463633314,6.90824612691163,22.7947248330052,0.6,647.666789458008,654.575035584919,0.3,0.348837209302326,822.826803445816
1447,2,0.3,0.1,0,3000,500000,0.3,0.6,100,311.814289031918,318.023960523295,6.20967149137647,24.5082112586008,0.58,656.606562489022,662.816233980399,0.3,0.379746835443038,796.279910802841
1448,2,0.4,0.1,0,3000,500000,0.3,0.6,100,308.678367884977,319.680766780342,11.0023988953654,25.460047937312,0.65,657.234497763339,668.236896658705,0.3,0.416666666666667,736.7514128685
1449,2,0.5,0.1,0,3000,500000,0.3,0.6,100,304.380614321996,316.932919551047,12.5523052290514,20.7316233534746,0.74,651.616510654092,664.168815883143,0.3,0.461538461538462,740.384043693543
1450,2,0.1,0.2,0,3000,500000,0.3,0.6,100,297.327992395992,301.368224326589,4.04023193059731,25.1084240154034,0.56,640.989889256576,645.030121187173,0.3,0.32258064516129,786.281094312668
1451,2,0.2,0.2,0,3000,500000,0.3,0.6,100,302.150762336619,304.994193679415,2.84343134279541,26.1538607952348,0.58,652.088711132067,654.932142474862,0.3,0.348837209302326,768.899203538895
1452,2,0.3,0.2,0,3000,500000,0.3,0.6,100,298.239570276104,308.500277418002,10.2607071418983,24.9498575881838,0.62,644.322482570614,654.583189712513,0.3,0.379746835443038,740.581435918808
1453,2,0.4,0.2,0,3000,500000,0.3,0.6,100,311.752292928504,320.855855615132,9.10356268662778,23.7908727007558,0.65,657.935700498713,667.039263185341,0.3,0.416666666666667,753.65859079361
1454,2,0.5,0.2,0,3000,500000,0.3,0.6,100,305.424316409244,319.411528995725,13.987212586481,23.8998738412016,0.68,650.243483268356,664.230695854837,0.3,0.461538461538462,747.984115123749
1455,2,0.1,0.05,1,3000,500000,0.3,0.6,100,297.930023773794,303.470951169657,5.54092739586311,22.4826279693814,0.54,641.147945305011,646.688872700875,0.3,0.32258064516129,744.628405332565
1456,2,0.2,0.05,1,3000,500000,0.3,0.6,100,292.407513110219,303.829009061858,11.4214959516395,25.4842557325168,0.72,636.456071662468,647.877567614108,0.3,0.348837209302326,831.139980077744
1457,2,0.3,0.05,1,3000,500000,0.3,0.6,100,307.444509406587,309.937553882475,2.49304447588801,22.1054020088358,0.49,651.917015815169,654.410060291057,0.3,0.379746835443038,823.665585517883
1458,2,0.4,0.05,1,3000,500000,0.3,0.6,100,301.584352351977,308.286686790254,6.70233443827744,21.2460807587755,0.61,646.250384157385,652.952718595663,0.3,0.416666666666667,820.288446903229
1459,2,0.5,0.05,1,3000,500000,0.3,0.6,100,300.513752432998,308.100274190846,7.58652175784871,23.4948019328304,0.66,646.144124863706,653.730646621555,0.3,0.461538461538462,793.66156411171
1460,2,0.1,0.1,1,3000,500000,0.3,0.6,100,303.061600435968,303.63173204653,0.570131610561903,26.2864593210718,0.52,651.013596104844,651.583727715406,0.3,0.32258064516129,796.480463504791
1461,2,0.2,0.1,1,3000,500000,0.3,0.6,100,294.511081615525,298.705175803755,4.19409418822986,27.0659641255533,0.5,645.957747803949,650.151841992178,0.3,0.348837209302326,785.5531437397
1462,2,0.3,0.1,1,3000,500000,0.3,0.6,100,304.451528754446,309.306669164647,4.85514041020174,25.9313482402425,0.55,652.201726422495,657.056866832697,0.3,0.379746835443038,784.151560544968
1463,2,0.4,0.1,1,3000,500000,0.3,0.6,100,305.416921643195,311.200975249239,5.78405360604389,23.8393711633376,0.57,648.635405679122,654.419459285166,0.3,0.416666666666667,762.797242879868
1464,2,0.5,0.1,1,3000,500000,0.3,0.6,100,307.447107986727,320.043058494454,12.5959505077275,20.973704436438,0.75,652.523996906786,665.119947414514,0.3,0.461538461538462,740.916241168976
1465,2,0.1,0.2,1,3000,500000,0.3,0.6,100,311.149627054696,315.415976946152,4.26634989145608,26.6055500150617,0.54,656.399925002302,660.666274893758,0.3,0.32258064516129,750.768946647644
1466,2,0.2,0.2,1,3000,500000,0.3,0.6,100,312.396857687655,313.119784169861,0.722926482206328,23.8891711430826,0.54,655.422295793962,656.145222276169,0.3,0.348837209302326,745.851373672485
1467,2,0.3,0.2,1,3000,500000,0.3,0.6,100,290.697638570063,298.370615216364,7.67297664630102,25.3211189021688,0.58,633.172402324212,640.845378970513,0.3,0.379746835443038,747.415778160095
1468,2,0.4,0.2,1,3000,500000,0.3,0.6,100,298.911942724713,311.757370986635,12.8454282619217,26.3842202894129,0.66,647.759527938177,660.604956200099,0.3,0.416666666666667,834.858825206757
1469,2,0.5,0.2,1,3000,500000,0.3,0.6,100,303.458355727603,313.096071843124,9.63771611552008,22.3083191026966,0.69,648.937760266634,658.575476382154,0.3,0.461538461538462,825.493866682053
1470,2,0.1,0.05,2,3000,500000,0.3,0.6,100,306.690844969514,307.341472430606,0.650627461092702,23.9530766575303,0.5,647.65546447738,648.306091938473,0.3,0.32258064516129,824.851624727249
1471,2,0.2,0.05,2,3000,500000,0.3,0.6,100,308.580407496328,310.688762630813,2.10835513448522,24.3465207273022,0.47,656.781038329853,658.889393464338,0.3,0.348837209302326,797.876637458801
1472,2,0.3,0.05,2,3000,500000,0.3,0.6,100,305.14212770536,307.233717458931,2.0915897535713,20.9586503085381,0.51,651.797322207877,653.888911961448,0.3,0.379746835443038,794.459574699402
1473,2,0.4,0.05,2,3000,500000,0.3,0.6,100,316.78625162063,324.503425076407,7.71717345577736,28.1229088468946,0.57,657.906282075558,665.623455531335,0.3,0.416666666666667,788.0094871521
1474,2,0.5,0.05,2,3000,500000,0.3,0.6,100,301.941222753198,314.793954666293,12.8527319130951,22.0841828092097,0.73,649.745279052605,662.5980109657,0.3,0.461538461538462,779.49978685379
1475,2,0.1,0.1,2,3000,500000,0.3,0.6,100,304.698947460105,305.108020684012,0.409073223906989,24.1512719618719,0.46,651.238780453637,651.647853677544,0.3,0.32258064516129,763.559741735458
1476,2,0.2,0.1,2,3000,500000,0.3,0.6,100,299.922445401831,303.63207246001,3.70962705817974,23.0101870193709,0.52,644.346451030682,648.056078088862,0.3,0.348837209302326,740.271966218948
1477,2,0.3,0.1,2,3000,500000,0.3,0.6,100,309.700572063817,315.549898984291,5.84932692047436,26.1260080703846,0.54,654.274703202241,660.124030122716,0.3,0.379746835443038,749.930770874023
1478,2,0.4,0.1,2,3000,500000,0.3,0.6,100,302.799772416319,308.714976491202,5.91520407488347,23.600675874229,0.67,652.28577704978,658.200981124663,0.3,0.416666666666667,744.66697382927
1479,2,0.5,0.1,2,3000,500000,0.3,0.6,100,298.960621594318,309.277722252734,10.3171006584162,24.2605185698711,0.68,645.935593287085,656.252693945501,0.3,0.461538461538462,748.245848894119
1480,2,0.1,0.2,2,3000,500000,0.3,0.6,100,302.475694012343,309.332107192361,6.85641318001789,24.5387928037061,0.58,644.826979628363,651.683392808381,0.3,0.32258064516129,835.298328399658
1481,2,0.2,0.2,2,3000,500000,0.3,0.6,100,293.448301219028,302.184757722915,8.7364565038872,27.135321309055,0.62,640.135146705954,648.871603209841,0.3,0.348837209302326,826.674327850342
1482,2,0.3,0.2,2,3000,500000,0.3,0.6,100,308.421647692066,318.505240700753,10.083593008687,25.9019810421368,0.65,650.994790266644,661.078383275331,0.3,0.379746835443038,818.515566587448
1483,2,0.4,0.2,2,3000,500000,0.3,0.6,100,298.872253833779,314.814224585849,15.9419707520699,25.6076289092617,0.71,642.917672697363,658.859643449433,0.3,0.416666666666667,796.554280996323
1484,2,0.5,0.2,2,3000,500000,0.3,0.6,100,311.785868898238,320.842896287729,9.05702738949145,25.1316694336518,0.64,655.998642314251,665.055669703742,0.3,0.461538461538462,796.385953426361
1485,2,0.1,0.05,3,3000,500000,0.3,0.6,100,305.360916634428,311.819443957569,6.45852732314117,27.7851841061332,0.58,648.437399814392,654.895927137533,0.3,0.32258064516129,732.964391708374
1486,2,0.2,0.05,3,3000,500000,0.3,0.6,100,307.275315021721,307.818457578986,0.543142557265251,24.4643805410074,0.53,652.53463396275,653.077776520015,0.3,0.348837209302326,782.188988447189
1487,2,0.3,0.05,3,3000,500000,0.3,0.6,100,308.456211010598,313.074486659623,4.61827564902494,26.9186506846869,0.52,652.004650053436,656.622925702461,0.3,0.379746835443038,755.469270944595
1488,2,0.4,0.05,3,3000,500000,0.3,0.6,100,294.037071652298,305.775210495423,11.7381388431249,27.9543059073984,0.64,639.079015126372,650.817153969497,0.3,0.416666666666667,737.945124864578
1489,2,0.5,0.05,3,3000,500000,0.3,0.6,100,307.683315634307,318.005798949319,10.3224833150121,21.0999621068805,0.67,650.760077456285,661.082560771297,0.3,0.461538461538462,746.590414047241
1490,2,0.1,0.1,3,3000,500000,0.3,0.6,100,300.270798614401,298.109060754049,-2.16173786035249,23.7712639456146,0.43,644.73648096412,642.574743103767,0.3,0.32258064516129,746.096416950226
1491,2,0.2,0.1,3,3000,500000,0.3,0.6,100,306.577485471672,309.644670061499,3.0671845898264,24.4531166262014,0.52,651.217176157202,654.284360747028,0.3,0.348837209302326,751.005840539932
1492,2,0.3,0.1,3,3000,500000,0.3,0.6,100,296.432206430886,304.942746708993,8.51054027810727,26.7090630013001,0.62,643.984723908941,652.495264187048,0.3,0.379746835443038,833.023090600968
1493,2,0.4,0.1,3,3000,500000,0.3,0.6,100,306.957845630654,317.368369073194,10.4105234425403,21.5862176789954,0.69,650.820336069108,661.230859511649,0.3,0.416666666666667,835.630642414093
1494,2,0.5,0.1,3,3000,500000,0.3,0.6,100,300.817888424434,313.247661715026,12.4297732905916,23.8035590801344,0.68,648.904016974449,661.333790265041,0.3,0.461538461538462,821.490032434464
1495,2,0.1,0.2,3,3000,500000,0.3,0.6,100,302.186749802086,303.962507038626,1.77575723653951,23.373232324293,0.57,649.53086128114,651.30661851768,0.3,0.32258064516129,800.861301898956
1496,2,0.2,0.2,3,3000,500000,0.3,0.6,100,315.096485199509,320.573743546659,5.47725834715047,23.433095965146,0.5,664.277175403763,669.754433750914,0.3,0.348837209302326,796.149932146072
1497,2,0.3,0.2,3,3000,500000,0.3,0.6,100,304.330230831684,313.001179954246,8.67094912256147,25.0444407192213,0.6,649.098121668742,657.769070791303,0.3,0.379746835443038,764.397285461426
1498,2,0.4,0.2,3,3000,500000,0.3,0.6,100,309.857712009565,318.631885865443,8.77417385587836,24.2518524495499,0.59,657.098955926565,665.873129782444,0.3,0.416666666666667,795.390300273895
1499,2,0.5,0.2,3,3000,500000,0.3,0.6,100,307.768303894283,317.320104905008,9.55180101072535,26.1478672786041,0.63,651.893922497962,661.445723508688,0.3,0.461538461538462,764.844903469086
1500,2,0.1,0.05,0,6500,500000,0.3,0.6,100,309.105640984602,315.179799371288,6.07415838668612,26.4290914751205,0.58,650.991381758304,657.065540144991,0.3,0.32258064516129,738.151870489121
1501,2,0.2,0.05,0,6500,500000,0.3,0.6,100,298.16021462209,304.300971495289,6.14075687319936,26.1051736246773,0.59,647.96901754019,654.109774413389,0.3,0.348837209302326,746.257569313049
1502,2,0.3,0.05,0,6500,500000,0.3,0.6,100,295.907133957245,303.742912518223,7.83577856097797,24.0504636735299,0.57,643.337067975284,651.172846536262,0.3,0.379746835443038,741.450731754303
1503,2,0.4,0.05,0,6500,500000,0.3,0.6,100,302.228919996496,306.789898119573,4.56097812307684,24.1970513307725,0.61,649.264920365313,653.82589848839,0.3,0.416666666666667,743.586086273193
1504,2,0.5,0.05,0,6500,500000,0.3,0.6,100,305.531665154617,316.291594649237,10.7599294946197,23.4716538214659,0.69,654.542810550449,665.302740045069,0.3,0.461538461538462,834.695963382721
1505,2,0.1,0.1,0,6500,500000,0.3,0.6,100,306.508129726937,312.425434221136,5.91730449419892,25.6250955086849,0.55,652.574730271214,658.492034765413,0.3,0.32258064516129,835.446154117584
1506,2,0.2,0.1,0,6500,500000,0.3,0.6,100,303.253318721269,309.035425134663,5.78210641339415,24.0463486422815,0.66,646.989097207835,652.771203621229,0.3,0.348837209302326,820.089962244034
1507,2,0.3,0.1,0,6500,500000,0.3,0.6,100,301.133676647173,306.598315899524,5.46463925235066,25.5091247639755,0.62,650.688667663709,656.15330691606,0.3,0.379746835443038,798.72479391098
1508,2,0.4,0.1,0,6500,500000,0.3,0.6,100,313.390256168604,320.519722018305,7.12946584970131,26.4532430074153,0.59,658.949532740931,666.078998590633,0.3,0.416666666666667,798.038348913193
1509,2,0.5,0.1,0,6500,500000,0.3,0.6,100,292.836916101467,310.014533842074,17.1776177406076,23.6001803270367,0.74,640.983590642035,658.161208382643,0.3,0.461538461538462,736.888913154602
1510,2,0.1,0.2,0,6500,500000,0.3,0.6,100,313.531176203579,317.187837228364,3.65666102478504,22.6458769420006,0.54,657.007975232928,660.664636257713,0.3,0.32258064516129,792.2496073246
1511,2,0.2,0.2,0,6500,500000,0.3,0.6,100,309.281702167543,312.92341616803,3.64171400048722,24.5061764035186,0.49,657.414861608814,661.056575609302,0.3,0.348837209302326,757.846692562103
1512,2,0.3,0.2,0,6500,500000,0.3,0.6,100,314.860088010473,319.929543257651,5.06945524717813,20.4115025307746,0.58,654.405321662524,659.474776909702,0.3,0.379746835443038,742.37313246727
1513,2,0.4,0.2,0,6500,500000,0.3,0.6,100,313.779881631831,321.923139694109,8.14325806227773,22.3697871877768,0.68,654.008634746465,662.151892808743,0.3,0.416666666666667,747.189528942108
1514,2,0.5,0.2,0,6500,500000,0.3,0.6,100,311.301530660096,320.617667312616,9.31613665252043,25.0700161763502,0.62,656.830297920873,666.146434573393,0.3,0.461538461538462,744.875593900681
1515,2,0.1,0.05,1,6500,500000,0.3,0.6,100,301.937123867139,299.36172363398,-2.57540023315879,26.4881042572836,0.46,654.553355164229,651.977954931071,0.3,0.32258064516129,743.866165161133
1516,2,0.2,0.05,1,6500,500000,0.3,0.6,100,299.663816620788,305.424958502476,5.76114188168806,26.5436346296961,0.56,643.758346715459,649.519488597147,0.3,0.348837209302326,831.274558544159
1517,2,0.3,0.05,1,6500,500000,0.3,0.6,100,305.467867303509,314.067114053827,8.59924675031739,27.5420390574149,0.58,652.373998509735,660.973245260053,0.3,0.379746835443038,824.473786354065
1518,2,0.4,0.05,1,6500,500000,0.3,0.6,100,305.846878545182,311.201276268687,5.35439772350465,25.4131917953141,0.5,654.478976296037,659.833374019541,0.3,0.416666666666667,814.729038953781
1519,2,0.5,0.05,1,6500,500000,0.3,0.6,100,295.398341788145,308.826501056849,13.4281592687046,25.113030995263,0.69,640.656799365135,654.084958633839,0.3,0.461538461538462,796.399824142456
1520,2,0.1,0.1,1,6500,500000,0.3,0.6,100,301.926468173247,305.88433580251,3.95786762926289,24.3643257134411,0.58,646.00949707898,649.967364708242,0.3,0.32258064516129,798.159564971924
1521,2,0.2,0.1,1,6500,500000,0.3,0.6,100,298.63560181373,303.76399499877,5.12839318504023,22.4794275286086,0.57,644.769674826697,649.898068011737,0.3,0.348837209302326,807.319923639298
1522,2,0.3,0.1,1,6500,500000,0.3,0.6,100,298.603165187181,303.866244539755,5.26307935257371,25.7767062415528,0.54,644.235017378241,649.498096730815,0.3,0.379746835443038,784.557283639908
1523,2,0.4,0.1,1,6500,500000,0.3,0.6,100,299.32277170693,304.477950495458,5.15517878852811,26.445568343782,0.55,644.586457900964,649.741636689492,0.3,0.416666666666667,755.632769584656
1524,2,0.5,0.1,1,6500,500000,0.3,0.6,100,304.264885397577,309.531283227475,5.26639782989848,24.8828454866681,0.6,648.54127645709,653.807674286989,0.3,0.461538461538462,740.276719808579
1525,2,0.1,0.2,1,6500,500000,0.3,0.6,100,304.067417042628,308.098785970357,4.03136892772857,23.8495869355271,0.55,652.54219021853,656.573559146259,0.3,0.32258064516129,740.011734962463
1526,2,0.2,0.2,1,6500,500000,0.3,0.6,100,306.937060121075,315.423569140491,8.48650901941553,25.6904191415557,0.65,651.497738219336,659.984247238752,0.3,0.348837209302326,749.081377983093
1527,2,0.3,0.2,1,6500,500000,0.3,0.6,100,308.741623615709,312.010938900765,3.26931528505614,25.2006902482401,0.58,656.041353349674,659.31066863473,0.3,0.379746835443038,747.882673501968
1528,2,0.4,0.2,1,6500,500000,0.3,0.6,100,304.594487822997,312.950989934615,8.35650211161804,22.982479366969,0.62,651.335744414317,659.692246525935,0.3,0.416666666666667,839.7144947052
1529,2,0.5,0.2,1,6500,500000,0.3,0.6,100,297.764735330441,313.407730995944,15.6429956655029,27.0894730006253,0.71,644.117239604565,659.760235270068,0.3,0.461538461538462,836.296937704086
1530,2,0.1,0.05,2,6500,500000,0.3,0.6,100,294.825881476253,297.58535216835,2.75947069209705,23.4180076356138,0.63,643.038699572565,645.798170264662,0.3,0.32258064516129,820.021716833115
1531,2,0.2,0.05,2,6500,500000,0.3,0.6,100,296.230786248016,301.854022438178,5.62323619016206,22.049363612961,0.57,642.874397259945,648.497633450107,0.3,0.348837209302326,798.515781879425
1532,2,0.3,0.05,2,6500,500000,0.3,0.6,100,309.731384045209,315.416019217024,5.68463517181495,25.7788561591406,0.55,658.368666551843,664.053301723658,0.3,0.379746835443038,794.068029403687
1533,2,0.4,0.05,2,6500,500000,0.3,0.6,100,290.505731320852,304.392393438825,13.8866621179732,21.52671957777,0.73,642.181450252101,656.068112370075,0.3,0.416666666666667,771.669807910919
1534,2,0.5,0.05,2,6500,500000,0.3,0.6,100,304.915693586854,313.274368165586,8.35867457873202,24.3063896632676,0.6,651.683086399856,660.041760978588,0.3,0.461538461538462,789.294864416122
1535,2,0.1,0.1,2,6500,500000,0.3,0.6,100,306.180072422309,307.689194238646,1.50912181633638,26.1216252762515,0.49,650.498332923706,652.007454740042,0.3,0.32258064516129,762.970668792725
1536,2,0.2,0.1,2,6500,500000,0.3,0.6,100,301.960950183007,309.016523450228,7.05557326722091,26.3848602033634,0.61,649.875227027875,656.930800295096,0.3,0.348837209302326,740.853080511093
1537,2,0.3,0.1,2,6500,500000,0.3,0.6,100,314.890661486491,317.213427749649,2.3227662631585,22.4527349295765,0.56,664.67748164148,667.000247904638,0.3,0.379746835443038,763.881582260132
1538,2,0.4,0.1,2,6500,500000,0.3,0.6,100,292.469545044568,301.044949296931,8.57540425236336,22.3597089721992,0.62,639.011863681395,647.587267933759,0.3,0.416666666666667,747.453974723816
1539,2,0.5,0.1,2,6500,500000,0.3,0.6,100,303.742555822135,319.289703527575,15.5471477054405,28.4465077239862,0.66,645.811939132612,661.359086838052,0.3,0.461538461538462,747.228969335556
1540,2,0.1,0.2,2,6500,500000,0.3,0.6,100,310.27090426233,312.871929790056,2.60102552772602,23.1260085548895,0.55,658.901981482783,661.503007010509,0.3,0.32258064516129,839.868750810623
1541,2,0.2,0.2,2,6500,500000,0.3,0.6,100,303.60235033584,310.300317423936,6.69796708809563,21.8977133302844,0.62,652.115940529733,658.813907617829,0.3,0.348837209302326,836.647694587708
1542,2,0.3,0.2,2,6500,500000,0.3,0.6,100,300.536815627084,311.254436658946,10.7176210318616,24.5008860225453,0.68,648.679178423181,659.396799455043,0.3,0.379746835443038,818.066079616547
1543,2,0.4,0.2,2,6500,500000,0.3,0.6,100,295.663536647523,308.426898114904,12.7633614673813,24.0320695620526,0.72,643.026247717374,655.789609184755,0.3,0.416666666666667,797.640138864517
1544,2,0.5,0.2,2,6500,500000,0.3,0.6,100,298.597497082635,310.188279743162,11.5907826605275,23.218946181294,0.7,645.971511017869,657.562293678396,0.3,0.461538461538462,796.842591762543
1545,2,0.1,0.05,3,6500,500000,0.3,0.6,100,318.942032778222,322.839907192467,3.89787441424426,21.514054822731,0.57,664.878530444994,668.776404859239,0.3,0.32258064516129,794.413024187088
1546,2,0.2,0.05,3,6500,500000,0.3,0.6,100,298.733729587394,303.196339113735,4.46260952634081,26.8423804114224,0.54,645.692884921671,650.155494448012,0.3,0.348837209302326,789.099935054779
1547,2,0.3,0.05,3,6500,500000,0.3,0.6,100,284.904468414562,292.444000767526,7.53953235296392,23.1228594968595,0.62,628.703605818119,636.243138171083,0.3,0.379746835443038,755.891000986099
1548,2,0.4,0.05,3,6500,500000,0.3,0.6,100,298.226727175417,302.700206117437,4.47347894202036,22.7179645680924,0.57,650.261453398261,654.734932340281,0.3,0.416666666666667,738.871026515961
1549,2,0.5,0.05,3,6500,500000,0.3,0.6,100,305.87879227965,318.008753534302,12.1299612546515,27.6980792351564,0.67,649.717296042929,661.847257297581,0.3,0.461538461538462,745.677477359772
1550,2,0.1,0.1,3,6500,500000,0.3,0.6,100,303.06940208886,305.224133548844,2.15473145998455,25.0383717975789,0.53,647.540275184014,649.695006643998,0.3,0.32258064516129,747.845086574554
1551,2,0.2,0.1,3,6500,500000,0.3,0.6,100,302.972731343003,306.434071609568,3.46134026656524,21.8627638478761,0.56,649.608332390607,653.069672657172,0.3,0.348837209302326,748.846390962601
1552,2,0.3,0.1,3,6500,500000,0.3,0.6,100,298.120288930554,305.602773981598,7.4824850510448,29.1361848135082,0.58,645.964181228646,653.446666279691,0.3,0.379746835443038,845.286518573761
1553,2,0.4,0.1,3,6500,500000,0.3,0.6,100,307.83676740711,319.019117650876,11.1823502437665,24.7092085435152,0.69,649.32530390427,660.507654148036,0.3,0.416666666666667,858.521508932114
1554,2,0.5,0.1,3,6500,500000,0.3,0.6,100,304.258968414649,317.103742588884,12.8447741742354,24.5797925446938,0.67,647.598877398685,660.443651572921,0.3,0.461538461538462,818.817190408707
1555,2,0.1,0.2,3,6500,500000,0.3,0.6,100,305.978894572603,314.905766613594,8.92687204099081,27.2221191043379,0.64,652.152513988282,661.079386029273,0.3,0.32258064516129,797.451189517975
1556,2,0.2,0.2,3,6500,500000,0.3,0.6,100,300.188092740062,309.752356747453,9.56426400739143,21.9473787990349,0.7,642.541470536497,652.105734543888,0.3,0.348837209302326,796.730780363083
1557,2,0.3,0.2,3,6500,500000,0.3,0.6,100,307.149156411567,310.872379767003,3.72322335543608,27.6263777599486,0.55,653.566486005559,657.289709360995,0.3,0.379746835443038,799.246233463287
1558,2,0.4,0.2,3,6500,500000,0.3,0.6,100,312.821992451044,319.740781281716,6.91878883067204,21.6701511038618,0.61,654.606440656588,661.52522948726,0.3,0.416666666666667,793.241530179977
1559,2,0.5,0.2,3,6500,500000,0.3,0.6,100,310.06586841187,322.73722338205,12.6713549701805,22.3091231262993,0.69,649.930053486351,662.601408456532,0.3,0.461538461538462,763.175436019898
1560,2,0.1,0.05,0,10000,500000,0.3,0.6,100,301.442830419412,309.199598551608,7.75676813219656,24.5986797772655,0.63,649.582878744888,657.339646877085,0.3,0.32258064516129,738.393284320831
1561,2,0.2,0.05,0,10000,500000,0.3,0.6,100,301.924568936287,305.959161101684,4.0345921653971,25.477157982204,0.58,648.179732835809,652.214325001206,0.3,0.348837209302326,759.213843345642
1562,2,0.3,0.05,0,10000,500000,0.3,0.6,100,298.093376087477,304.728633532525,6.63525744504794,27.9682354233288,0.53,645.425756234772,652.06101367982,0.3,0.379746835443038,742.371844291687
1563,2,0.4,0.05,0,10000,500000,0.3,0.6,100,298.067071132814,307.623300148738,9.55622901592461,27.048184571773,0.63,641.228980794112,650.785209810037,0.3,0.416666666666667,742.883545875549
1564,2,0.5,0.05,0,10000,500000,0.3,0.6,100,301.56811401257,312.199282971771,10.6311689592012,25.3444390341068,0.68,645.015912060339,655.64708101954,0.3,0.461538461538462,852.290067195892
1565,2,0.1,0.1,0,10000,500000,0.3,0.6,100,310.01484646332,313.221975757879,3.20712929455866,25.3230385624361,0.51,656.141699008544,659.348828303102,0.3,0.32258064516129,834.130530118942
1566,2,0.2,0.1,0,10000,500000,0.3,0.6,100,302.646447921043,308.163073380872,5.51662545982994,24.690322783644,0.6,651.466538955597,656.983164415427,0.3,0.348837209302326,823.926331281662
1567,2,0.3,0.1,0,10000,500000,0.3,0.6,100,319.804257508358,323.831391957273,4.02713444891427,25.022242126528,0.52,661.018029096106,665.04516354502,0.3,0.379746835443038,792.00225687027
1568,2,0.4,0.1,0,10000,500000,0.3,0.6,100,305.6668357498,314.895954350669,9.22911860086913,24.9031462588939,0.65,648.834280559654,658.063399160523,0.3,0.416666666666667,795.316977024078
1569,2,0.5,0.1,0,10000,500000,0.3,0.6,100,302.000747666261,309.127393915985,7.12664624972315,23.9462030834491,0.56,648.925878827162,656.052525076885,0.3,0.461538461538462,738.360855579376
1570,2,0.1,0.2,0,10000,500000,0.3,0.6,100,308.535024084944,309.853565025792,1.31854094084837,25.6962712119693,0.47,650.186648951591,651.505189892439,0.3,0.32258064516129,795.545721292496
1571,2,0.2,0.2,0,10000,500000,0.3,0.6,100,309.788362814728,312.396262573204,2.60789975847624,23.6018144183353,0.53,655.722798629341,658.330698387817,0.3,0.348837209302326,764.898142576218
1572,2,0.3,0.2,0,10000,500000,0.3,0.6,100,308.550391139798,311.18084773177,2.63045659197215,21.9152534297734,0.53,656.293506720255,658.923963312228,0.3,0.379746835443038,742.059698104858
1573,2,0.4,0.2,0,10000,500000,0.3,0.6,100,302.700087829602,311.353431569336,8.65334373973319,26.013919162297,0.59,648.965606102399,657.618949842132,0.3,0.416666666666667,741.286787509918
1574,2,0.5,0.2,0,10000,500000,0.3,0.6,100,302.315147180048,316.566311930812,14.2511647507642,24.5488703654134,0.74,647.364141238916,661.61530598968,0.3,0.461538461538462,745.644378900528
1575,2,0.1,0.05,1,10000,500000,0.3,0.6,100,303.065529940273,302.134086936395,-0.931443003878626,23.2518487018284,0.44,648.161195766011,647.229752762132,0.3,0.32258064516129,743.462162017822
1576,2,0.2,0.05,1,10000,500000,0.3,0.6,100,310.482530818211,310.981396998918,0.498866180707198,27.660972283442,0.56,655.953418868044,656.452285048751,0.3,0.348837209302326,854.777782678604
1577,2,0.3,0.05,1,10000,500000,0.3,0.6,100,303.312328537267,308.178648433054,4.86631989578634,24.5899143226976,0.62,652.102245156726,656.968565052512,0.3,0.379746835443038,847.340966701508
1578,2,0.4,0.05,1,10000,500000,0.3,0.6,100,308.892303022473,318.87438657748,9.98208355500728,21.2034628920085,0.63,654.503544674452,664.48562822946,0.3,0.416666666666667,820.226005077362
1579,2,0.5,0.05,1,10000,500000,0.3,0.6,100,308.893422484035,317.588849097269,8.69542661323398,24.907231099072,0.64,654.070222739667,662.765649352901,0.3,0.461538461538462,792.36710524559
1580,2,0.1,0.1,1,10000,500000,0.3,0.6,100,310.012233930744,313.236488183064,3.22425425232045,25.8526771472595,0.52,652.175748364073,655.400002616393,0.3,0.32258064516129,797.470813035965
1581,2,0.2,0.1,1,10000,500000,0.3,0.6,100,303.517410792986,308.573686918653,5.05627612566714,23.4064852762874,0.63,649.677853328107,654.734129453774,0.3,0.348837209302326,800.820757389069
1582,2,0.3,0.1,1,10000,500000,0.3,0.6,100,295.92538661015,304.673736023965,8.74834941381522,27.5652424530385,0.63,644.392790115734,653.141139529549,0.3,0.379746835443038,795.337932109833
1583,2,0.4,0.1,1,10000,500000,0.3,0.6,100,294.379632260428,305.546596026082,11.1669637656541,29.2437416912513,0.64,638.33683682158,649.503800587234,0.3,0.416666666666667,768.921896457672
1584,2,0.5,0.1,1,10000,500000,0.3,0.6,100,304.009137482718,317.209648332302,13.200510849584,23.9882116001337,0.69,651.087821897971,664.288332747555,0.3,0.461538461538462,739.625753879547
1585,2,0.1,0.2,1,10000,500000,0.3,0.6,100,308.354095028129,310.915110029488,2.5610150013595,27.7259097090322,0.56,653.057318351299,655.618333352658,0.3,0.32258064516129,738.163636207581
1586,2,0.2,0.2,1,10000,500000,0.3,0.6,100,306.056485032664,312.059606974156,6.00312194149285,25.8564272342572,0.62,654.510257392074,660.513379333567,0.3,0.348837209302326,737.47714138031
1587,2,0.3,0.2,1,10000,500000,0.3,0.6,100,305.631894552894,313.898825863346,8.26693131045194,28.2103337146804,0.59,650.013985484834,658.280916795286,0.3,0.379746835443038,736.105892896652
1588,2,0.4,0.2,1,10000,500000,0.3,0.6,100,299.096443407712,304.961293609921,5.86485020220848,27.431794557527,0.59,648.322462107815,654.187312310024,0.3,0.416666666666667,833.700181007385
1589,2,0.5,0.2,1,10000,500000,0.3,0.6,100,297.415206455591,309.584795944675,12.1695894890844,26.9738683181359,0.7,646.20885386095,658.378443350035,0.3,0.461538461538462,830.195590257645
1590,2,0.1,0.05,2,10000,500000,0.3,0.6,100,310.527208047758,313.296750921411,2.76954287365289,23.8342289796212,0.5,653.680349527919,656.449892401572,0.3,0.32258064516129,822.051598548889
1591,2,0.2,0.05,2,10000,500000,0.3,0.6,100,296.145547023707,303.437859022775,7.29231199906738,25.960050257953,0.58,645.945888790957,653.238200790024,0.3,0.348837209302326,789.9183614254
1592,2,0.3,0.05,2,10000,500000,0.3,0.6,100,297.713684704339,305.872935116095,8.15925041175582,23.3532239276996,0.63,641.679797016838,649.839047428594,0.3,0.379746835443038,787.524229049683
1593,2,0.4,0.05,2,10000,500000,0.3,0.6,100,310.57144075445,318.106814034898,7.53537328044852,20.9087438530855,0.65,657.185236278575,664.720609559024,0.3,0.416666666666667,735.344885587692
1594,2,0.5,0.05,2,10000,500000,0.3,0.6,100,295.938168658589,306.693579458554,10.7554107999647,25.5759415055021,0.67,641.518903859061,652.274314659025,0.3,0.461538461538462,777.890082836151
1595,2,0.1,0.1,2,10000,500000,0.3,0.6,100,305.408281659147,309.247929284387,3.83964762524036,27.0846265872846,0.56,649.561083353642,653.400730978882,0.3,0.32258064516129,756.6013712883
1596,2,0.2,0.1,2,10000,500000,0.3,0.6,100,307.798758508862,311.420990074083,3.62223156522052,24.9976589891881,0.55,653.412270159302,657.034501724522,0.3,0.348837209302326,742.802091836929
1597,2,0.3,0.1,2,10000,500000,0.3,0.6,100,305.945269331738,314.776836378285,8.8315670465469,25.2117269240466,0.62,652.303362103873,661.13492915042,0.3,0.379746835443038,749.912541151047
1598,2,0.4,0.1,2,10000,500000,0.3,0.6,100,294.523227990614,304.385882478168,9.86265448755399,21.8023575498726,0.74,645.90439787527,655.767052362824,0.3,0.416666666666667,739.120435237885
1599,2,0.5,0.1,2,10000,500000,0.3,0.6,100,309.705721097833,321.542047132956,11.836326035123,23.9218162699507,0.64,654.459364274325,666.295690309448,0.3,0.461538461538462,744.054309606552
1600,2,0.1,0.2,2,10000,500000,0.3,0.6,100,301.936208117754,306.178972189871,4.24276407211751,26.1444716156879,0.57,649.058961806258,653.301725878375,0.3,0.32258064516129,832.444287538528
1601,2,0.2,0.2,2,10000,500000,0.3,0.6,100,302.626667430655,311.568425483494,8.94175805283826,26.9589737404033,0.65,645.690307528047,654.632065580885,0.3,0.348837209302326,834.794803380966
1602,2,0.3,0.2,2,10000,500000,0.3,0.6,100,306.487773524853,317.558172397805,11.0703988729523,23.7985529235033,0.66,653.321653612998,664.39205248595,0.3,0.379746835443038,826.412922859192
1603,2,0.4,0.2,2,10000,500000,0.3,0.6,100,301.57981243851,312.60925530294,11.0294428644299,22.9619605392458,0.65,650.536719360273,661.566162224703,0.3,0.416666666666667,791.116343021393
1604,2,0.5,0.2,2,10000,500000,0.3,0.6,100,295.69480895343,311.128031544261,15.4332225908312,25.6895853974799,0.76,644.113769286866,659.546991877697,0.3,0.461538461538462,793.696748733521
1605,2,0.1,0.05,3,10000,500000,0.3,0.6,100,304.618671978968,306.736578616249,2.11790663728032,26.5958135548665,0.52,652.71037984746,654.82828648474,0.3,0.32258064516129,787.555693387985
1606,2,0.2,0.05,3,10000,500000,0.3,0.6,100,302.738133658245,308.808796858456,6.0706632002105,23.3375892587629,0.56,649.934984936346,656.005648136556,0.3,0.348837209302326,777.222093343735
1607,2,0.3,0.05,3,10000,500000,0.3,0.6,100,298.878028581568,309.841602596679,10.9635740151107,23.2389035631833,0.71,646.782102861895,657.745676877005,0.3,0.379746835443038,755.980964660645
1608,2,0.4,0.05,3,10000,500000,0.3,0.6,100,304.888374989558,313.03717846967,8.14880348011186,22.0406008874636,0.64,649.45851039965,657.607313879762,0.3,0.416666666666667,733.873343229294
1609,2,0.5,0.05,3,10000,500000,0.3,0.6,100,308.90738292461,317.754916763222,8.84753383861226,24.6919279106983,0.64,655.023120313433,663.870654152046,0.3,0.461538461538462,745.207337379456
1610,2,0.1,0.1,3,10000,500000,0.3,0.6,100,303.746730102163,308.889327201815,5.14259709965139,23.3779125671753,0.58,650.241308376213,655.383905475864,0.3,0.32258064516129,738.967586278915
1611,2,0.2,0.1,3,10000,500000,0.3,0.6,100,310.424167660644,311.334527601082,0.910359940438113,23.4098468635225,0.51,654.783120096015,655.693480036453,0.3,0.348837209302326,739.37091088295
1612,2,0.3,0.1,3,10000,500000,0.3,0.6,100,308.787139200129,311.910087380288,3.12294818015879,25.8584094177458,0.53,651.695297275057,654.818245455216,0.3,0.379746835443038,832.371227502823
1613,2,0.4,0.1,3,10000,500000,0.3,0.6,100,299.399342544339,305.69028952183,6.29094697749113,23.2077754869987,0.58,647.53453086564,653.825477843132,0.3,0.416666666666667,828.251337051392
1614,2,0.5,0.1,3,10000,500000,0.3,0.6,100,299.943045868286,309.510832865577,9.56778699729115,23.4057239459702,0.63,646.454622850486,656.022409847777,0.3,0.461538461538462,826.27759218216
1615,2,0.1,0.2,3,10000,500000,0.3,0.6,100,307.725847432852,310.914565028471,3.18871759561882,27.4075335585022,0.52,650.757205509878,653.945923105496,0.3,0.32258064516129,794.24853014946
1616,2,0.2,0.2,3,10000,500000,0.3,0.6,100,302.483000578968,309.174551289438,6.69155071047,27.6250482563821,0.6,646.234871465743,652.926422176213,0.3,0.348837209302326,794.487977743149
1617,2,0.3,0.2,3,10000,500000,0.3,0.6,100,302.410575238746,311.367471515934,8.95689627718837,24.4246450062087,0.68,649.395829346041,658.35272562323,0.3,0.379746835443038,797.084060192108
1618,2,0.4,0.2,3,10000,500000,0.3,0.6,100,301.963610185291,306.883957456517,4.92034727122581,22.3261376408924,0.59,648.997576245697,653.917923516922,0.3,0.416666666666667,782.204494953156
1619,2,0.5,0.2,3,10000,500000,0.3,0.6,100,308.779054751536,318.771540319747,9.99248556821117,22.9096337099728,0.62,656.672064984083,666.664550552294,0.3,0.461538461538462,755.835327148438
1620,2,0.1,0.05,0,13500,500000,0.3,0.6,100,306.504330073906,313.387000587147,6.88267051324135,29.8704461836437,0.64,648.472456641233,655.355127154475,0.3,0.32258064516129,737.415159463883
1621,2,0.2,0.05,0,13500,500000,0.3,0.6,100,314.00331021925,315.133824930666,1.13051471141604,21.5762287937972,0.48,654.489905019428,655.620419730844,0.3,0.348837209302326,749.066895484924
1622,2,0.3,0.05,0,13500,500000,0.3,0.6,100,312.074758354893,319.331761152196,7.2570027973029,22.8445106417385,0.61,656.216068773458,663.473071570761,0.3,0.379746835443038,740.468286275864
1623,2,0.4,0.05,0,13500,500000,0.3,0.6,100,303.273372153709,311.422147156818,8.14877500310945,19.3209383997167,0.6,650.673186835376,658.821961838486,0.3,0.416666666666667,739.04233121872
1624,2,0.5,0.05,0,13500,500000,0.3,0.6,100,305.733008986187,318.717545637871,12.9845366516835,20.2046458811719,0.79,652.497042732698,665.481579384381,0.3,0.461538461538462,831.444977521896
1625,2,0.1,0.1,0,13500,500000,0.3,0.6,100,307.380707637057,310.415406415935,3.03469877887741,25.1534968805121,0.56,652.75587157234,655.790570351218,0.3,0.32258064516129,828.171291589737
1626,2,0.2,0.1,0,13500,500000,0.3,0.6,100,311.34623008101,318.747936485425,7.40170640441518,26.0532829642819,0.62,657.398123753768,664.799830158183,0.3,0.348837209302326,822.769739151001
1627,2,0.3,0.1,0,13500,500000,0.3,0.6,100,305.520580425175,310.266610559178,4.74603013400283,24.0691431146005,0.51,651.738888622446,656.484918756449,0.3,0.379746835443038,792.828521490097
1628,2,0.4,0.1,0,13500,500000,0.3,0.6,100,306.642684594204,315.655340082509,9.01265548830557,26.1893955890399,0.64,649.541649770907,658.554305259213,0.3,0.416666666666667,789.732949495316
1629,2,0.5,0.1,0,13500,500000,0.3,0.6,100,313.280755554876,323.33794400175,10.057188446874,24.7658280068943,0.62,656.437243013739,666.494431460613,0.3,0.461538461538462,737.163338661194
1630,2,0.1,0.2,0,13500,500000,0.3,0.6,100,299.646144883408,304.378098067306,4.73195318389826,23.0778246480937,0.6,645.49199173774,650.223944921638,0.3,0.32258064516129,780.108897209168
1631,2,0.2,0.2,0,13500,500000,0.3,0.6,100,305.639708417244,312.037752433584,6.39804401633983,28.3218344974382,0.62,649.611868873229,656.009912889569,0.3,0.348837209302326,757.386434555054
1632,2,0.3,0.2,0,13500,500000,0.3,0.6,100,304.414404320573,310.619742273251,6.20533795267755,26.5259145789902,0.62,653.563761082637,659.769099035314,0.3,0.379746835443038,740.297178506851
1633,2,0.4,0.2,0,13500,500000,0.3,0.6,100,302.887643859,314.181668622797,11.294024763797,23.3246850098822,0.66,646.584647446738,657.878672210536,0.3,0.416666666666667,750.87637925148
1634,2,0.5,0.2,0,13500,500000,0.3,0.6,100,308.136296889577,318.506994526792,10.3706976372151,24.353358030164,0.65,655.866721630346,666.237419267561,0.3,0.461538461538462,736.150566101074
1635,2,0.1,0.05,1,13500,500000,0.3,0.6,100,302.379185595351,306.890923543222,4.51173794787147,23.8203231031283,0.53,643.82112138439,648.332859332261,0.3,0.32258064516129,740.949314117432
1636,2,0.2,0.05,1,13500,500000,0.3,0.6,100,305.097774045363,310.736847932689,5.63907388732669,23.957177989162,0.57,655.589022635045,661.228096522372,0.3,0.348837209302326,831.646500825882
1637,2,0.3,0.05,1,13500,500000,0.3,0.6,100,301.389198137948,311.616212250178,10.2270141122302,24.939446120751,0.61,649.045901114877,659.272915227107,0.3,0.379746835443038,834.873271942139
1638,2,0.4,0.05,1,13500,500000,0.3,0.6,100,305.180683031582,310.963997882028,5.7833148504463,22.0959110124417,0.61,647.860086676956,653.643401527402,0.3,0.416666666666667,832.846035242081
1639,2,0.5,0.05,1,13500,500000,0.3,0.6,100,308.01658624309,320.90454915285,12.8879629097598,21.5715719743214,0.71,648.872057322263,661.760020232023,0.3,0.461538461538462,792.338734149933
1640,2,0.1,0.1,1,13500,500000,0.3,0.6,100,306.57241985524,309.692374552261,3.11995469702157,26.6527456411083,0.56,650.957988595506,654.077943292528,0.3,0.32258064516129,794.32199716568
1641,2,0.2,0.1,1,13500,500000,0.3,0.6,100,302.556043454572,308.604291862728,6.04824840815587,23.2121422173441,0.59,649.350562149385,655.398810557541,0.3,0.348837209302326,739.434193849564
1642,2,0.3,0.1,1,13500,500000,0.3,0.6,100,295.444472495377,305.32371847941,9.8792459840332,24.5110276828201,0.61,639.927369861233,649.806615845266,0.3,0.379746835443038,788.620955228806
1643,2,0.4,0.1,1,13500,500000,0.3,0.6,100,307.04101623991,313.329939789219,6.28892354930863,24.4548864044436,0.57,658.132452157051,664.42137570636,0.3,0.416666666666667,756.780908346176
1644,2,0.5,0.1,1,13500,500000,0.3,0.6,100,302.930279643522,315.42067923902,12.4903995954982,25.9728408652609,0.69,646.792397201461,659.28279679696,0.3,0.461538461538462,740.615761995316
1645,2,0.1,0.2,1,13500,500000,0.3,0.6,100,298.718274795563,306.130721057325,7.41244626176172,25.9843279004521,0.6,645.454219131408,652.86666539317,0.3,0.32258064516129,749.581814050675
1646,2,0.2,0.2,1,13500,500000,0.3,0.6,100,314.147860211092,317.620176236644,3.47231602555233,25.4560565702606,0.55,660.341725042584,663.814041068136,0.3,0.348837209302326,738.90821647644
1647,2,0.3,0.2,1,13500,500000,0.3,0.6,100,304.698164086365,312.67561612479,7.97745203842419,24.4421808474401,0.63,651.0037761788,658.981228217224,0.3,0.379746835443038,739.370315790176
1648,2,0.4,0.2,1,13500,500000,0.3,0.6,100,303.215137064919,311.324440008333,8.10930294341374,28.7558031565709,0.61,648.182616066049,656.291919009463,0.3,0.416666666666667,836.053669214249
1649,2,0.5,0.2,1,13500,500000,0.3,0.6,100,301.709260748544,310.030878786511,8.32161803796696,22.6722742892566,0.66,648.78791050894,657.109528546907,0.3,0.461538461538462,835.112026929855
1650,2,0.1,0.05,2,13500,500000,0.3,0.6,100,300.74039472213,303.479108316699,2.73871359456945,25.7615304326292,0.6,645.49969606423,648.238409658799,0.3,0.32258064516129,825.026278495789
1651,2,0.2,0.05,2,13500,500000,0.3,0.6,100,299.439359099812,305.627225543525,6.18786644371285,23.7486239456935,0.57,650.275675010359,656.463541454072,0.3,0.348837209302326,794.306579113007
1652,2,0.3,0.05,2,13500,500000,0.3,0.6,100,308.918657222254,318.883572154018,9.96491493176383,25.4125849892914,0.65,655.769106052013,665.734020983776,0.3,0.379746835443038,791.997339725494
1653,2,0.4,0.05,2,13500,500000,0.3,0.6,100,301.909285504674,308.958079067338,7.048793562664,20.1839893843017,0.62,649.843428972999,656.892222535663,0.3,0.416666666666667,787.12620306015
1654,2,0.5,0.05,2,13500,500000,0.3,0.6,100,301.243188334359,309.023623389559,7.78043505520004,20.629711399106,0.64,646.940311691109,654.720746746309,0.3,0.461538461538462,791.902386426926
1655,2,0.1,0.1,2,13500,500000,0.3,0.6,100,308.939062800946,310.966339247355,2.02727644640932,26.164850588791,0.55,653.903029112042,655.930305558452,0.3,0.32258064516129,764.655787944794
1656,2,0.2,0.1,2,13500,500000,0.3,0.6,100,298.873253146908,307.501573709201,8.62832056229285,26.2516668219025,0.61,643.745860207396,652.374180769688,0.3,0.348837209302326,738.907562017441
1657,2,0.3,0.1,2,13500,500000,0.3,0.6,100,306.569160040723,311.141743628166,4.57258358744301,24.1578125482758,0.61,648.718408789071,653.290992376514,0.3,0.379746835443038,737.496953010559
1658,2,0.4,0.1,2,13500,500000,0.3,0.6,100,309.841329784375,317.269043554341,7.42771376996647,23.5138663010007,0.63,655.87629776653,663.304011536497,0.3,0.416666666666667,736.831182956696
1659,2,0.5,0.1,2,13500,500000,0.3,0.6,100,301.94335330739,312.900433547007,10.9570802396163,27.2094874703092,0.64,644.678223609402,655.635303849018,0.3,0.461538461538462,739.579379558563
1660,2,0.1,0.2,2,13500,500000,0.3,0.6,100,303.696608971282,305.753018888645,2.0564099173634,23.0446256729141,0.57,653.547321527948,655.603731445311,0.3,0.32258064516129,830.360282897949
1661,2,0.2,0.2,2,13500,500000,0.3,0.6,100,310.222944634636,314.8261260191,4.60318138446404,25.3276753373378,0.54,656.537578651936,661.1407600364,0.3,0.348837209302326,824.357481718063
1662,2,0.3,0.2,2,13500,500000,0.3,0.6,100,306.653055358092,312.439810450729,5.78675509263678,22.08178937732,0.59,653.315337300145,659.102092392782,0.3,0.379746835443038,823.763362884522
1663,2,0.4,0.2,2,13500,500000,0.3,0.6,100,301.133733496354,309.045012341557,7.91127884520257,24.0442772913255,0.63,651.985742875263,659.897021720466,0.3,0.416666666666667,791.272831439972
1664,2,0.5,0.2,2,13500,500000,0.3,0.6,100,311.892099906061,319.334000238823,7.44190033276228,21.7833778055078,0.61,656.957286324205,664.399186656967,0.3,0.461538461538462,789.167120456696
1665,2,0.1,0.05,3,13500,500000,0.3,0.6,100,314.340639320346,313.904621239222,-0.436018081124116,24.0922348147977,0.5,659.257707777741,658.821689696617,0.3,0.32258064516129,737.004102468491
1666,2,0.2,0.05,3,13500,500000,0.3,0.6,100,297.946866930919,306.883812125429,8.93694519450946,25.6671304510063,0.55,650.655694894029,659.592640088538,0.3,0.348837209302326,781.780439376831
1667,2,0.3,0.05,3,13500,500000,0.3,0.6,100,302.373449026215,309.781340869125,7.40789184291078,26.3404278236299,0.57,648.844188839952,656.252080682862,0.3,0.379746835443038,757.094655752182
1668,2,0.4,0.05,3,13500,500000,0.3,0.6,100,304.219683345895,314.430078669926,10.2103953240306,20.2356183427035,0.63,653.679612981213,663.890008305244,0.3,0.416666666666667,741.493325948715
1669,2,0.5,0.05,3,13500,500000,0.3,0.6,100,307.513840805065,319.077302880163,11.5634620750979,20.8120396956697,0.72,648.029653400461,659.593115475559,0.3,0.461538461538462,745.958431959152
1670,2,0.1,0.1,3,13500,500000,0.3,0.6,100,314.297686693986,314.779283009066,0.481596315079576,24.629050845332,0.51,652.712042066278,653.193638381357,0.3,0.32258064516129,737.384188175201
1671,2,0.2,0.1,3,13500,500000,0.3,0.6,100,304.494429860468,310.620055050488,6.12562519001991,27.562684866839,0.59,649.347476297813,655.473101487833,0.3,0.348837209302326,738.756510257721
1672,2,0.3,0.1,3,13500,500000,0.3,0.6,100,319.188631861892,326.108658366715,6.92002650482289,23.4337880650224,0.6,661.315025873216,668.235052378039,0.3,0.379746835443038,837.718894004822
1673,2,0.4,0.1,3,13500,500000,0.3,0.6,100,306.825190199998,315.92722141324,9.10203121324237,22.7671110174288,0.7,654.631768694378,663.733799907621,0.3,0.416666666666667,833.943724870682
1674,2,0.5,0.1,3,13500,500000,0.3,0.6,100,300.365282236177,313.173817865944,12.8085356297675,26.1418566402482,0.73,645.828606864271,658.637142494039,0.3,0.461538461538462,826.31688284874
1675,2,0.1,0.2,3,13500,500000,0.3,0.6,100,316.559518837621,318.657817560266,2.09829872264573,24.8361342687814,0.5,655.708793669402,657.807092392048,0.3,0.32258064516129,794.563556671143
1676,2,0.2,0.2,3,13500,500000,0.3,0.6,100,307.196198747077,310.993090191763,3.79689144468638,25.3195205359079,0.58,649.96300473438,653.759896179067,0.3,0.348837209302326,791.763571739197
1677,2,0.3,0.2,3,13500,500000,0.3,0.6,100,299.546840138038,304.785672116204,5.23883197816664,24.9091714156226,0.57,646.767577000237,652.006408978404,0.3,0.379746835443038,737.236155986786
1678,2,0.4,0.2,3,13500,500000,0.3,0.6,100,295.102698793057,304.306882404305,9.20418361124774,24.4347536420217,0.65,641.279276472115,650.483460083363,0.3,0.416666666666667,792.995605230331
1679,2,0.5,0.2,3,13500,500000,0.3,0.6,100,299.74265428652,317.452200586137,17.7095462996165,26.1458681144387,0.78,645.399333057436,663.108879357052,0.3,0.461538461538462,755.084988355637
1680,2,0.1,0.05,0,17000,500000,0.3,0.6,100,310.960359159828,311.498781469406,0.538422309578552,20.0056493010998,0.47,651.60196537799,652.140387687568,0.3,0.32258064516129,738.286573648453
1681,2,0.2,0.05,0,17000,500000,0.3,0.6,100,294.891296035692,300.058546577739,5.1672505420475,25.5362832267088,0.58,642.45295578818,647.620206330227,0.3,0.348837209302326,757.857541561127
1682,2,0.3,0.05,0,17000,500000,0.3,0.6,100,304.285625662173,312.311063776009,8.02543811383618,20.0343528696978,0.67,650.405904623079,658.431342736915,0.3,0.379746835443038,735.5115878582
1683,2,0.4,0.05,0,17000,500000,0.3,0.6,100,317.370355391541,323.058334974456,5.68797958291448,22.0238269288425,0.6,665.188268610712,670.876248193626,0.3,0.416666666666667,736.491312503815
1684,2,0.5,0.05,0,17000,500000,0.3,0.6,100,308.955899454578,321.069647087778,12.1137476331994,21.5523903824037,0.71,653.265032952989,665.378780586188,0.3,0.461538461538462,834.891580581665
1685,2,0.1,0.1,0,17000,500000,0.3,0.6,100,304.88740105934,303.919180336586,-0.968220722753892,24.4716540789617,0.45,645.160097032133,644.191876309379,0.3,0.32258064516129,837.14519739151
1686,2,0.2,0.1,0,17000,500000,0.3,0.6,100,294.73243439107,302.379239241744,7.64680485067403,24.3039930645749,0.61,644.924929720806,652.57173457148,0.3,0.348837209302326,822.140717029572
1687,2,0.3,0.1,0,17000,500000,0.3,0.6,100,304.615248573325,307.544579537369,2.9293309640439,24.3843406868688,0.56,652.158601755968,655.087932720012,0.3,0.379746835443038,795.547966957092
1688,2,0.4,0.1,0,17000,500000,0.3,0.6,100,306.339143449195,315.066841185428,8.72769773623321,25.3159419463804,0.65,652.134705928382,660.862403664615,0.3,0.416666666666667,790.349666118622
1689,2,0.5,0.1,0,17000,500000,0.3,0.6,100,309.901011910078,321.538957423105,11.6379455130267,21.1415697705606,0.68,657.37942111164,669.017366624666,0.3,0.461538461538462,795.521034002304
1690,2,0.1,0.2,0,17000,500000,0.3,0.6,100,312.789424298765,313.658494416007,0.869070117241461,23.7966258485067,0.49,657.92162119049,658.790691307731,0.3,0.32258064516129,793.214227199555
1691,2,0.2,0.2,0,17000,500000,0.3,0.6,100,296.580362302697,300.864358924985,4.2839966222881,24.6773833080907,0.56,646.788484255815,651.072480878104,0.3,0.348837209302326,752.432047605515
1692,2,0.3,0.2,0,17000,500000,0.3,0.6,100,299.218577224009,314.503040259724,15.2844630357141,24.9831527028969,0.69,648.098660164591,663.383123200305,0.3,0.379746835443038,738.016356945038
1693,2,0.4,0.2,0,17000,500000,0.3,0.6,100,305.054475756066,313.880925788132,8.82645003206555,25.4839130779283,0.64,651.648083282063,660.474533314129,0.3,0.416666666666667,741.060712575913
1694,2,0.5,0.2,0,17000,500000,0.3,0.6,100,297.902592028757,306.618547181659,8.71595515290148,26.8241063659359,0.63,645.410037216822,654.125992369724,0.3,0.461538461538462,736.021436452866
1695,2,0.1,0.05,1,17000,500000,0.3,0.6,100,307.981323060145,310.059309546694,2.07798648654915,22.5390506968781,0.54,652.068103590533,654.146090077082,0.3,0.32258064516129,736.728791475296
1696,2,0.2,0.05,1,17000,500000,0.3,0.6,100,307.573355769122,308.802091447173,1.2287356780517,22.4595715632995,0.52,652.717712760637,653.946448438688,0.3,0.348837209302326,840.309735059738
1697,2,0.3,0.05,1,17000,500000,0.3,0.6,100,298.514538128476,302.934942556551,4.42040442807446,20.5537503154635,0.51,651.214076149116,655.634480577191,0.3,0.379746835443038,826.891443252564
1698,2,0.4,0.05,1,17000,500000,0.3,0.6,100,305.940502189959,313.841710756065,7.90120856610605,18.88211365744,0.74,650.198645879038,658.099854445144,0.3,0.416666666666667,818.126468896866
1699,2,0.5,0.05,1,17000,500000,0.3,0.6,100,316.383451760672,324.386667296744,8.00321553607248,19.7973407405569,0.68,664.221929720035,672.225145256107,0.3,0.461538461538462,785.469236373901
1700,2,0.1,0.1,1,17000,500000,0.3,0.6,100,315.368660078007,316.234569187135,0.865909109128063,25.80196997009,0.58,660.089222029614,660.955131138743,0.3,0.32258064516129,785.900452613831
1701,2,0.2,0.1,1,17000,500000,0.3,0.6,100,303.844086185939,307.99423342072,4.15014723478131,23.9818400112907,0.57,655.267951731017,659.418098965798,0.3,0.348837209302326,795.222333192825
1702,2,0.3,0.1,1,17000,500000,0.3,0.6,100,308.54656092443,313.944050285913,5.39748936148242,25.0786069287366,0.62,654.808379288166,660.205868649649,0.3,0.379746835443038,791.805859088898
1703,2,0.4,0.1,1,17000,500000,0.3,0.6,100,297.475675227946,303.644383164289,6.16870793634327,30.6440378105929,0.58,648.558231383516,654.726939319859,0.3,0.416666666666667,752.970249176025
1704,2,0.5,0.1,1,17000,500000,0.3,0.6,100,298.42660537974,310.291439346313,11.8648339665733,25.1233763873252,0.69,648.980007523266,660.844841489839,0.3,0.461538461538462,738.054219484329
1705,2,0.1,0.2,1,17000,500000,0.3,0.6,100,305.091102578724,306.194381088977,1.10327851025263,23.6233961149883,0.53,649.634295292711,650.737573802964,0.3,0.32258064516129,742.501674890518
1706,2,0.2,0.2,1,17000,500000,0.3,0.6,100,300.086305550827,307.317783480247,7.23147792941995,19.2943604020033,0.65,644.273645588592,651.505123518012,0.3,0.348837209302326,738.591163635254
1707,2,0.3,0.2,1,17000,500000,0.3,0.6,100,305.78159131669,315.773986487977,9.99239517128759,25.3547671507623,0.59,654.961536560406,664.953931731693,0.3,0.379746835443038,739.852006673813
1708,2,0.4,0.2,1,17000,500000,0.3,0.6,100,297.437898136023,307.887201550959,10.4493034149365,28.3909313743457,0.57,644.061285491966,654.510588906903,0.3,0.416666666666667,840.032487154007
1709,2,0.5,0.2,1,17000,500000,0.3,0.6,100,301.57084975855,313.817261114782,12.2464113562319,22.5130622694325,0.74,651.960201982355,664.206613338587,0.3,0.461538461538462,849.441794872284
1710,2,0.1,0.05,2,17000,500000,0.3,0.6,100,315.845595116831,315.135360130435,-0.710234986395626,22.4542705711235,0.54,661.522849794498,660.812614808102,0.3,0.32258064516129,821.712639331818
1711,2,0.2,0.05,2,17000,500000,0.3,0.6,100,299.341285014019,302.860812300091,3.51952728607251,19.448504650558,0.57,649.210222225539,652.729749511611,0.3,0.348837209302326,756.463817358017
1712,2,0.3,0.05,2,17000,500000,0.3,0.6,100,308.385530649886,320.461339778109,12.0758091282236,21.2700342215073,0.75,654.876628624796,666.952437753019,0.3,0.379746835443038,783.970955371857
1713,2,0.4,0.05,2,17000,500000,0.3,0.6,100,302.58737855817,311.469953530617,8.88257497244621,19.5461066664212,0.67,649.991139990027,658.873714962473,0.3,0.416666666666667,788.260621547699
1714,2,0.5,0.05,2,17000,500000,0.3,0.6,100,303.954236128148,318.502353857522,14.5481177293735,20.8871761487591,0.73,651.691486783568,666.239604512941,0.3,0.461538461538462,788.59086728096
1715,2,0.1,0.1,2,17000,500000,0.3,0.6,100,303.584103454205,309.291408457361,5.70730500315572,26.1649089457701,0.61,648.246200454912,653.953505458067,0.3,0.32258064516129,751.60514998436
1716,2,0.2,0.1,2,17000,500000,0.3,0.6,100,306.934697027376,311.850917153206,4.91622012582966,23.6752334653043,0.56,650.273588014754,655.189808140584,0.3,0.348837209302326,742.077701091766
1717,2,0.3,0.1,2,17000,500000,0.3,0.6,100,309.227201237785,316.291323375081,7.0641221372968,23.9808083552009,0.66,654.106018355735,661.170140493032,0.3,0.379746835443038,760.027735233307
1718,2,0.4,0.1,2,17000,500000,0.3,0.6,100,308.500678214123,312.600246275254,4.09956806113116,20.7697827864958,0.57,656.345922907206,660.445490968337,0.3,0.416666666666667,738.886532783508
1719,2,0.5,0.1,2,17000,500000,0.3,0.6,100,301.109244675566,312.059509286853,10.9502646112867,24.7744658325644,0.61,647.701622340789,658.651886952076,0.3,0.461538461538462,740.611018657684
1720,2,0.1,0.2,2,17000,500000,0.3,0.6,100,300.893392510236,306.983014945846,6.08962243560978,24.1054709641928,0.65,647.341066919062,653.430689354672,0.3,0.32258064516129,848.064638614655
1721,2,0.2,0.2,2,17000,500000,0.3,0.6,100,300.137679514042,302.659453855579,2.52177434153708,24.5605977475767,0.53,648.234796249369,650.756570590906,0.3,0.348837209302326,834.65574669838
1722,2,0.3,0.2,2,17000,500000,0.3,0.6,100,317.379366482521,327.58685544451,10.2074889619884,26.2721371484375,0.6,660.380273528499,670.587762490487,0.3,0.379746835443038,823.613783359528
1723,2,0.4,0.2,2,17000,500000,0.3,0.6,100,302.449580050536,313.610294607197,11.1607145566617,24.9738050861509,0.62,646.670038740218,657.83075329688,0.3,0.416666666666667,762.715809822083
1724,2,0.5,0.2,2,17000,500000,0.3,0.6,100,303.525470042678,316.965514577439,13.4400445347613,28.0907129027671,0.68,649.303839403704,662.743883938465,0.3,0.461538461538462,755.724620580673
1725,2,0.1,0.05,3,17000,500000,0.3,0.6,100,307.142669108871,310.504518141698,3.36184903282683,21.1070696689782,0.58,653.539200513092,656.901049545919,0.3,0.32258064516129,788.791453361511
1726,2,0.2,0.05,3,17000,500000,0.3,0.6,100,311.381208883494,313.79110105284,2.40989216934651,22.3742480589599,0.52,656.677823686349,659.087715855695,0.3,0.348837209302326,790.653476953507
1727,2,0.3,0.05,3,17000,500000,0.3,0.6,100,304.143138430187,306.999963303197,2.85682487301059,23.6770872160129,0.56,646.570450983791,649.427275856802,0.3,0.379746835443038,750.731845855713
1728,2,0.4,0.05,3,17000,500000,0.3,0.6,100,294.644799720551,302.296020877724,7.65122115717341,22.4595482370683,0.64,641.298757804756,648.949978961929,0.3,0.416666666666667,737.882943868637
1729,2,0.5,0.05,3,17000,500000,0.3,0.6,100,306.285481760825,317.473926345126,11.1884445843005,20.5155554534484,0.69,653.65432613667,664.842770720971,0.3,0.461538461538462,735.997836351395
1730,2,0.1,0.1,3,17000,500000,0.3,0.6,100,302.391321057979,306.600142052046,4.2088209940672,23.7989288444395,0.57,647.301003235573,651.50982422964,0.3,0.32258064516129,736.787214279175
1731,2,0.2,0.1,3,17000,500000,0.3,0.6,100,295.208216492894,300.237165630327,5.02894913743251,26.3066573534632,0.56,643.34508095241,648.374030089843,0.3,0.348837209302326,736.943584918976
1732,2,0.3,0.1,3,17000,500000,0.3,0.6,100,296.49292540929,298.983761461532,2.49083605224161,23.0212015093098,0.51,645.076302515022,647.567138567263,0.3,0.379746835443038,788.466583013535
1733,2,0.4,0.1,3,17000,500000,0.3,0.6,100,322.904973634121,332.268604245655,9.36363061153349,20.2692361154615,0.7,661.431483261696,670.79511387323,0.3,0.416666666666667,797.25010228157
1734,2,0.5,0.1,3,17000,500000,0.3,0.6,100,303.543822020719,313.051735747981,9.5079137272622,25.154306623295,0.61,649.136161078567,658.64407480583,0.3,0.461538461538462,779.436154603958
1735,2,0.1,0.2,3,17000,500000,0.3,0.6,100,294.284670057628,300.573536354624,6.28886629699609,25.7524227390348,0.57,645.815456625903,652.104322922899,0.3,0.32258064516129,758.139644145966
1736,2,0.2,0.2,3,17000,500000,0.3,0.6,100,294.450838510507,299.013882788694,4.56304427818682,23.526132412816,0.6,638.837557643064,643.400601921251,0.3,0.348837209302326,759.742599487305
1737,2,0.3,0.2,3,17000,500000,0.3,0.6,100,298.3651726171,306.827245481098,8.46207286399867,24.8375521296058,0.61,641.210985373281,649.67305823728,0.3,0.379746835443038,741.109311580658
1738,2,0.4,0.2,3,17000,500000,0.3,0.6,100,296.154185082221,309.148220211869,12.9940351296476,23.383447822227,0.68,644.199805077642,657.19384020729,0.3,0.416666666666667,766.36200094223
1739,2,0.5,0.2,3,17000,500000,0.3,0.6,100,298.640613127246,309.115260102859,10.4746469756131,23.0923896663885,0.72,639.522024418671,649.996671394284,0.3,0.461538461538462,749.259320259094
1740,2,0.1,0.05,0,20000,500000,0.3,0.6,100,304.610844090937,308.192500621614,3.58165653067665,18.7192598665675,0.58,653.110372173687,656.692028704364,0.3,0.32258064516129,736.949568986893
1741,2,0.2,0.05,0,20000,500000,0.3,0.6,100,309.584085029905,313.759580749544,4.17549571963876,22.6980671475095,0.6,653.352338292403,657.527834012041,0.3,0.348837209302326,740.834462404251
1742,2,0.3,0.05,0,20000,500000,0.3,0.6,100,301.368037637833,305.016357696538,3.64832005870488,19.6011265564042,0.51,649.827995608416,653.47631566712,0.3,0.379746835443038,733.675285100937
1743,2,0.4,0.05,0,20000,500000,0.3,0.6,100,300.148702718716,307.764434910771,7.61573219205455,19.5976993199635,0.68,644.752388047714,652.368120239768,0.3,0.416666666666667,740.215971231461
1744,2,0.5,0.05,0,20000,500000,0.3,0.6,100,305.464057675013,314.453122781337,8.98906510632408,17.8825396180403,0.73,650.918998927886,659.90806403421,0.3,0.461538461538462,779.294711828232
1745,2,0.1,0.1,0,20000,500000,0.3,0.6,100,300.891842256559,307.8345981941,6.94275593754027,22.7241480940296,0.61,650.550065086769,657.49282102431,0.3,0.32258064516129,780.856084108353
1746,2,0.2,0.1,0,20000,500000,0.3,0.6,100,303.480783549277,309.341333438696,5.86054988941954,22.997171393034,0.62,648.449299906376,654.309849795796,0.3,0.348837209302326,780.39128947258
1747,2,0.3,0.1,0,20000,500000,0.3,0.6,100,312.054407887649,315.474166642923,3.41975875527408,22.848418952742,0.66,654.296926403205,657.716685158479,0.3,0.379746835443038,757.677911996841
1748,2,0.4,0.1,0,20000,500000,0.3,0.6,100,315.093877581724,322.11808866878,7.02421108705604,24.8387384677618,0.66,658.376163141566,665.400374228622,0.3,0.416666666666667,757.919011592865
1749,2,0.5,0.1,0,20000,500000,0.3,0.6,100,306.210372017157,319.341558407341,13.1311863901832,23.8796476457926,0.7,646.946367565269,660.077553955452,0.3,0.461538461538462,733.533241510391
1750,2,0.1,0.2,0,20000,500000,0.3,0.6,100,306.580099892841,311.301406990589,4.72130709774855,25.2781174584247,0.59,653.456984443799,658.178291541548,0.3,0.32258064516129,766.707314252853
1751,2,0.2,0.2,0,20000,500000,0.3,0.6,100,302.608002674365,314.394496724642,11.7864940502763,25.4901200256017,0.69,649.442119316363,661.22861336664,0.3,0.348837209302326,749.982375383377
1752,2,0.3,0.2,0,20000,500000,0.3,0.6,100,306.656463520586,309.955344727414,3.29888120682747,23.3572642405718,0.54,650.171737998609,653.470619205437,0.3,0.379746835443038,739.359084129334
1753,2,0.4,0.2,0,20000,500000,0.3,0.6,100,294.497407291229,300.126256344156,5.62884905292735,22.3098697816781,0.62,643.337062789104,648.965911842031,0.3,0.416666666666667,746.526113271713
1754,2,0.5,0.2,0,20000,500000,0.3,0.6,100,302.997154850079,314.770559847194,11.7734049971154,24.437669942437,0.65,651.855718712848,663.629123709963,0.3,0.461538461538462,732.644619941712
1755,2,0.1,0.05,1,20000,500000,0.3,0.6,100,302.720491907761,304.148107325156,1.42761541739494,22.8009104480544,0.56,647.136628805527,648.564244222922,0.3,0.32258064516129,735.092491865158
1756,2,0.2,0.05,1,20000,500000,0.3,0.6,100,301.349306820234,304.532226110944,3.18291929071018,22.616452575535,0.6,648.022407277784,651.205326568494,0.3,0.348837209302326,779.424925088883
1757,2,0.3,0.05,1,20000,500000,0.3,0.6,100,305.715435965767,312.764058743122,7.04862277735521,21.6810052293258,0.61,649.207049111112,656.255671888467,0.3,0.379746835443038,775.527299165726
1758,2,0.4,0.05,1,20000,500000,0.3,0.6,100,304.552951151151,317.561922582329,13.0089714311775,24.3609947509489,0.72,648.298631562711,661.307602993888,0.3,0.416666666666667,776.981636047363
1759,2,0.5,0.05,1,20000,500000,0.3,0.6,100,310.642920768584,321.312118035379,10.6691972667944,19.9615000108363,0.69,656.964083099824,667.633280366618,0.3,0.461538461538462,755.212616205215
1760,2,0.1,0.1,1,20000,500000,0.3,0.6,100,310.039284707464,313.084694122027,3.04540941456287,27.0098417230541,0.55,656.004832639981,659.050242054544,0.3,0.32258064516129,760.131656646729
1761,2,0.2,0.1,1,20000,500000,0.3,0.6,100,296.74404159821,303.182548871868,6.4385072736582,24.7852265818394,0.6,641.63677885183,648.075286125489,0.3,0.348837209302326,766.161097049713
1762,2,0.3,0.1,1,20000,500000,0.3,0.6,100,306.704093474532,309.731340478593,3.0272470040612,23.4159842335279,0.53,650.897076239156,653.924323243217,0.3,0.379746835443038,761.347270488739
1763,2,0.4,0.1,1,20000,500000,0.3,0.6,100,311.287256607524,316.796780355098,5.50952374757406,22.9238816163089,0.62,656.895427875575,662.404951623149,0.3,0.416666666666667,746.567748308182
1764,2,0.5,0.1,1,20000,500000,0.3,0.6,100,294.980413075204,308.454188449902,13.4737753746977,23.7317925737329,0.71,641.534049693264,655.007825067962,0.3,0.461538461538462,737.37369966507
1765,2,0.1,0.2,1,20000,500000,0.3,0.6,100,305.641418659402,306.70685849817,1.06543983876822,24.4567739394097,0.53,653.502632190801,654.568072029569,0.3,0.32258064516129,743.114746332169
1766,2,0.2,0.2,1,20000,500000,0.3,0.6,100,300.834516143912,302.61229305573,1.77777691181787,26.7544381551723,0.53,649.668697384127,651.446474295945,0.3,0.348837209302326,736.515266656876
1767,2,0.3,0.2,1,20000,500000,0.3,0.6,100,303.102847274593,306.850818606686,3.74797133209287,25.3065252142918,0.52,650.784064862383,654.532036194476,0.3,0.379746835443038,736.800802469254
1768,2,0.4,0.2,1,20000,500000,0.3,0.6,100,309.579560140262,317.615890772804,8.03633063254177,24.1463260985727,0.6,652.063185995942,660.099516628484,0.3,0.416666666666667,787.322690486908
1769,2,0.5,0.2,1,20000,500000,0.3,0.6,100,313.057505797802,319.684902373557,6.62739657575431,23.2028483132226,0.66,660.968242492665,667.595639068419,0.3,0.461538461538462,779.729023933411
1770,2,0.1,0.05,2,20000,500000,0.3,0.6,100,291.650562005631,299.987300000506,8.33673799487561,24.3473801089994,0.56,642.670472240845,651.007210235721,0.3,0.32258064516129,773.939024209976
1771,2,0.2,0.05,2,20000,500000,0.3,0.6,100,313.331552957264,319.913803579585,6.58225062232018,17.6462468351195,0.67,659.387029175102,665.969279797422,0.3,0.348837209302326,756.857298135757
1772,2,0.3,0.05,2,20000,500000,0.3,0.6,100,300.099535109309,309.184635233735,9.08510012442583,19.9419913901258,0.64,646.308486635499,655.393586759925,0.3,0.379746835443038,755.935959100723
1773,2,0.4,0.05,2,20000,500000,0.3,0.6,100,300.443426565227,311.039157608086,10.5957310428582,21.8665208059844,0.69,646.013883731045,656.609614773903,0.3,0.416666666666667,734.063738107681
1774,2,0.5,0.05,2,20000,500000,0.3,0.6,100,302.570186245946,308.899534654261,6.32934840831502,20.6597118077046,0.62,650.508565530698,656.837913939013,0.3,0.461538461538462,773.813254117966
1775,2,0.1,0.1,2,20000,500000,0.3,0.6,100,306.966455689929,306.885943243859,-0.0805124460697084,25.2824353858288,0.51,647.486345785163,647.405833339094,0.3,0.32258064516129,754.092188596726
1776,2,0.2,0.1,2,20000,500000,0.3,0.6,100,292.428585693933,297.819215337073,5.39062964314051,23.5604888184496,0.62,642.068625168932,647.459254812072,0.3,0.348837209302326,739.89190864563
1777,2,0.3,0.1,2,20000,500000,0.3,0.6,100,299.237891792025,306.016956597691,6.77906480566549,22.8094495481639,0.61,646.094543492409,652.873608298074,0.3,0.379746835443038,743.717036247254
1778,2,0.4,0.1,2,20000,500000,0.3,0.6,100,312.68608561972,320.118885817097,7.43280019737735,21.959080540766,0.64,659.083627849688,666.516428047066,0.3,0.416666666666667,734.25470161438
1779,2,0.5,0.1,2,20000,500000,0.3,0.6,100,299.837862622184,310.361258444017,10.5233958218336,27.2938531559806,0.61,645.293247192352,655.816643014186,0.3,0.461538461538462,736.064386367798
1780,2,0.1,0.2,2,20000,500000,0.3,0.6,100,310.351701467506,316.680621315454,6.32891984794778,25.3678760181352,0.63,658.139341683182,664.468261531129,0.3,0.32258064516129,804.334784030914
1781,2,0.2,0.2,2,20000,500000,0.3,0.6,100,313.811506397171,317.263252849374,3.45174645220252,23.5133508606211,0.54,654.114234230309,657.565980682511,0.3,0.348837209302326,784.205699920654
1782,2,0.3,0.2,2,20000,500000,0.3,0.6,100,309.782666052253,312.835875036912,3.05320898465988,26.2070522614579,0.56,653.090585772332,656.143794756992,0.3,0.379746835443038,781.382448196411
1783,2,0.4,0.2,2,20000,500000,0.3,0.6,100,309.048624703159,315.601459845527,6.5528351423677,22.9453824889908,0.64,655.231862191693,661.78469733406,0.3,0.416666666666667,759.671236753464
1784,2,0.5,0.2,2,20000,500000,0.3,0.6,100,305.248968946168,312.105073361955,6.85610441578726,21.1390725499045,0.65,652.700323586677,659.556428002464,0.3,0.461538461538462,755.850790977478
1785,2,0.1,0.05,3,20000,500000,0.3,0.6,100,317.462648655826,320.041769768889,2.5791211130629,23.9863069705957,0.54,661.152280231077,663.731401344139,0.3,0.32258064516129,762.662742376328
1786,2,0.2,0.05,3,20000,500000,0.3,0.6,100,309.076371454979,313.046363016312,3.96999156133242,20.3771906450647,0.54,651.988099448884,655.958091010217,0.3,0.348837209302326,766.613559007645
1787,2,0.3,0.05,3,20000,500000,0.3,0.6,100,312.370874248838,321.045561225804,8.67468697696616,21.9974353390784,0.56,654.497940499045,663.172627476011,0.3,0.379746835443038,746.450484275818
1788,2,0.4,0.05,3,20000,500000,0.3,0.6,100,310.004618758078,318.764818067844,8.7601993097664,17.5778246512907,0.68,653.748486258311,662.508685568078,0.3,0.416666666666667,739.494762659073
1789,2,0.5,0.05,3,20000,500000,0.3,0.6,100,305.286489011535,320.28002408759,14.9935350760549,18.4221121274825,0.78,650.74500763429,665.738542710345,0.3,0.461538461538462,737.376888513565
1790,2,0.1,0.1,3,20000,500000,0.3,0.6,100,305.992052538023,309.163080739862,3.17102820183948,24.4033170355716,0.57,650.619867469289,653.790895671128,0.3,0.32258064516129,737.206751823425
1791,2,0.2,0.1,3,20000,500000,0.3,0.6,100,302.374608096033,309.069992527163,6.69538443112993,20.8589445242766,0.65,648.441549322572,655.136933753702,0.3,0.348837209302326,737.965734243393
1792,2,0.3,0.1,3,20000,500000,0.3,0.6,100,305.943317380947,315.417510622981,9.4741932420333,24.7249737346957,0.62,649.637938576751,659.112131818784,0.3,0.379746835443038,771.50630235672
1793,2,0.4,0.1,3,20000,500000,0.3,0.6,100,301.350404189109,310.104096805571,8.75369261646168,27.7380033960751,0.67,645.796399828532,654.550092444994,0.3,0.416666666666667,781.485570192337
1794,2,0.5,0.1,3,20000,500000,0.3,0.6,100,300.599124118013,309.418483036319,8.81935891830571,23.6795314786416,0.66,646.300716434516,655.120075352822,0.3,0.461538461538462,775.199143171311
1795,2,0.1,0.2,3,20000,500000,0.3,0.6,100,312.197716972023,315.335491581586,3.13777460956305,24.2238426110935,0.51,658.32024980305,661.458024412613,0.3,0.32258064516129,760.721953392029
1796,2,0.2,0.2,3,20000,500000,0.3,0.6,100,305.929093795977,314.643995895643,8.71490209966541,22.1188730550261,0.67,655.42184876696,664.136750866626,0.3,0.348837209302326,755.08121752739
1797,2,0.3,0.2,3,20000,500000,0.3,0.6,100,299.238726868072,305.277207101518,6.03848023344571,27.0030584377916,0.6,644.397698108691,650.436178342137,0.3,0.379746835443038,764.417473316193
1798,2,0.4,0.2,3,20000,500000,0.3,0.6,100,303.268737875246,309.052806560131,5.78406868488455,23.3823259613176,0.61,650.623541676572,656.407610361456,0.3,0.416666666666667,778.454075813294
1799,2,0.5,0.2,3,20000,500000,0.3,0.6,100,306.486348228961,314.407741050407,7.92139282144641,27.1260066040922,0.61,649.12619807448,657.047590895927,0.3,0.461538461538462,748.426282405853
