cell_id,model_version,error_reduction,cost_reduction,cycle_compression,tool_fixed_cost,total_budget,h2_yield,gxe_cor_onstation,n_reps,mean_dg_trad,mean_dg_tool,mean_dg_diff,sd_dg_diff,p_tool_gt_trad,mean_dg_vs_base_trad,mean_dg_vs_base_tool,h2_plot_trad,h2_plot_tool,elapsed_s
0,2,0,0.05,0,3000,100000,0.3,0.6,100,282.050086484813,283.000732675145,0.950646190332436,24.7834461047722,0.49,631.853109752067,632.8037559424,0.3,0.3,772.332810878754
1,2,0,0.1,0,3000,100000,0.3,0.6,100,300.749649649057,300.886601711247,0.136952062189989,21.8521830807864,0.46,645.832493320356,645.969445382546,0.3,0.3,771.252227544785
2,2,0,0.2,0,3000,100000,0.3,0.6,100,288.821073049572,294.327512021093,5.50643897152111,27.3396016801514,0.56,633.386042261859,638.89248123338,0.3,0.3,775.938241243363
3,2,0,0.3,0,3000,100000,0.3,0.6,100,295.339857879422,300.47796067493,5.13810279550828,23.7694265437092,0.59,641.445178534864,646.583281330372,0.3,0.3,764.815446853638
4,2,0,0.4,0,3000,100000,0.3,0.6,100,294.694000033147,302.758516290902,8.06451625775461,28.7075191591675,0.63,639.262359021363,647.326875279118,0.3,0.3,764.358283519745
5,2,0,0.5,0,3000,100000,0.3,0.6,100,291.815924742306,299.818797567921,8.00287282561519,24.5765390466552,0.63,640.082772927569,648.085645753184,0.3,0.3,774.530316352844
6,2,0,0.6,0,3000,100000,0.3,0.6,100,289.356190632422,302.523369921436,13.1671792890134,21.7365521415225,0.68,638.296628337048,651.463807626061,0.3,0.3,764.405913114548
7,2,0,0.7,0,3000,100000,0.3,0.6,100,290.540075598016,303.169660851268,12.6295852532516,27.7360016344393,0.7,635.709247182186,648.338832435437,0.3,0.3,766.183590888977
8,2,0,0.05,1,3000,100000,0.3,0.6,100,290.866487354436,293.119183992112,2.25269663767611,23.1364740709183,0.58,631.967290953108,634.219987590784,0.3,0.3,776.024686574936
9,2,0,0.1,1,3000,100000,0.3,0.6,100,297.401653431967,298.241491054392,0.839837622425409,19.5193090499004,0.51,641.545127916215,642.38496553864,0.3,0.3,764.009464025498
10,2,0,0.2,1,3000,100000,0.3,0.6,100,295.456039666877,300.148524807587,4.69248514070988,27.0737674879342,0.52,640.872481889624,645.564967030334,0.3,0.3,762.170875072479
11,2,0,0.3,1,3000,100000,0.3,0.6,100,289.596542127463,295.972323031245,6.37578090378183,25.5040430617734,0.6,638.118633504532,644.494414408314,0.3,0.3,783.128752946854
12,2,0,0.4,1,3000,100000,0.3,0.6,100,305.515893885315,310.306368410559,4.79047452524414,24.3957360957391,0.6,646.787875265156,651.5783497904,0.3,0.3,768.553242683411
13,2,0,0.5,1,3000,100000,0.3,0.6,100,299.717816012417,307.214876630505,7.4970606180877,27.1503513677655,0.63,642.948293810348,650.445354428436,0.3,0.3,772.093871593475
14,2,0,0.6,1,3000,100000,0.3,0.6,100,301.192671952217,309.256102366565,8.06343041434796,26.1217650021053,0.66,644.054348929813,652.117779344161,0.3,0.3,768.199155092239
15,2,0,0.7,1,3000,100000,0.3,0.6,100,297.219555413524,310.213640852522,12.9940854389979,30.409439075408,0.65,644.766620689338,657.760706128337,0.3,0.3,759.124027252197
16,2,0,0.05,2,3000,100000,0.3,0.6,100,289.291564627637,288.339009320188,-0.952555307449804,23.7800005674499,0.46,634.765389051814,633.812833744365,0.3,0.3,770.744629144669
17,2,0,0.1,2,3000,100000,0.3,0.6,100,298.605161172667,298.437933798204,-0.167227374462843,18.5159413274481,0.46,639.678566460896,639.511339086433,0.3,0.3,784.342374563217
18,2,0,0.2,2,3000,100000,0.3,0.6,100,304.730911826352,308.773555591503,4.04264376515066,26.4434746617759,0.55,648.272704264001,652.315348029152,0.3,0.3,770.992054224014
19,2,0,0.3,2,3000,100000,0.3,0.6,100,299.705188466625,303.830252694711,4.12506422808653,27.5439033611943,0.54,644.058549122221,648.183613350307,0.3,0.3,773.073437452316
20,2,0,0.4,2,3000,100000,0.3,0.6,100,305.444745935561,307.398016757026,1.95327082146566,24.5313216380066,0.53,651.511426897061,653.464697718526,0.3,0.3,768.60280418396
21,2,0,0.5,2,3000,100000,0.3,0.6,100,292.628961717929,296.125028995682,3.49606727775267,23.4112431580191,0.5,639.602373859418,643.098441137171,0.3,0.3,760.104666948319
22,2,0,0.6,2,3000,100000,0.3,0.6,100,302.892259407811,311.287506729754,8.39524732194299,29.4129310908141,0.63,640.759416006801,649.154663328744,0.3,0.3,760.43501996994
23,2,0,0.7,2,3000,100000,0.3,0.6,100,292.626368564911,300.939217377072,8.31284881216129,31.1105915258534,0.63,640.307467578446,648.620316390607,0.3,0.3,800.57520699501
24,2,0,0.05,3,3000,100000,0.3,0.6,100,292.040700816465,289.6811240372,-2.35957677926436,27.6055391031239,0.4,637.827738091318,635.468161312054,0.3,0.3,770.622406721115
25,2,0,0.1,3,3000,100000,0.3,0.6,100,291.452546933374,291.850275866464,0.397728933090107,18.8210771523162,0.44,639.556071103963,639.953800037053,0.3,0.3,776.777408123016
26,2,0,0.2,3,3000,100000,0.3,0.6,100,294.986381864661,300.508837087519,5.52245522285809,29.5593229032595,0.55,638.168533365643,643.690988588501,0.3,0.3,778.735993623734
27,2,0,0.3,3,3000,100000,0.3,0.6,100,296.976533380538,302.67241500451,5.69588162397141,29.0633226092101,0.55,641.43064406926,647.126525693231,0.3,0.3,766.337889194489
28,2,0,0.4,3,3000,100000,0.3,0.6,100,298.962246392405,305.849108519228,6.88686212682295,23.5559939020825,0.6,640.886338665523,647.773200792346,0.3,0.3,762.508735656738
29,2,0,0.5,3,3000,100000,0.3,0.6,100,301.146133612412,309.659091514662,8.51295790225018,26.5805489372664,0.63,646.590526191178,655.103484093429,0.3,0.3,775.328198194504
30,2,0,0.6,3,3000,100000,0.3,0.6,100,288.523145489347,295.313008122832,6.78986263348427,28.1578877181547,0.57,631.003079749995,637.792942383479,0.3,0.3,767.361900806427
31,2,0,0.7,3,3000,100000,0.3,0.6,100,287.101228309276,302.254128385687,15.1529000764119,30.8390660572739,0.65,631.332750342982,646.485650419394,0.3,0.3,768.907631397247
32,2,0,0.05,0,6500,100000,0.3,0.6,100,293.9645188646,297.099098769137,3.13457990453692,26.0830184013663,0.57,641.115894632149,644.250474536685,0.3,0.3,776.208800792694
33,2,0,0.1,0,6500,100000,0.3,0.6,100,294.88312644836,293.915875703477,-0.967250744883302,23.9049533147519,0.48,637.77759818311,636.810347438227,0.3,0.3,764.308335781097
34,2,0,0.2,0,6500,100000,0.3,0.6,100,298.073189743098,300.369504954594,2.29631521149607,18.4288835345601,0.54,644.003932756332,646.300247967828,0.3,0.3,761.100796222687
35,2,0,0.3,0,6500,100000,0.3,0.6,100,299.538199035198,301.383280956446,1.84508192124854,24.5201993354439,0.5,645.378179601516,647.223261522764,0.3,0.3,782.460985422134
36,2,0,0.4,0,6500,100000,0.3,0.6,100,296.477474185888,302.173032509986,5.69555832409812,24.3716482869721,0.59,640.651023975231,646.346582299329,0.3,0.3,769.030241012573
37,2,0,0.5,0,6500,100000,0.3,0.6,100,284.625337141465,290.537028484834,5.91169134336898,25.3743074838404,0.59,634.653121494002,640.564812837371,0.3,0.3,763.507520675659
38,2,0,0.6,0,6500,100000,0.3,0.6,100,290.589963183636,302.285524726719,11.6955615430827,28.4444099671722,0.63,637.066599712669,648.762161255752,0.3,0.3,763.078674077988
39,2,0,0.7,0,6500,100000,0.3,0.6,100,298.361567913126,302.053492968029,3.69192505490374,30.2975435996553,0.5,647.66520528666,651.357130341564,0.3,0.3,762.764509677887
40,2,0,0.05,1,6500,100000,0.3,0.6,100,298.437328752197,301.002890090888,2.56556133869128,22.4125982502348,0.47,644.809663044347,647.375224383038,0.3,0.3,763.989556789398
41,2,0,0.1,1,6500,100000,0.3,0.6,100,300.502313878966,298.544395094602,-1.95791878436384,25.2693536331816,0.47,645.344509789662,643.386591005298,0.3,0.3,765.704518318176
42,2,0,0.2,1,6500,100000,0.3,0.6,100,292.730686040562,299.431165614987,6.70047957442502,21.5039702078412,0.66,641.299883889574,648.000363463999,0.3,0.3,769.256107807159
43,2,0,0.3,1,6500,100000,0.3,0.6,100,291.341051367152,297.300408526903,5.95935715975147,21.5932974781594,0.56,637.675874952337,643.635232112089,0.3,0.3,775.926998615265
44,2,0,0.4,1,6500,100000,0.3,0.6,100,293.338614502918,297.082389162382,3.74377465946401,26.7836075270103,0.56,636.457204069893,640.200978729357,0.3,0.3,776.096379995346
45,2,0,0.5,1,6500,100000,0.3,0.6,100,289.321584348037,293.486470603603,4.1648862555668,23.7925505240791,0.54,636.174306631482,640.339192887049,0.3,0.3,863.377213716507
46,2,0,0.6,1,6500,100000,0.3,0.6,100,286.451067355621,294.365154006545,7.91408665092356,25.0445196789632,0.59,634.189757680438,642.103844331361,0.3,0.3,758.899589061737
47,2,0,0.7,1,6500,100000,0.3,0.6,100,292.712275018077,301.542817192381,8.83054217430393,31.0585877617574,0.63,641.30601720135,650.136559375654,0.3,0.3,761.438102245331
48,2,0,0.05,2,6500,100000,0.3,0.6,100,288.221010298703,293.996175835573,5.77516553686975,23.971387206973,0.59,631.877223496508,637.652389033378,0.3,0.3,771.988092184067
49,2,0,0.1,2,6500,100000,0.3,0.6,100,303.145125322584,301.086411304521,-2.05871401806287,23.8993389279289,0.43,646.865440147101,644.806726129038,0.3,0.3,769.545600414276
50,2,0,0.2,2,6500,100000,0.3,0.6,100,288.664833959477,287.527551642944,-1.13728231653304,19.9837424153097,0.45,633.958307124484,632.821024807951,0.3,0.3,770.774549484253
51,2,0,0.3,2,6500,100000,0.3,0.6,100,285.670373973303,292.200922631697,6.53054865839408,24.1735059483622,0.62,637.449136885404,643.979685543798,0.3,0.3,764.27194070816
52,2,0,0.4,2,6500,100000,0.3,0.6,100,283.319137965321,289.307824263889,5.98868629856812,23.0937942385968,0.58,626.831636365776,632.820322664344,0.3,0.3,766.917872667313
53,2,0,0.5,2,6500,100000,0.3,0.6,100,285.022212172117,289.665534804921,4.643322632804,24.4784216447701,0.54,629.85339453202,634.496717164824,0.3,0.3,761.102914094925
54,2,0,0.6,2,6500,100000,0.3,0.6,100,296.111241580548,306.089723631511,9.97848205096291,23.1466827627218,0.68,644.415456403241,654.393938454204,0.3,0.3,766.388790845871
55,2,0,0.7,2,6500,100000,0.3,0.6,100,290.6071013356,298.087947260502,7.48084592490188,28.7107959829676,0.66,636.514376585258,643.99522251016,0.3,0.3,773.186498403549
56,2,0,0.05,3,6500,100000,0.3,0.6,100,293.706586805163,295.138593010626,1.43200620546324,26.6255050674507,0.48,643.081224539683,644.513230745146,0.3,0.3,779.196363687515
57,2,0,0.1,3,6500,100000,0.3,0.6,100,292.82663365387,296.059755615737,3.23312196186678,24.4648834051592,0.57,635.666949665372,638.900071627238,0.3,0.3,891.444794178009
58,2,0,0.2,3,6500,100000,0.3,0.6,100,293.867769946853,295.842857967477,1.97508802062428,20.8279902906323,0.52,643.764853799645,645.739941820269,0.3,0.3,764.114887714386
59,2,0,0.3,3,6500,100000,0.3,0.6,100,287.078570251511,294.256474272618,7.17790402110692,25.4550627130709,0.57,638.217120456136,645.395024477243,0.3,0.3,807.05846619606
60,2,0,0.4,3,6500,100000,0.3,0.6,100,286.386600166469,292.16605258167,5.77945241520022,27.6258853549145,0.56,631.241391926143,637.020844341343,0.3,0.3,773.533937931061
61,2,0,0.5,3,6500,100000,0.3,0.6,100,289.029390769508,299.295072276086,10.2656815065775,29.9864000688907,0.61,630.603276877145,640.868958383723,0.3,0.3,766.840988397598
62,2,0,0.6,3,6500,100000,0.3,0.6,100,292.895063277279,297.518795514383,4.62373223710351,28.8069527064303,0.57,636.284632802239,640.908365039343,0.3,0.3,770.827374696732
63,2,0,0.7,3,6500,100000,0.3,0.6,100,286.633455066466,295.292527672885,8.659072606419,33.1469197676496,0.59,632.985870209551,641.644942815971,0.3,0.3,764.317760705948
64,2,0,0.05,0,10000,100000,0.3,0.6,100,295.53426462853,295.861633345321,0.327368716790768,25.4173856969092,0.5,638.855191872264,639.182560589055,0.3,0.3,762.292561292648
65,2,0,0.1,0,10000,100000,0.3,0.6,100,287.930682992618,287.930682992618,0,0,0,634.770271177128,634.770271177128,0.3,0.3,808.132229566574
66,2,0,0.2,0,10000,100000,0.3,0.6,100,306.110722648814,311.034931653643,4.92420900482923,24.9871610029094,0.57,649.932867397643,654.857076402472,0.3,0.3,773.594782352448
67,2,0,0.3,0,10000,100000,0.3,0.6,100,296.285704230994,297.929259886286,1.6435556552925,23.7600259114303,0.54,639.548083584798,641.191639240091,0.3,0.3,775.43666601181
68,2,0,0.4,0,10000,100000,0.3,0.6,100,298.888847245994,307.169427889342,8.28058064334759,28.2710808475597,0.62,640.580494252681,648.861074896028,0.3,0.3,786.524781942368
69,2,0,0.5,0,10000,100000,0.3,0.6,100,290.909618596365,297.73998373238,6.83036513601442,23.5584629450253,0.56,638.830616545748,645.660981681763,0.3,0.3,759.578450918198
70,2,0,0.6,0,10000,100000,0.3,0.6,100,294.358389170118,306.212281328208,11.8538921580908,26.5935032554368,0.66,642.240874785631,654.094766943722,0.3,0.3,757.720519781113
71,2,0,0.7,0,10000,100000,0.3,0.6,100,280.224948231918,291.163981402295,10.9390331703774,32.7542019320331,0.65,628.675625525604,639.614658695981,0.3,0.3,776.331435441971
72,2,0,0.05,1,10000,100000,0.3,0.6,100,294.880299496893,290.700763181962,-4.17953631493075,24.8660293566032,0.42,641.482787480861,637.30325116593,0.3,0.3,768.86407160759
73,2,0,0.1,1,10000,100000,0.3,0.6,100,300.417892456436,300.417892456436,0,0,0,643.025232268938,643.025232268938,0.3,0.3,769.042249679565
74,2,0,0.2,1,10000,100000,0.3,0.6,100,290.806296460943,295.233163918864,4.42686745792162,25.2073385564295,0.57,633.988409922541,638.415277380463,0.3,0.3,775.955763101578
75,2,0,0.3,1,10000,100000,0.3,0.6,100,294.202415151979,302.311688037996,8.10927288601694,26.3808536709118,0.62,638.349727282031,646.459000168048,0.3,0.3,760.935562372208
76,2,0,0.4,1,10000,100000,0.3,0.6,100,296.316480525405,297.083729152822,0.767248627417232,22.7615667415534,0.48,642.645274626907,643.412523254324,0.3,0.3,760.54843711853
77,2,0,0.5,1,10000,100000,0.3,0.6,100,284.856960311791,295.112111630917,10.2551513191262,28.9851868839649,0.62,631.040693941461,641.295845260588,0.3,0.3,760.277145385742
78,2,0,0.6,1,10000,100000,0.3,0.6,100,303.548832090067,313.008886006183,9.46005391611589,26.0073857568993,0.6,648.574605786385,658.034659702501,0.3,0.3,766.916924715042
79,2,0,0.7,1,10000,100000,0.3,0.6,100,295.153747407585,304.941022479349,9.78727507176387,31.7701300657026,0.66,643.645007369541,653.432282441305,0.3,0.3,770.019749164581
80,2,0,0.05,2,10000,100000,0.3,0.6,100,288.607475907847,290.718438019151,2.11096211130377,25.1821580712204,0.53,634.851480303546,636.96244241485,0.3,0.3,776.059788227081
81,2,0,0.1,2,10000,100000,0.3,0.6,100,300.735116777822,300.735116777822,0,0,0,649.447685058409,649.447685058409,0.3,0.3,759.515633583069
82,2,0,0.2,2,10000,100000,0.3,0.6,100,301.144883610369,299.342506083168,-1.80237752720136,23.2507722769908,0.44,648.804024373871,647.001646846669,0.3,0.3,762.086672306061
83,2,0,0.3,2,10000,100000,0.3,0.6,100,295.772237496095,303.944551546644,8.17231405054923,25.6267871708455,0.58,640.224220626685,648.396534677234,0.3,0.3,765.806815624237
84,2,0,0.4,2,10000,100000,0.3,0.6,100,298.000108152417,302.163433826328,4.16332567391101,23.8428284708828,0.49,640.908151967716,645.071477641627,0.3,0.3,772.870569944382
85,2,0,0.5,2,10000,100000,0.3,0.6,100,293.421219589447,304.694886473981,11.2736668845335,29.3741412558445,0.66,636.141129485938,647.414796370472,0.3,0.3,769.530776739121
86,2,0,0.6,2,10000,100000,0.3,0.6,100,294.635717587248,299.504310575966,4.86859298871791,26.9173375730635,0.57,642.563034892675,647.431627881393,0.3,0.3,765.170534849167
87,2,0,0.7,2,10000,100000,0.3,0.6,100,285.697138398877,297.198309095061,11.501170696184,29.5331383616711,0.66,633.808899446448,645.310070142632,0.3,0.3,758.970850229263
88,2,0,0.05,3,10000,100000,0.3,0.6,100,289.469966628617,289.683219097297,0.2132524686805,25.0012186571041,0.49,636.946384671467,637.159637140148,0.3,0.3,766.170193433762
89,2,0,0.1,3,10000,100000,0.3,0.6,100,290.189373017788,290.189373017788,0,0,0,637.873476841386,637.873476841386,0.3,0.3,762.699998378754
90,2,0,0.2,3,10000,100000,0.3,0.6,100,298.11855555589,299.786254480632,1.66769892474126,22.1092107123683,0.58,641.910275862886,643.577974787627,0.3,0.3,771.337507486343
91,2,0,0.3,3,10000,100000,0.3,0.6,100,282.063756286227,287.101518381233,5.03776209500613,27.2384193704644,0.57,634.413954586873,639.451716681879,0.3,0.3,772.361136198044
92,2,0,0.4,3,10000,100000,0.3,0.6,100,301.680175103954,306.921208040986,5.24103293703217,24.3361982946077,0.58,644.467350101542,649.708383038574,0.3,0.3,770.615506887436
93,2,0,0.5,3,10000,100000,0.3,0.6,100,298.511249964023,307.471654580438,8.9604046164149,29.7421898372093,0.58,640.829107764217,649.789512380632,0.3,0.3,757.704300165176
94,2,0,0.6,3,10000,100000,0.3,0.6,100,293.960664096614,304.198144962111,10.2374808654972,28.0651933890612,0.63,639.816497723104,650.053978588601,0.3,0.3,756.281439304352
95,2,0,0.7,3,10000,100000,0.3,0.6,100,297.96073649372,308.810508983915,10.8497724901946,29.4592286537438,0.68,645.415981753931,656.265754244125,0.3,0.3,802.456695795059
96,2,0,0.05,0,13500,100000,0.3,0.6,100,297.828723551339,297.994701318451,0.165977767112538,20.5503897711455,0.51,645.133975736172,645.299953503285,0.3,0.3,772.253700733185
97,2,0,0.1,0,13500,100000,0.3,0.6,100,289.450984762459,288.27425291698,-1.17673184547865,22.2880498605683,0.52,638.856492242161,637.679760396683,0.3,0.3,770.23228931427
98,2,0,0.2,0,13500,100000,0.3,0.6,100,295.805822637935,292.011859255285,-3.79396338264993,19.5435410675691,0.47,645.124185819891,641.330222437241,0.3,0.3,777.929911613464
99,2,0,0.3,0,13500,100000,0.3,0.6,100,297.094184226532,299.302458595003,2.2082743684707,23.3857787606658,0.51,641.453286061043,643.661560429514,0.3,0.3,762.266524553299
100,2,0,0.4,0,13500,100000,0.3,0.6,100,304.648990646213,307.245592105699,2.59660145948589,24.9886382998666,0.49,648.286358951223,650.882960410709,0.3,0.3,765.179151535034
101,2,0,0.5,0,13500,100000,0.3,0.6,100,300.999498262945,309.573193456331,8.57369519338571,28.9795924576122,0.6,646.656740694655,655.23043588804,0.3,0.3,778.184842348099
102,2,0,0.6,0,13500,100000,0.3,0.6,100,286.697332879768,297.66440988325,10.9670770034827,29.3448010836818,0.64,634.970306606271,645.937383609754,0.3,0.3,766.939935207367
103,2,0,0.7,0,13500,100000,0.3,0.6,100,295.185967126741,304.300107207614,9.11414008087253,31.1575797947981,0.62,638.351583828258,647.465723909131,0.3,0.3,766.726621627808
104,2,0,0.05,1,13500,100000,0.3,0.6,100,288.276379300922,288.03153787934,-0.244841421582257,17.0724732351732,0.46,632.61475688809,632.369915466507,0.3,0.3,773.888752222061
105,2,0,0.1,1,13500,100000,0.3,0.6,100,291.217357643252,292.321642404679,1.1042847614269,24.4701869387204,0.47,637.125076638573,638.2293614,0.3,0.3,759.822832345963
106,2,0,0.2,1,13500,100000,0.3,0.6,100,298.393401660094,300.131460222266,1.73805856217228,18.9319319026202,0.51,645.223588945979,646.961647508151,0.3,0.3,759.702634096146
107,2,0,0.3,1,13500,100000,0.3,0.6,100,295.057888632907,298.512797060136,3.45490842722914,24.1765324711558,0.57,640.561607329949,644.016515757178,0.3,0.3,808.745589494705
108,2,0,0.4,1,13500,100000,0.3,0.6,100,299.273469966446,303.103458205625,3.82998823917929,25.4761050658398,0.49,646.511063260595,650.341051499775,0.3,0.3,772.038755893707
109,2,0,0.5,1,13500,100000,0.3,0.6,100,284.156541212356,289.708694811594,5.55215359923758,25.0778385143498,0.62,629.677899009191,635.230052608429,0.3,0.3,773.34567117691
110,2,0,0.6,1,13500,100000,0.3,0.6,100,293.304388753627,304.901915391259,11.5975266376318,28.180767560502,0.67,641.403643888494,653.001170526125,0.3,0.3,768.260972976685
111,2,0,0.7,1,13500,100000,0.3,0.6,100,292.444432955607,302.852257977488,10.407825021881,29.8199342727836,0.66,634.803407332171,645.211232354052,0.3,0.3,762.864361047745
112,2,0,0.05,2,13500,100000,0.3,0.6,100,287.06805068736,282.470673102579,-4.59737758478124,19.1283127803321,0.41,628.948941859247,624.351564274466,0.3,0.3,759.965656280518
113,2,0,0.1,2,13500,100000,0.3,0.6,100,294.374365322623,293.818433163611,-0.555932159012723,27.7490723841064,0.46,637.635652375321,637.079720216309,0.3,0.3,809.117076635361
114,2,0,0.2,2,13500,100000,0.3,0.6,100,298.933272644483,300.767457150935,1.83418450645134,18.792041189403,0.46,646.587140103309,648.42132460976,0.3,0.3,772.532323598862
115,2,0,0.3,2,13500,100000,0.3,0.6,100,296.679717624079,297.557521348846,0.877803724767452,26.4902224996656,0.48,642.957858948026,643.835662672794,0.3,0.3,777.532034397125
116,2,0,0.4,2,13500,100000,0.3,0.6,100,291.809976698092,295.942935377763,4.13295867967141,28.3352805005032,0.6,636.426850723301,640.559809402973,0.3,0.3,777.307391166687
117,2,0,0.5,2,13500,100000,0.3,0.6,100,299.368294182502,303.250688125685,3.88239394318292,28.6662734928999,0.51,642.99341116588,646.875805109063,0.3,0.3,760.417613983154
118,2,0,0.6,2,13500,100000,0.3,0.6,100,289.807055341677,301.026885701343,11.2198303596659,26.2428013397991,0.66,634.746375999062,645.966206358728,0.3,0.3,766.731872320175
119,2,0,0.7,2,13500,100000,0.3,0.6,100,298.942572019698,312.622886196085,13.6803141763874,30.0421455601809,0.69,642.688837661848,656.369151838235,0.3,0.3,780.738476514816
120,2,0,0.05,3,13500,100000,0.3,0.6,100,288.115809538081,286.900681575199,-1.21512796288171,18.8984340757982,0.48,635.668228539613,634.453100576731,0.3,0.3,769.993670940399
121,2,0,0.1,3,13500,100000,0.3,0.6,100,298.890371950252,294.803809331519,-4.08656261873388,25.024607260529,0.4,646.088323878581,642.001761259847,0.3,0.3,769.277316808701
122,2,0,0.2,3,13500,100000,0.3,0.6,100,296.8778978504,297.646715687236,0.768817836836568,17.7099701643975,0.5,643.473799477667,644.242617314503,0.3,0.3,775.593860149384
123,2,0,0.3,3,13500,100000,0.3,0.6,100,296.663163044425,301.121130044561,4.4579670001358,25.5793541644285,0.56,640.202488134714,644.66045513485,0.3,0.3,759.399281263351
124,2,0,0.4,3,13500,100000,0.3,0.6,100,299.906427500555,303.219804293673,3.3133767931184,23.204495412145,0.51,644.549779929463,647.863156722581,0.3,0.3,760.336390733719
125,2,0,0.5,3,13500,100000,0.3,0.6,100,287.912109764077,292.586664389458,4.67455462538107,27.3280586827959,0.57,633.806760901077,638.481315526458,0.3,0.3,780.228227853775
126,2,0,0.6,3,13500,100000,0.3,0.6,100,290.692389791793,306.453694524498,15.7613047327049,27.8801429706346,0.71,638.33681552735,654.098120260055,0.3,0.3,767.977797269821
127,2,0,0.7,3,13500,100000,0.3,0.6,100,296.3703269117,305.422435479713,9.05210856801349,30.4612697303498,0.59,646.386261659016,655.438370227029,0.3,0.3,774.848388910294
128,2,0,0.05,0,17000,100000,0.3,0.6,100,285.603233959222,284.428011370298,-1.1752225889232,21.1914615659225,0.49,634.271231029907,633.096008440984,0.3,0.3,783.277366161347
129,2,0,0.1,0,17000,100000,0.3,0.6,100,295.477356628547,296.025473642999,0.54811701445281,19.4318243374694,0.49,643.292881515548,643.840998530001,0.3,0.3,760.05814909935
130,2,0,0.2,0,17000,100000,0.3,0.6,100,288.390798653281,289.051027972886,0.660229319605571,24.4977271162424,0.49,629.258283205895,629.9185125255,0.3,0.3,759.869433879852
131,2,0,0.3,0,17000,100000,0.3,0.6,100,292.918747752067,292.865427873915,-0.0533198781517763,20.6294371839812,0.56,642.645336904938,642.592017026787,0.3,0.3,780.679211616516
132,2,0,0.4,0,17000,100000,0.3,0.6,100,292.908350409834,296.962340552557,4.0539901427226,27.9360981657018,0.49,640.11971408186,644.173704224583,0.3,0.3,775.088070392609
133,2,0,0.5,0,17000,100000,0.3,0.6,100,303.067379299229,308.480153480046,5.41277418081717,24.8830132462137,0.54,646.737382142738,652.150156323555,0.3,0.3,774.333321332932
134,2,0,0.6,0,17000,100000,0.3,0.6,100,291.073731892263,302.857275077491,11.7835431852273,26.16970363663,0.66,636.015297388236,647.798840573463,0.3,0.3,774.946602106094
135,2,0,0.7,0,17000,100000,0.3,0.6,100,291.035314429483,305.761052909185,14.7257384797015,26.8328888161741,0.73,638.743338224312,653.469076704013,0.3,0.3,862.918053388596
136,2,0,0.05,1,17000,100000,0.3,0.6,100,300.315507286576,297.36534947361,-2.95015781296579,25.0215544529623,0.48,645.680022745716,642.72986493275,0.3,0.3,760.022432804108
137,2,0,0.1,1,17000,100000,0.3,0.6,100,291.277842191773,291.456240554318,0.178398362544872,19.713436634615,0.45,634.618382131058,634.796780493603,0.3,0.3,787.931814193726
138,2,0,0.2,1,17000,100000,0.3,0.6,100,285.672924680748,292.599068458924,6.92614377817561,26.6028515297518,0.53,630.278155236836,637.204299015011,0.3,0.3,769.283891677856
139,2,0,0.3,1,17000,100000,0.3,0.6,100,292.690995050396,293.017823492855,0.326828442458566,18.9572920323644,0.48,636.320131645528,636.646960087987,0.3,0.3,771.945574522018
140,2,0,0.4,1,17000,100000,0.3,0.6,100,290.719902793767,298.359559710978,7.63965691721084,24.7820885298407,0.62,632.107136201258,639.746793118469,0.3,0.3,792.855261087418
141,2,0,0.5,1,17000,100000,0.3,0.6,100,290.833514792891,300.622602306717,9.78908751382616,29.0742507171193,0.63,638.755440985081,648.544528498907,0.3,0.3,866.854562044144
142,2,0,0.6,1,17000,100000,0.3,0.6,100,291.31743078422,298.975637678197,7.65820689397678,27.5694941964088,0.61,640.99266033514,648.650867229117,0.3,0.3,761.425711870194
143,2,0,0.7,1,17000,100000,0.3,0.6,100,300.759460485665,307.837984751808,7.07852426614333,26.3790291434294,0.6,648.293659447062,655.372183713206,0.3,0.3,780.295308113098
144,2,0,0.05,2,17000,100000,0.3,0.6,100,293.075677373748,293.311973279029,0.236295905281763,21.6263953233312,0.48,642.596590376145,642.832886281427,0.3,0.3,755.5183365345
145,2,0,0.1,2,17000,100000,0.3,0.6,100,294.726284005348,294.070920614954,-0.655363390394152,22.2139702202907,0.49,639.574374257287,638.919010866893,0.3,0.3,752.723904132843
146,2,0,0.2,2,17000,100000,0.3,0.6,100,297.685808079256,301.444392417333,3.75858433807741,24.6417187752718,0.54,645.723959743069,649.482544081146,0.3,0.3,752.512926578522
147,2,0,0.3,2,17000,100000,0.3,0.6,100,288.579987403585,288.907880251409,0.327892847824655,18.1996839007781,0.48,635.035253534452,635.363146382277,0.3,0.3,756.899431228638
148,2,0,0.4,2,17000,100000,0.3,0.6,100,299.65105589224,305.812617292234,6.16156139999387,27.8606363495248,0.57,645.347315520635,651.508876920629,0.3,0.3,767.24608874321
149,2,0,0.5,2,17000,100000,0.3,0.6,100,290.131801851836,295.304426897917,5.17262504608081,28.0085947705358,0.55,634.612244731785,639.784869777866,0.3,0.3,758.46715593338
150,2,0,0.6,2,17000,100000,0.3,0.6,100,299.1084166434,308.011249085424,8.90283244202383,30.9026869025469,0.62,642.6694800378,651.572312479824,0.3,0.3,752.444190263748
151,2,0,0.7,2,17000,100000,0.3,0.6,100,292.232899037365,303.754042510934,11.521143473569,28.0225098323148,0.64,635.511399439391,647.03254291296,0.3,0.3,753.472966194153
152,2,0,0.05,3,17000,100000,0.3,0.6,100,300.583578003382,299.292775537243,-1.29080246613946,21.4473416336469,0.47,646.082069992961,644.791267526822,0.3,0.3,765.592824459076
153,2,0,0.1,3,17000,100000,0.3,0.6,100,279.534547669522,278.983493243632,-0.551054425890072,20.7756736540728,0.49,626.721951259505,626.170896833615,0.3,0.3,759.45335483551
154,2,0,0.2,3,17000,100000,0.3,0.6,100,297.986881279909,303.841193109998,5.8543118300887,22.1455182412143,0.6,643.070059237738,648.924371067827,0.3,0.3,759.150174856186
155,2,0,0.3,3,17000,100000,0.3,0.6,100,282.959810082704,283.963447532971,1.00363745026708,19.2939849555784,0.49,633.010248881111,634.013886331379,0.3,0.3,762.309675455093
156,2,0,0.4,3,17000,100000,0.3,0.6,100,291.871681652815,293.538676395682,1.66699474286699,24.3381254649591,0.54,635.187036850303,636.854031593169,0.3,0.3,756.381398677826
157,2,0,0.5,3,17000,100000,0.3,0.6,100,305.870636822898,312.690016391932,6.81937956903356,27.9732368497365,0.56,650.253948760892,657.073328329926,0.3,0.3,756.49263882637
158,2,0,0.6,3,17000,100000,0.3,0.6,100,294.534038873144,297.525460645387,2.99142177224286,25.9718969910276,0.56,643.669405854262,646.660827626505,0.3,0.3,754.287996530533
159,2,0,0.7,3,17000,100000,0.3,0.6,100,293.827184095316,304.45152469439,10.6243405990732,26.4748281364656,0.63,636.401508285481,647.025848884554,0.3,0.3,756.626532316208
160,2,0,0.05,0,20000,100000,0.3,0.6,100,286.700674819245,273.28794791332,-13.4127269059255,42.947642191446,0.4,637.338024280558,623.925297374633,0.3,0.3,760.664176225662
161,2,0,0.1,0,20000,100000,0.3,0.6,100,286.251083305159,286.635396483049,0.384313177889842,24.8457506043096,0.49,631.636198885766,632.020512063656,0.3,0.3,766.038496255875
162,2,0,0.2,0,20000,100000,0.3,0.6,100,289.340726983317,289.340726983317,0,0,0,630.790182998101,630.790182998101,0.3,0.3,756.543556213379
163,2,0,0.3,0,20000,100000,0.3,0.6,100,291.257340749051,292.815649392475,1.55830864342383,26.5848868144248,0.57,633.911407977447,635.469716620871,0.3,0.3,755.719004392624
164,2,0,0.4,0,20000,100000,0.3,0.6,100,287.530161468027,294.147012274277,6.61685080624954,25.0428560486561,0.57,634.930433142572,641.547283948821,0.3,0.3,758.173761606216
165,2,0,0.5,0,20000,100000,0.3,0.6,100,297.611889445102,306.282664174544,8.67077472944125,29.2456071449051,0.58,641.363244981204,650.034019710645,0.3,0.3,754.335849761963
166,2,0,0.6,0,20000,100000,0.3,0.6,100,293.449188204144,306.597303108582,13.1481149044378,31.8409465565741,0.64,640.68760810682,653.835723011258,0.3,0.3,759.879407882691
167,2,0,0.7,0,20000,100000,0.3,0.6,100,301.552410812188,311.607927127324,10.0555163151359,33.1035747425047,0.6,646.85286791602,656.908384231156,0.3,0.3,761.064438819885
168,2,0,0.05,1,20000,100000,0.3,0.6,100,294.267021621893,282.667060475212,-11.5999611466813,40.3575184138408,0.4,640.407801131633,628.807839984952,0.3,0.3,757.723300695419
169,2,0,0.1,1,20000,100000,0.3,0.6,100,295.976934294287,292.159841039924,-3.81709325436219,23.5281999099834,0.46,637.557441019587,633.740347765224,0.3,0.3,756.058348894119
170,2,0,0.2,1,20000,100000,0.3,0.6,100,290.787237467434,290.787237467434,0,0,0,638.693702147458,638.693702147458,0.3,0.3,755.573135614395
171,2,0,0.3,1,20000,100000,0.3,0.6,100,296.348077048281,298.571974406299,2.22389735801799,22.6764019109397,0.51,642.068960204145,644.292857562163,0.3,0.3,765.275913000107
172,2,0,0.4,1,20000,100000,0.3,0.6,100,291.365063886822,294.168502067749,2.80343818092726,23.7387578338057,0.59,634.689383870497,637.492822051425,0.3,0.3,762.436545848846
173,2,0,0.5,1,20000,100000,0.3,0.6,100,287.633095821504,295.405344133349,7.7722483118456,23.4404342104988,0.63,635.624171807859,643.396420119704,0.3,0.3,765.744406938553
174,2,0,0.6,1,20000,100000,0.3,0.6,100,296.264723079029,301.196502444308,4.93177936527926,28.398659025277,0.57,645.412380530497,650.344159895776,0.3,0.3,756.200662374496
175,2,0,0.7,1,20000,100000,0.3,0.6,100,284.051250886016,291.075308311541,7.0240574255253,26.7112105052009,0.56,628.742400564628,635.766457990154,0.3,0.3,751.953090906143
176,2,0,0.05,2,20000,100000,0.3,0.6,100,292.800818825603,280.817401509361,-11.9834173162414,32.7714101534122,0.39,638.239670729235,626.256253412994,0.3,0.3,759.618586540222
177,2,0,0.1,2,20000,100000,0.3,0.6,100,295.977011649504,294.36359356294,-1.61341808656319,27.1135868437967,0.51,641.070616720316,639.457198633753,0.3,0.3,759.996603727341
178,2,0,0.2,2,20000,100000,0.3,0.6,100,288.314869081695,288.314869081695,0,0,0,636.451695763008,636.451695763008,0.3,0.3,759.739774942398
179,2,0,0.3,2,20000,100000,0.3,0.6,100,295.250964703466,294.590807602579,-0.66015710088707,23.5102136161816,0.49,640.027786076911,639.367628976024,0.3,0.3,767.710401773453
180,2,0,0.4,2,20000,100000,0.3,0.6,100,294.608299574143,296.308899272945,1.70059969880207,24.271687229568,0.48,640.874731515339,642.575331214141,0.3,0.3,762.293974637985
181,2,0,0.5,2,20000,100000,0.3,0.6,100,300.537038627435,306.039074997747,5.50203637031156,24.0188321565646,0.62,644.495027315809,649.997063686121,0.3,0.3,757.752605199814
182,2,0,0.6,2,20000,100000,0.3,0.6,100,297.668592199271,308.152680396812,10.4840881975415,30.7902996698807,0.59,638.590890333276,649.074978530817,0.3,0.3,757.778295516968
183,2,0,0.7,2,20000,100000,0.3,0.6,100,293.83894068616,304.468720358877,10.6297796727164,27.3257828990285,0.66,640.343931654747,650.973711327463,0.3,0.3,757.600776910782
184,2,0,0.05,3,20000,100000,0.3,0.6,100,294.408852730711,280.882469449821,-13.5263832808909,38.9306925615809,0.33,641.536938003203,628.010554722312,0.3,0.3,767.848726987839
185,2,0,0.1,3,20000,100000,0.3,0.6,100,296.920593953338,290.246415312897,-6.67417864044163,27.3735228910962,0.44,638.399659643714,631.725481003273,0.3,0.3,761.776251554489
186,2,0,0.2,3,20000,100000,0.3,0.6,100,298.380007505611,298.380007505611,0,0,0,641.98014297363,641.98014297363,0.3,0.3,756.182823181152
187,2,0,0.3,3,20000,100000,0.3,0.6,100,286.664167473822,290.753650488328,4.08948301450604,22.510700982143,0.57,631.219060370536,635.308543385042,0.3,0.3,758.180347204208
188,2,0,0.4,3,20000,100000,0.3,0.6,100,303.939047006031,305.220666561985,1.28161955595394,26.3009736527161,0.55,646.472118425199,647.753737981153,0.3,0.3,758.260449171066
189,2,0,0.5,3,20000,100000,0.3,0.6,100,301.62740517182,310.24312268902,8.6157175171999,27.8947716701828,0.63,646.270263444592,654.885980961792,0.3,0.3,755.598251104355
190,2,0,0.6,3,20000,100000,0.3,0.6,100,293.27184020671,308.032201426451,14.7603612197411,26.4517873487512,0.67,631.947225526133,646.707586745874,0.3,0.3,761.367183923721
191,2,0,0.7,3,20000,100000,0.3,0.6,100,284.152317356016,293.936436070567,9.78411871455125,31.2172099953116,0.6,631.040601387356,640.824720101907,0.3,0.3,758.011074304581
192,2,0,0.05,0,3000,150000,0.3,0.6,100,290.175427969418,286.542252200669,-3.63317576874907,26.9311682386808,0.48,641.558914477975,637.925738709226,0.3,0.3,752.567312002182
193,2,0,0.1,0,3000,150000,0.3,0.6,100,302.842009043632,297.515339599485,-5.32666944414702,20.13514109396,0.38,651.409096051701,646.082426607554,0.3,0.3,762.807666540146
194,2,0,0.2,0,3000,150000,0.3,0.6,100,306.022521452967,307.288318161177,1.26579670821009,23.9042398789736,0.48,648.981882508195,650.247679216406,0.3,0.3,755.775117635727
195,2,0,0.3,0,3000,150000,0.3,0.6,100,305.113540389861,306.480166581818,1.36662619195665,27.9874869241548,0.53,648.900856246791,650.267482438747,0.3,0.3,760.236575841904
196,2,0,0.4,0,3000,150000,0.3,0.6,100,292.487302248468,296.644951552038,4.15764930356943,26.9849580142273,0.62,633.071555419107,637.229204722676,0.3,0.3,756.545103311539
197,2,0,0.5,0,3000,150000,0.3,0.6,100,294.641753674877,302.540204917902,7.89845124302512,29.2104457529346,0.62,642.356284017826,650.254735260851,0.3,0.3,768.441931247711
198,2,0,0.6,0,3000,150000,0.3,0.6,100,294.635474230944,304.380330886685,9.744856655741,27.5021546895331,0.66,642.653910582732,652.398767238473,0.3,0.3,752.296581745148
199,2,0,0.7,0,3000,150000,0.3,0.6,100,299.743674319812,311.951287349079,12.2076130292677,26.6403159720291,0.69,645.384325301377,657.591938330644,0.3,0.3,758.750298023224
200,2,0,0.05,1,3000,150000,0.3,0.6,100,292.329445660928,285.179550833369,-7.14989482755911,26.1060559235409,0.39,639.481564920213,632.331670092654,0.3,0.3,757.755449533463
201,2,0,0.1,1,3000,150000,0.3,0.6,100,304.279277029088,302.28890019272,-1.9903768363677,19.3357718864943,0.46,651.182210897782,649.191834061414,0.3,0.3,761.615881443024
202,2,0,0.2,1,3000,150000,0.3,0.6,100,300.381384367766,302.287640981469,1.90625661370279,21.2296937456664,0.53,642.258823541518,644.165080155221,0.3,0.3,757.200075387955
203,2,0,0.3,1,3000,150000,0.3,0.6,100,302.25663025399,305.905784230306,3.64915397631551,24.8070808253377,0.55,649.332144660547,652.981298636862,0.3,0.3,756.28036904335
204,2,0,0.4,1,3000,150000,0.3,0.6,100,296.977967436947,300.602731137856,3.62476370090808,22.4715715917549,0.62,640.995056442033,644.619820142941,0.3,0.3,753.254103899002
205,2,0,0.5,1,3000,150000,0.3,0.6,100,307.68140363232,313.962968186825,6.28156455450502,28.3454163770921,0.6,653.354326435975,659.63589099048,0.3,0.3,759.808788776398
206,2,0,0.6,1,3000,150000,0.3,0.6,100,296.784996622357,302.775231094088,5.99023447173076,26.9054442087489,0.6,639.605003144757,645.595237616488,0.3,0.3,748.965530872345
207,2,0,0.7,1,3000,150000,0.3,0.6,100,298.510226910864,307.110635498404,8.60040858754029,25.3082656441858,0.6,642.164757020206,650.765165607746,0.3,0.3,886.132542133331
208,2,0,0.05,2,3000,150000,0.3,0.6,100,292.508028133147,291.982477133604,-0.52555099954295,23.2843858005253,0.47,643.090203243222,642.564652243679,0.3,0.3,759.937223672867
209,2,0,0.1,2,3000,150000,0.3,0.6,100,297.934700859583,297.553776087951,-0.380924771632217,18.1898790035174,0.47,638.398358547401,638.017433775769,0.3,0.3,764.41121673584
210,2,0,0.2,2,3000,150000,0.3,0.6,100,304.230575270893,307.634790895097,3.4042156242038,25.4303643157853,0.54,649.523213200591,652.927428824794,0.3,0.3,758.110337495804
211,2,0,0.3,2,3000,150000,0.3,0.6,100,294.96048154913,299.61376980817,4.6532882590405,24.501389637582,0.59,642.093120026874,646.746408285915,0.3,0.3,756.961534500122
212,2,0,0.4,2,3000,150000,0.3,0.6,100,305.158244290555,309.367094670344,4.2088503797891,25.2802427156834,0.56,645.176285639379,649.385136019168,0.3,0.3,753.71111369133
213,2,0,0.5,2,3000,150000,0.3,0.6,100,295.854442268581,301.992105473296,6.13766320471495,29.0330102911592,0.62,639.779686897914,645.917350102629,0.3,0.3,861.668163061142
214,2,0,0.6,2,3000,150000,0.3,0.6,100,302.311797664759,306.734333900507,4.42253623574811,24.6716488677562,0.53,645.370818822773,649.793355058521,0.3,0.3,754.455313682556
215,2,0,0.7,2,3000,150000,0.3,0.6,100,302.219293496006,309.715854248481,7.49656075247473,24.2979119441596,0.6,650.424153617271,657.920714369745,0.3,0.3,759.757824659348
216,2,0,0.05,3,3000,150000,0.3,0.6,100,292.584792216604,294.686640967986,2.10184875138184,22.8012907791223,0.54,638.877271967921,640.979120719303,0.3,0.3,744.393901348114
217,2,0,0.1,3,3000,150000,0.3,0.6,100,309.228803157289,305.936926430224,-3.29187672706528,22.1540598915236,0.44,652.620615011248,649.328738284183,0.3,0.3,744.442786693573
218,2,0,0.2,3,3000,150000,0.3,0.6,100,302.908516260894,302.851827252336,-0.0566890085577211,29.4117768216475,0.51,647.97102059162,647.914331583062,0.3,0.3,747.374290704727
219,2,0,0.3,3,3000,150000,0.3,0.6,100,307.292445910968,309.398905576581,2.10645966561292,23.6697335213511,0.53,647.316900837974,649.423360503587,0.3,0.3,759.006830692291
220,2,0,0.4,3,3000,150000,0.3,0.6,100,290.659474200964,298.898401892306,8.23892769134134,26.6985583868509,0.61,636.778491334994,645.017419026335,0.3,0.3,758.548197031021
221,2,0,0.5,3,3000,150000,0.3,0.6,100,288.357138265332,294.278369410753,5.92123114542118,27.0115049145264,0.6,634.25455840698,640.175789552402,0.3,0.3,741.804473161697
222,2,0,0.6,3,3000,150000,0.3,0.6,100,291.638836200545,302.573426273228,10.9345900726827,27.8841592586177,0.67,639.32076382933,650.255353902013,0.3,0.3,743.20970582962
223,2,0,0.7,3,3000,150000,0.3,0.6,100,305.096463361397,312.761636026297,7.66517266490028,25.5964255855672,0.63,652.343100838558,660.008273503458,0.3,0.3,745.694472789764
224,2,0,0.05,0,6500,150000,0.3,0.6,100,306.635413736025,306.635413736025,0,0,0,652.840185886152,652.840185886152,0.3,0.3,744.181783676148
225,2,0,0.1,0,6500,150000,0.3,0.6,100,302.501765007527,299.536646220659,-2.96511878686809,25.0421216591708,0.47,646.82506702986,643.859948242992,0.3,0.3,762.774651527405
226,2,0,0.2,0,6500,150000,0.3,0.6,100,302.599809590876,307.511075567927,4.91126597705134,26.4397008098218,0.53,648.257772727297,653.169038704348,0.3,0.3,758.03652048111
227,2,0,0.3,0,6500,150000,0.3,0.6,100,299.353850150822,304.302873788363,4.94902363754067,25.7545445304194,0.61,648.265117443524,653.214141081064,0.3,0.3,760.300859689713
228,2,0,0.4,0,6500,150000,0.3,0.6,100,302.384554673093,301.838678987531,-0.545875685562637,27.0275795377039,0.47,649.184340357171,648.638464671608,0.3,0.3,742.252055168152
229,2,0,0.5,0,6500,150000,0.3,0.6,100,296.35091762729,306.189378397237,9.83846076994736,25.5525438883824,0.6,638.586030837425,648.424491607373,0.3,0.3,743.962065458298
230,2,0,0.6,0,6500,150000,0.3,0.6,100,303.589858857723,311.413483190601,7.82362433287801,23.6653672419249,0.62,648.407436930443,656.231061263321,0.3,0.3,740.063320875168
231,2,0,0.7,0,6500,150000,0.3,0.6,100,303.610022113287,307.461927083976,3.85190497068866,30.1149467988035,0.54,648.739135814748,652.591040785436,0.3,0.3,756.874647855759
232,2,0,0.05,1,6500,150000,0.3,0.6,100,301.392861926586,301.392861926586,0,0,0,648.251750505095,648.251750505095,0.3,0.3,759.793310880661
233,2,0,0.1,1,6500,150000,0.3,0.6,100,298.188018575723,293.684249356419,-4.50376921930346,25.364295160541,0.42,645.485980455427,640.982211236123,0.3,0.3,762.525436162949
234,2,0,0.2,1,6500,150000,0.3,0.6,100,301.025597843354,307.283141107585,6.25754326423141,27.9127017853217,0.63,645.051820170265,651.309363434496,0.3,0.3,746.058344841003
235,2,0,0.3,1,6500,150000,0.3,0.6,100,294.930745190914,303.244185791837,8.31344060092315,24.3650389655181,0.7,641.421128357801,649.734568958724,0.3,0.3,743.27766251564
236,2,0,0.4,1,6500,150000,0.3,0.6,100,293.365394613236,294.404448195979,1.03905358274304,24.3247359369972,0.51,639.380656055943,640.419709638686,0.3,0.3,742.638339042664
237,2,0,0.5,1,6500,150000,0.3,0.6,100,296.85244068066,301.25429972991,4.40185904924937,26.1859253083709,0.56,639.230540904973,643.632399954222,0.3,0.3,759.600034952164
238,2,0,0.6,1,6500,150000,0.3,0.6,100,302.497617615175,311.917569898387,9.41995228321271,26.9972632133549,0.68,647.93934870069,657.359300983903,0.3,0.3,760.923251390457
239,2,0,0.7,1,6500,150000,0.3,0.6,100,301.387414976939,304.358947996472,2.97153301953255,24.58719866127,0.47,641.553160845598,644.524693865131,0.3,0.3,741.906681060791
240,2,0,0.05,2,6500,150000,0.3,0.6,100,292.292044029898,292.292044029898,0,0,0,641.709942919367,641.709942919367,0.3,0.3,745.939014673233
241,2,0,0.1,2,6500,150000,0.3,0.6,100,309.103152570291,311.09698150427,1.99382893397869,27.5370877478544,0.51,654.589862173519,656.583691107498,0.3,0.3,751.910660505295
242,2,0,0.2,2,6500,150000,0.3,0.6,100,302.186163625409,307.113247531839,4.92708390643004,21.4339351553146,0.62,653.098529597462,658.025613503892,0.3,0.3,742.627548933029
243,2,0,0.3,2,6500,150000,0.3,0.6,100,295.26536007946,300.497962746366,5.23260266690599,26.0871441094542,0.48,639.619057506236,644.851660173142,0.3,0.3,761.674055576324
244,2,0,0.4,2,6500,150000,0.3,0.6,100,307.872950069775,308.50533278295,0.632382713174516,23.9537148104044,0.52,651.335853129176,651.96823584235,0.3,0.3,767.163593769074
245,2,0,0.5,2,6500,150000,0.3,0.6,100,296.312228005375,304.303074418201,7.99084641282581,29.0650503303762,0.54,640.232243377693,648.223089790518,0.3,0.3,741.608875274658
246,2,0,0.6,2,6500,150000,0.3,0.6,100,298.592344286859,307.4081206015,8.81577631464031,26.6658286685009,0.56,641.467431969175,650.283208283816,0.3,0.3,743.982939004898
247,2,0,0.7,2,6500,150000,0.3,0.6,100,299.113919292077,302.229167316936,3.11524802485893,25.5219753028559,0.59,645.454173119965,648.569421144824,0.3,0.3,740.867626190186
248,2,0,0.05,3,6500,150000,0.3,0.6,100,295.899969195794,295.899969195794,0,0,0,641.114514301781,641.114514301781,0.3,0.3,746.145659685135
249,2,0,0.1,3,6500,150000,0.3,0.6,100,299.98045004601,305.107665953235,5.12721590722506,25.1862008007165,0.61,648.196138772681,653.323354679906,0.3,0.3,762.524729251862
250,2,0,0.2,3,6500,150000,0.3,0.6,100,300.61126090101,306.341878734597,5.73061783358685,25.597277212903,0.54,647.698591673408,653.429209506995,0.3,0.3,759.458695411682
251,2,0,0.3,3,6500,150000,0.3,0.6,100,305.063217898619,306.829135932564,1.76591803394494,26.9326363383008,0.5,649.613148346388,651.379066380333,0.3,0.3,745.423388957977
252,2,0,0.4,3,6500,150000,0.3,0.6,100,307.73098403788,309.482231916916,1.75124787903588,25.2428111141905,0.52,650.532756101364,652.2840039804,0.3,0.3,744.825019836426
253,2,0,0.5,3,6500,150000,0.3,0.6,100,294.195673841878,304.080971400582,9.88529755870387,29.3659939954219,0.62,638.661484998371,648.546782557075,0.3,0.3,744.284576892853
254,2,0,0.6,3,6500,150000,0.3,0.6,100,289.507215524322,299.067907415433,9.56069189111173,28.4172643901161,0.6,631.490818176648,641.05151006776,0.3,0.3,740.749502897263
255,2,0,0.7,3,6500,150000,0.3,0.6,100,310.047930847034,314.560204655103,4.51227380806878,27.4711160938881,0.56,653.914401525379,658.426675333447,0.3,0.3,759.053884506226
256,2,0,0.05,0,10000,150000,0.3,0.6,100,291.770952114634,290.675167125879,-1.09578498875481,24.5165013841423,0.38,641.925891586515,640.83010659776,0.3,0.3,762.186860561371
257,2,0,0.1,0,10000,150000,0.3,0.6,100,288.397434072959,286.410021336924,-1.98741273603531,23.8811866195783,0.47,639.030536753232,637.043124017197,0.3,0.3,746.109788656235
258,2,0,0.2,0,10000,150000,0.3,0.6,100,300.156735688477,299.17221812525,-0.984517563227894,23.3917591989208,0.45,645.574612176846,644.590094613618,0.3,0.3,747.487657546997
259,2,0,0.3,0,10000,150000,0.3,0.6,100,297.419700001586,298.894454778104,1.47475477651831,28.7461976806755,0.49,643.536946074286,645.011700850805,0.3,0.3,743.606060028076
260,2,0,0.4,0,10000,150000,0.3,0.6,100,291.778999233533,293.37413787223,1.59513863869664,23.1434955388629,0.48,636.055130344163,637.650268982859,0.3,0.3,740.603010654449
261,2,0,0.5,0,10000,150000,0.3,0.6,100,291.385572673265,290.487383759216,-0.898188914048846,24.0303548136107,0.48,636.661497084064,635.763308170015,0.3,0.3,757.526175022125
262,2,0,0.6,0,10000,150000,0.3,0.6,100,302.239294819255,310.464628312376,8.22533349312131,28.4507954642888,0.63,645.732604068464,653.957937561585,0.3,0.3,755.647401332855
263,2,0,0.7,0,10000,150000,0.3,0.6,100,295.444019169961,307.628536165314,12.1845169953522,29.1530648705951,0.68,645.231046200318,657.41556319567,0.3,0.3,784.680302143097
264,2,0,0.05,1,10000,150000,0.3,0.6,100,299.897390057393,302.893423177503,2.99603312011012,25.8057270748778,0.55,642.28079278123,645.27682590134,0.3,0.3,746.417236804962
265,2,0,0.1,1,10000,150000,0.3,0.6,100,309.036221944458,308.797091716254,-0.239130228203899,23.7230267417321,0.49,648.783349834293,648.544219606089,0.3,0.3,752.003132820129
266,2,0,0.2,1,10000,150000,0.3,0.6,100,304.187058026564,304.332269547333,0.145211520769433,26.0539138409377,0.47,649.16201531215,649.307226832919,0.3,0.3,752.236958026886
267,2,0,0.3,1,10000,150000,0.3,0.6,100,300.830803773322,301.511375649932,0.680571876609974,23.2507942050116,0.48,644.28069540685,644.96126728346,0.3,0.3,759.256299495697
268,2,0,0.4,1,10000,150000,0.3,0.6,100,305.101651015935,306.897742335118,1.79609131918294,23.3890454737801,0.51,649.357292413564,651.153383732746,0.3,0.3,757.197206735611
269,2,0,0.5,1,10000,150000,0.3,0.6,100,301.059556895444,305.826959436035,4.76740254059078,24.930803065285,0.6,644.222227419661,648.989629960252,0.3,0.3,739.483970403671
270,2,0,0.6,1,10000,150000,0.3,0.6,100,309.467334061599,313.578818205024,4.11148414342511,24.2680924007075,0.57,656.750270386143,660.861754529568,0.3,0.3,743.845759153366
271,2,0,0.7,1,10000,150000,0.3,0.6,100,301.107638043403,304.453977437182,3.34633939377974,26.100025117721,0.53,644.225951491005,647.572290884785,0.3,0.3,747.986558914185
272,2,0,0.05,2,10000,150000,0.3,0.6,100,294.310511650445,294.760603639878,0.450091989432992,22.9800202158919,0.54,641.09204194768,641.542133937114,0.3,0.3,745.360149145126
273,2,0,0.1,2,10000,150000,0.3,0.6,100,306.706013738666,305.078840504204,-1.62717323446183,23.3583490501758,0.46,651.31182968837,649.684656453908,0.3,0.3,759.820338964462
274,2,0,0.2,2,10000,150000,0.3,0.6,100,299.924041852482,303.721101388078,3.79705953559636,26.8517430882329,0.58,643.438550727233,647.235610262829,0.3,0.3,755.683802127838
275,2,0,0.3,2,10000,150000,0.3,0.6,100,294.479003625045,301.64213814681,7.16313452176512,27.2528780694473,0.57,638.678471493452,645.841606015217,0.3,0.3,742.959030389786
276,2,0,0.4,2,10000,150000,0.3,0.6,100,301.234242390112,303.498831387939,2.26458899782668,26.5100133829844,0.56,646.434112011674,648.698701009501,0.3,0.3,748.192480564117
277,2,0,0.5,2,10000,150000,0.3,0.6,100,306.487488971171,311.031868426371,4.54437945519987,24.5975061457179,0.54,649.181665798931,653.726045254131,0.3,0.3,746.494067192078
278,2,0,0.6,2,10000,150000,0.3,0.6,100,303.329553896315,308.427589104826,5.09803520851162,30.2315294607103,0.57,647.181066232757,652.279101441268,0.3,0.3,737.438797712326
279,2,0,0.7,2,10000,150000,0.3,0.6,100,305.825752945403,310.690379344336,4.86462639893334,25.0229432810775,0.57,648.408401830276,653.273028229209,0.3,0.3,862.946027517319
280,2,0,0.05,3,10000,150000,0.3,0.6,100,298.19597438357,301.381814429504,3.18584004593376,24.7094613402717,0.52,641.440348339506,644.62618838544,0.3,0.3,759.270839691162
281,2,0,0.1,3,10000,150000,0.3,0.6,100,296.747329497403,294.538595766337,-2.20873373106604,24.9675955405967,0.49,645.74215485657,643.533421125504,0.3,0.3,741.0903403759
282,2,0,0.2,3,10000,150000,0.3,0.6,100,291.820960492938,294.012309896578,2.19134940363941,25.6869772351932,0.51,641.066424889778,643.257774293418,0.3,0.3,746.321227788925
283,2,0,0.3,3,10000,150000,0.3,0.6,100,300.527949107542,300.805855330026,0.27790622248353,29.2964545802006,0.5,646.978259177528,647.256165400012,0.3,0.3,739.46848320961
284,2,0,0.4,3,10000,150000,0.3,0.6,100,299.981891302524,300.081843677289,0.0999523747648732,23.9190600172944,0.53,646.777019373193,646.876971747958,0.3,0.3,738.282518863678
285,2,0,0.5,3,10000,150000,0.3,0.6,100,302.826045770417,306.822020792963,3.99597502254651,26.6062416377636,0.56,647.028895905829,651.024870928376,0.3,0.3,842.97328877449
286,2,0,0.6,3,10000,150000,0.3,0.6,100,297.38274258054,300.700782698948,3.31804011840782,23.3262564253525,0.53,641.48341056005,644.801450678457,0.3,0.3,756.5845079422
287,2,0,0.7,3,10000,150000,0.3,0.6,100,301.124881398661,313.205944617303,12.081063218642,27.3005048736987,0.69,644.025847618519,656.106910837161,0.3,0.3,744.882747411728
288,2,0,0.05,0,13500,150000,0.3,0.6,100,304.93319289887,303.356015757137,-1.57717714173333,24.9673710382075,0.44,653.543941857597,651.966764715864,0.3,0.3,739.166809797287
289,2,0,0.1,0,13500,150000,0.3,0.6,100,294.802634914953,299.458742940461,4.65610802550857,23.9592606858617,0.57,641.618969956394,646.275077981902,0.3,0.3,736.616314649582
290,2,0,0.2,0,13500,150000,0.3,0.6,100,301.494988912137,302.878556978254,1.38356806611748,25.7136306374689,0.47,643.926980050714,645.310548116831,0.3,0.3,736.793283700943
291,2,0,0.3,0,13500,150000,0.3,0.6,100,302.754135037972,303.735930606238,0.981795568265452,26.9182195462882,0.49,649.305646433306,650.287442001571,0.3,0.3,745.049773454666
292,2,0,0.4,0,13500,150000,0.3,0.6,100,299.833784337929,305.7829414021,5.9491570641712,25.7878560901683,0.59,648.619577637678,654.568734701849,0.3,0.3,744.621253490448
293,2,0,0.5,0,13500,150000,0.3,0.6,100,300.301060908133,305.048422704352,4.74736179621886,26.6298026267786,0.57,650.318648681763,655.066010477982,0.3,0.3,737.105133056641
294,2,0,0.6,0,13500,150000,0.3,0.6,100,298.869208281941,303.496595942291,4.62738766035022,28.3581220579431,0.56,647.793705016794,652.421092677145,0.3,0.3,738.587292432785
295,2,0,0.7,0,13500,150000,0.3,0.6,100,293.422487054677,300.437776030394,7.01528897571699,31.011397462724,0.6,642.405907880308,649.421196856025,0.3,0.3,737.908482551575
296,2,0,0.05,1,13500,150000,0.3,0.6,100,301.205418823413,303.492631217443,2.28721239402988,22.7007735977628,0.5,645.874731412396,648.161943806426,0.3,0.3,736.920179605484
297,2,0,0.1,1,13500,150000,0.3,0.6,100,291.634950736159,293.534937957738,1.89998722157935,25.2732491435692,0.52,640.956618901879,642.856606123458,0.3,0.3,751.68826341629
298,2,0,0.2,1,13500,150000,0.3,0.6,100,301.549641416938,300.299402672848,-1.25023874409059,25.3643144387337,0.49,645.864807474509,644.614568730418,0.3,0.3,746.008436203003
299,2,0,0.3,1,13500,150000,0.3,0.6,100,301.007707656437,301.654349563054,0.646641906617554,24.2605348698006,0.47,647.047881700296,647.694523606914,0.3,0.3,746.519717693329
300,2,0,0.4,1,13500,150000,0.3,0.6,100,287.40345734886,291.264892246435,3.86143489757526,25.1682964899168,0.55,634.994638823153,638.856073720728,0.3,0.3,742.710834741592
301,2,0,0.5,1,13500,150000,0.3,0.6,100,298.317584010627,302.843586910117,4.52600289949088,29.6920976621409,0.53,648.99739932309,653.52340222258,0.3,0.3,738.294801950455
302,2,0,0.6,1,13500,150000,0.3,0.6,100,289.321631115353,291.69517448615,2.37354337079674,30.6266059883267,0.54,636.809551558174,639.18309492897,0.3,0.3,736.984723329544
303,2,0,0.7,1,13500,150000,0.3,0.6,100,293.060584589764,300.430720511505,7.37013592174072,29.0953953514099,0.56,637.307348795021,644.677484716762,0.3,0.3,744.969420433044
304,2,0,0.05,2,13500,150000,0.3,0.6,100,296.068583382188,298.089808347176,2.02122496498747,28.0175681267783,0.56,641.928191716563,643.94941668155,0.3,0.3,745.730923175812
305,2,0,0.1,2,13500,150000,0.3,0.6,100,283.592316274688,290.705168699296,7.11285242460853,25.9278607500402,0.61,633.90904160076,641.021894025368,0.3,0.3,746.374810934067
306,2,0,0.2,2,13500,150000,0.3,0.6,100,294.221871983667,301.516077912967,7.2942059292997,26.3835313635831,0.57,640.682349838832,647.976555768132,0.3,0.3,740.293899774551
307,2,0,0.3,2,13500,150000,0.3,0.6,100,296.509363513978,300.096554005934,3.58719049195626,25.3976222401188,0.52,644.538220265753,648.125410757709,0.3,0.3,740.353971004486
308,2,0,0.4,2,13500,150000,0.3,0.6,100,305.24652860567,309.517135180824,4.27060657515398,29.0111430044556,0.54,645.248328286082,649.518934861236,0.3,0.3,737.700925350189
309,2,0,0.5,2,13500,150000,0.3,0.6,100,301.910249457662,307.199589203043,5.28933974538096,28.4749250025079,0.54,643.357562715334,648.646902460715,0.3,0.3,747.585211277008
310,2,0,0.6,2,13500,150000,0.3,0.6,100,300.214654238971,310.958069257408,10.743415018438,26.0002536092807,0.67,644.956321079097,655.699736097535,0.3,0.3,753.460110425949
311,2,0,0.7,2,13500,150000,0.3,0.6,100,296.263108198102,300.537560933976,4.27445273587422,26.7183738000685,0.51,644.903019704367,649.177472440241,0.3,0.3,739.250822782517
312,2,0,0.05,3,13500,150000,0.3,0.6,100,293.459394784474,291.002038828721,-2.45735595575346,25.7850352538237,0.45,640.815455734719,638.358099778966,0.3,0.3,737.94145655632
313,2,0,0.1,3,13500,150000,0.3,0.6,100,290.894943845625,293.840280277836,2.94533643221139,24.4419926755158,0.52,637.999309873875,640.944646306087,0.3,0.3,740.051244974136
314,2,0,0.2,3,13500,150000,0.3,0.6,100,296.124855726328,300.348613684538,4.2237579582106,25.1487616507462,0.54,640.211372845278,644.435130803488,0.3,0.3,734.277794361115
315,2,0,0.3,3,13500,150000,0.3,0.6,100,299.91529289516,302.276888120785,2.36159522562519,27.4822703484932,0.53,645.531069979423,647.892665205049,0.3,0.3,749.385327577591
316,2,0,0.4,3,13500,150000,0.3,0.6,100,294.411763625182,300.069410415528,5.65764679034632,26.3955876604794,0.59,642.391540302112,648.049187092458,0.3,0.3,746.727975130081
317,2,0,0.5,3,13500,150000,0.3,0.6,100,308.642723168072,309.2314810246,0.588757856528059,24.6595794516717,0.51,651.147767805678,651.736525662206,0.3,0.3,734.161556005478
318,2,0,0.6,3,13500,150000,0.3,0.6,100,311.58132330399,317.244147676533,5.66282437254336,27.9454420404542,0.57,655.004063207661,660.666887580204,0.3,0.3,739.965128660202
319,2,0,0.7,3,13500,150000,0.3,0.6,100,309.365653918351,318.795458707351,9.42980478899982,28.1766571426783,0.6,650.481711771219,659.911516560219,0.3,0.3,741.211045026779
320,2,0,0.05,0,17000,150000,0.3,0.6,100,305.513533229709,305.517465261319,0.00393203160975872,19.7987574014612,0.51,651.352671651344,651.356603682954,0.3,0.3,738.412418365479
321,2,0,0.1,0,17000,150000,0.3,0.6,100,286.844620409649,285.257630389659,-1.58699001998966,25.799277566701,0.5,631.178762740488,629.591772720498,0.3,0.3,751.98788189888
322,2,0,0.2,0,17000,150000,0.3,0.6,100,293.348708048939,295.132437512042,1.78372946310363,25.985044675352,0.53,640.43333624295,642.217065706053,0.3,0.3,743.601090192795
323,2,0,0.3,0,17000,150000,0.3,0.6,100,289.949667264688,291.7634855502,1.81381828551214,28.5616169797428,0.51,637.437308296423,639.251126581935,0.3,0.3,734.558012247086
324,2,0,0.4,0,17000,150000,0.3,0.6,100,293.279069932479,295.770326107175,2.49125617469552,22.3915697496189,0.53,637.494682372056,639.985938546751,0.3,0.3,739.920147418976
325,2,0,0.5,0,17000,150000,0.3,0.6,100,292.480742551852,295.16810717935,2.68736462749782,26.7837794116097,0.54,640.313481466284,643.000846093782,0.3,0.3,741.161463499069
326,2,0,0.6,0,17000,150000,0.3,0.6,100,301.069487306088,309.011561904959,7.94207459887158,26.5189669936431,0.65,644.710164487569,652.652239086441,0.3,0.3,741.501094341278
327,2,0,0.7,0,17000,150000,0.3,0.6,100,295.32257434674,306.222251583412,10.8996772366718,22.8662133930548,0.68,639.265165303123,650.164842539794,0.3,0.3,745.575199842453
328,2,0,0.05,1,17000,150000,0.3,0.6,100,306.011272892034,303.54656912262,-2.46470376941459,16.3358398545966,0.4,648.665232437772,646.200528668357,0.3,0.3,749.79357790947
329,2,0,0.1,1,17000,150000,0.3,0.6,100,295.45866586609,297.981510238101,2.52284437201143,25.8363650433484,0.56,640.905229571106,643.428073943117,0.3,0.3,738.474988460541
330,2,0,0.2,1,17000,150000,0.3,0.6,100,299.015020199703,299.764358767344,0.749338567640905,25.5241002616122,0.47,644.345241387442,645.094579955083,0.3,0.3,742.608937740326
331,2,0,0.3,1,17000,150000,0.3,0.6,100,291.147896775109,294.266352466494,3.11845569138523,24.8027360260158,0.59,638.00026257319,641.118718264575,0.3,0.3,741.81645822525
332,2,0,0.4,1,17000,150000,0.3,0.6,100,295.842863375634,296.737115124133,0.89425174849853,29.5470972539532,0.52,636.636807341988,637.531059090486,0.3,0.3,737.881988525391
333,2,0,0.5,1,17000,150000,0.3,0.6,100,306.227858027014,307.313352279124,1.0854942521102,25.4900137493468,0.53,644.314037087254,645.399531339364,0.3,0.3,743.503117322922
334,2,0,0.6,1,17000,150000,0.3,0.6,100,299.982556706291,307.422021236354,7.43946453006356,27.9146667115331,0.66,642.112471260985,649.551935791049,0.3,0.3,747.013289690018
335,2,0,0.7,1,17000,150000,0.3,0.6,100,302.472774780877,310.451943667732,7.97916888685428,28.5919782428937,0.58,647.024633048532,655.003801935387,0.3,0.3,740.126637935638
336,2,0,0.05,2,17000,150000,0.3,0.6,100,297.807650167699,296.461213111638,-1.34643705606105,19.1867147839262,0.46,644.033241751895,642.686804695834,0.3,0.3,743.975665092468
337,2,0,0.1,2,17000,150000,0.3,0.6,100,300.041528725761,300.920676502338,0.879147776576262,24.6963441779948,0.52,647.588428800118,648.467576576695,0.3,0.3,743.458504676819
338,2,0,0.2,2,17000,150000,0.3,0.6,100,292.026955595041,293.502515032886,1.47555943784466,27.0759017631414,0.52,638.16607334879,639.641632786634,0.3,0.3,738.745540857315
339,2,0,0.3,2,17000,150000,0.3,0.6,100,300.337524896114,299.274603297826,-1.06292159828825,22.3966273514253,0.46,646.944447375716,645.881525777427,0.3,0.3,744.512798547745
340,2,0,0.4,2,17000,150000,0.3,0.6,100,299.381966581971,300.681853201307,1.29988661933575,22.6736224575665,0.52,643.573166967098,644.873053586434,0.3,0.3,745.045986652374
341,2,0,0.5,2,17000,150000,0.3,0.6,100,289.327031921087,296.201069095869,6.87403717478197,27.0198884905598,0.55,635.93513289996,642.809170074742,0.3,0.3,748.031489133835
342,2,0,0.6,2,17000,150000,0.3,0.6,100,296.898844870364,300.66778441309,3.76893954272517,26.4983519034448,0.5,645.652313121911,649.421252664636,0.3,0.3,741.181403398514
343,2,0,0.7,2,17000,150000,0.3,0.6,100,302.00318492954,308.415532789799,6.41234786025943,27.7001655742767,0.58,641.027443883062,647.439791743321,0.3,0.3,745.258344173431
344,2,0,0.05,3,17000,150000,0.3,0.6,100,305.784864799999,309.193972565304,3.40910776530526,19.8329332982312,0.52,646.990500419509,650.399608184814,0.3,0.3,738.989703416824
345,2,0,0.1,3,17000,150000,0.3,0.6,100,303.159130352173,300.296685169116,-2.86244518305758,24.3329904952561,0.42,648.470785589981,645.608340406924,0.3,0.3,752.121814250946
346,2,0,0.2,3,17000,150000,0.3,0.6,100,302.140926259863,301.965418614045,-0.175507645818145,24.0822728720822,0.54,648.484928515569,648.309420869751,0.3,0.3,742.170338392258
347,2,0,0.3,3,17000,150000,0.3,0.6,100,290.700774905886,291.297072884846,0.59629797895979,22.3270369512659,0.5,636.44358186545,637.039879844409,0.3,0.3,734.462080955505
348,2,0,0.4,3,17000,150000,0.3,0.6,100,295.444930951155,297.532761511176,2.08783056002157,22.605636878246,0.56,638.598457349464,640.686287909486,0.3,0.3,742.107385396957
349,2,0,0.5,3,17000,150000,0.3,0.6,100,291.449509772984,294.836858749192,3.38734897620875,25.6264521945879,0.6,640.98048261713,644.367831593339,0.3,0.3,738.75342965126
350,2,0,0.6,3,17000,150000,0.3,0.6,100,297.480330721555,303.957896294445,6.47756557289012,27.867023201028,0.54,643.996545439079,650.474111011969,0.3,0.3,737.439628362656
351,2,0,0.7,3,17000,150000,0.3,0.6,100,290.400218740766,296.886605552719,6.48638681195348,28.1895749637165,0.58,634.539419489117,641.025806301071,0.3,0.3,759.404807090759
352,2,0,0.05,0,20000,150000,0.3,0.6,100,297.854198303597,294.936363099382,-2.9178352042147,24.0580336473882,0.41,641.651447101794,638.733611897579,0.3,0.3,748.764175653458
353,2,0,0.1,0,20000,150000,0.3,0.6,100,297.232235317213,295.691141127012,-1.54109419020119,25.3697028436237,0.47,643.880876380186,642.339782189984,0.3,0.3,735.614802837372
354,2,0,0.2,0,20000,150000,0.3,0.6,100,288.025677080866,290.626904985525,2.6012279046586,21.6459095867185,0.57,639.041092170722,641.642320075381,0.3,0.3,743.149849653244
355,2,0,0.3,0,20000,150000,0.3,0.6,100,310.80042155645,311.785877432713,0.985455876263316,25.2986718027847,0.49,655.875775750822,656.861231627086,0.3,0.3,740.216723918915
356,2,0,0.4,0,20000,150000,0.3,0.6,100,290.61431447046,295.805785991149,5.19147152068859,27.8697587126315,0.58,639.835031636251,645.02650315694,0.3,0.3,741.021078824997
357,2,0,0.5,0,20000,150000,0.3,0.6,100,304.459559308163,310.403719550524,5.94416024236119,28.3095906718413,0.61,651.478490606101,657.422650848462,0.3,0.3,756.946263074875
358,2,0,0.6,0,20000,150000,0.3,0.6,100,298.089469489103,305.191014686875,7.10154519777253,29.2207248903232,0.56,639.796864372463,646.898409570236,0.3,0.3,745.619649171829
359,2,0,0.7,0,20000,150000,0.3,0.6,100,300.760588056036,307.845397981304,7.08480992526828,27.8368677360486,0.6,638.624261434202,645.70907135947,0.3,0.3,735.501987457275
360,2,0,0.05,1,20000,150000,0.3,0.6,100,295.178555455388,294.068160231789,-1.11039522359855,26.8555328696417,0.49,643.646814967028,642.53641974343,0.3,0.3,741.426753282547
361,2,0,0.1,1,20000,150000,0.3,0.6,100,304.967091824915,305.403087993315,0.43599616839969,25.8514110156238,0.53,650.049776818231,650.485772986631,0.3,0.3,738.716043949127
362,2,0,0.2,1,20000,150000,0.3,0.6,100,299.605976959004,298.786293141949,-0.819683817055388,20.6668192633719,0.47,645.515855474716,644.696171657661,0.3,0.3,738.807269096375
363,2,0,0.3,1,20000,150000,0.3,0.6,100,299.325098750144,300.144569386824,0.819470636680683,23.0266854439772,0.53,643.234918738082,644.054389374762,0.3,0.3,736.862116336823
364,2,0,0.4,1,20000,150000,0.3,0.6,100,296.895196826469,303.549792245371,6.65459541890282,26.0346563849709,0.56,644.719862651852,651.374458070754,0.3,0.3,734.462283134461
365,2,0,0.5,1,20000,150000,0.3,0.6,100,301.648336657497,307.890714414906,6.24237775740856,25.8733973036447,0.63,646.229858591471,652.472236348879,0.3,0.3,736.285146713257
366,2,0,0.6,1,20000,150000,0.3,0.6,100,291.545483359814,297.383659728145,5.83817636833113,29.6865362817856,0.54,634.0343115691,639.872487937431,0.3,0.3,740.744179487228
367,2,0,0.7,1,20000,150000,0.3,0.6,100,298.963606916539,296.466722578811,-2.49688433772804,26.6099598773453,0.45,649.005419127876,646.508534790148,0.3,0.3,737.687068462372
368,2,0,0.05,2,20000,150000,0.3,0.6,100,297.828237329601,295.876006069993,-1.95223125960806,23.0708707246883,0.46,645.8457088262,643.893477566592,0.3,0.3,736.778254508972
369,2,0,0.1,2,20000,150000,0.3,0.6,100,297.845444786082,299.485503056429,1.64005827034753,24.6585942015529,0.53,644.973199747071,646.613258017419,0.3,0.3,741.509040355682
370,2,0,0.2,2,20000,150000,0.3,0.6,100,294.289247123628,293.624814851053,-0.664432272574934,19.0151998534047,0.46,643.146271392712,642.481839120137,0.3,0.3,739.017963886261
371,2,0,0.3,2,20000,150000,0.3,0.6,100,304.399842003535,299.253419115022,-5.14642288851325,25.146806681245,0.46,651.057832196024,645.911409307511,0.3,0.3,742.551508903503
372,2,0,0.4,2,20000,150000,0.3,0.6,100,306.648913855697,311.45295604577,4.80404219007288,24.083762267824,0.61,651.643508553476,656.447550743549,0.3,0.3,741.689042329788
373,2,0,0.5,2,20000,150000,0.3,0.6,100,301.179067281106,303.998828491831,2.81976121072509,27.2417855218123,0.54,651.681508008717,654.501269219443,0.3,0.3,736.651556015015
374,2,0,0.6,2,20000,150000,0.3,0.6,100,291.680106422933,294.816204075367,3.13609765243452,25.7230357367839,0.48,636.752436414975,639.88853406741,0.3,0.3,736.13069319725
375,2,0,0.7,2,20000,150000,0.3,0.6,100,288.090888123348,292.799697719059,4.70880959571085,29.7413599365823,0.56,634.911316992454,639.620126588165,0.3,0.3,738.026617765427
376,2,0,0.05,3,20000,150000,0.3,0.6,100,300.241401750368,296.893627702576,-3.34777404779206,24.6084982411591,0.44,646.434041460028,643.086267412236,0.3,0.3,742.205507040024
377,2,0,0.1,3,20000,150000,0.3,0.6,100,298.186877413423,294.125307882308,-4.06156953111477,23.4658276475411,0.4,639.081911670717,635.020342139603,0.3,0.3,736.799681425095
378,2,0,0.2,3,20000,150000,0.3,0.6,100,297.154563288352,296.807023083208,-0.347540205143348,19.6391940748815,0.47,643.774386820077,643.426846614934,0.3,0.3,746.524651527405
379,2,0,0.3,3,20000,150000,0.3,0.6,100,308.977150760302,308.078337096933,-0.89881366336894,21.9130099945067,0.47,651.048622269969,650.1498086066,0.3,0.3,741.699110746384
380,2,0,0.4,3,20000,150000,0.3,0.6,100,302.719230837197,305.795975042923,3.07674420572596,30.3709967534693,0.52,649.684487761666,652.761231967392,0.3,0.3,735.655885696411
381,2,0,0.5,3,20000,150000,0.3,0.6,100,304.128294397074,309.077625233976,4.94933083690265,25.3414843628265,0.56,648.94397973766,653.893310574562,0.3,0.3,734.523366689682
382,2,0,0.6,3,20000,150000,0.3,0.6,100,292.811763106408,295.455230064015,2.64346695760729,27.5040459555572,0.51,640.065024327555,642.708491285163,0.3,0.3,738.263231277466
383,2,0,0.7,3,20000,150000,0.3,0.6,100,294.25897780777,297.177610086364,2.91863227859435,26.6815408801253,0.58,642.689128531604,645.607760810199,0.3,0.3,743.92670917511
384,2,0,0.05,0,3000,200000,0.3,0.6,100,290.895128837636,293.4211332022,2.52600436456381,25.1130828072441,0.52,640.326559816872,642.852564181436,0.3,0.3,738.518745660782
385,2,0,0.1,0,3000,200000,0.3,0.6,100,303.653609791105,306.900419349837,3.24680955873205,22.8000647000273,0.49,647.221093869242,650.467903427974,0.3,0.3,738.689283370972
386,2,0,0.2,0,3000,200000,0.3,0.6,100,301.364226327112,302.792026829342,1.42780050223049,17.9445190649226,0.55,648.203293170867,649.631093673098,0.3,0.3,741.647003889084
387,2,0,0.3,0,3000,200000,0.3,0.6,100,305.717156911284,302.36686285852,-3.35029405276384,18.9526586301028,0.45,651.897335220739,648.547041167975,0.3,0.3,740.587765693665
388,2,0,0.4,0,3000,200000,0.3,0.6,100,298.991150305704,301.371931543688,2.38078123798352,28.2820578427018,0.53,641.846286292866,644.22706753085,0.3,0.3,737.580124139786
389,2,0,0.5,0,3000,200000,0.3,0.6,100,297.994246112902,302.00385637248,4.0096102595781,26.9588873312106,0.55,643.988819144442,647.99842940402,0.3,0.3,736.291760444641
390,2,0,0.6,0,3000,200000,0.3,0.6,100,301.879194336086,304.938258597148,3.05906426106135,25.9092980293618,0.48,645.381685639234,648.440749900295,0.3,0.3,746.057412624359
391,2,0,0.7,0,3000,200000,0.3,0.6,100,304.529780149297,307.123260907057,2.59348075775996,27.4019725846853,0.52,648.594807322051,651.18828807981,0.3,0.3,745.579832077026
392,2,0,0.05,1,3000,200000,0.3,0.6,100,299.5274430968,296.907788866935,-2.61965422986433,22.7749998777251,0.43,645.326001730612,642.706347500747,0.3,0.3,736.356512308121
393,2,0,0.1,1,3000,200000,0.3,0.6,100,303.971624747055,302.044376851061,-1.92724789599409,29.1565062291359,0.49,649.800656962924,647.87340906693,0.3,0.3,734.937337636948
394,2,0,0.2,1,3000,200000,0.3,0.6,100,299.947246819919,302.918870509426,2.97162368950686,19.4287364922272,0.51,644.07107186713,647.042695556637,0.3,0.3,737.79137969017
395,2,0,0.3,1,3000,200000,0.3,0.6,100,291.828256773837,295.601069056238,3.77281228240168,20.1908457812071,0.54,644.226197375676,647.999009658078,0.3,0.3,736.350491046906
396,2,0,0.4,1,3000,200000,0.3,0.6,100,310.619486384728,308.926920370201,-1.69256601452759,26.1822948117258,0.45,658.71119267492,657.018626660392,0.3,0.3,740.957964897156
397,2,0,0.5,1,3000,200000,0.3,0.6,100,305.900699923293,305.527069671854,-0.373630251439445,28.6825783143359,0.48,654.480394884531,654.106764633092,0.3,0.3,739.120766401291
398,2,0,0.6,1,3000,200000,0.3,0.6,100,307.806321167074,309.801829047674,1.99550788060085,24.9255565692972,0.54,653.330832120003,655.326340000604,0.3,0.3,738.408873319626
399,2,0,0.7,1,3000,200000,0.3,0.6,100,307.216166888133,316.686328458069,9.47016156993632,27.1444599705747,0.67,654.610921938167,664.081083508104,0.3,0.3,740.541710138321
400,2,0,0.05,2,3000,200000,0.3,0.6,100,309.94987391681,309.666076717105,-0.283797199704848,19.6634304399218,0.5,651.983594546174,651.699797346469,0.3,0.3,736.92865729332
401,2,0,0.1,2,3000,200000,0.3,0.6,100,300.59893600404,302.473471368683,1.87453536464298,25.2353261212729,0.5,645.393435470782,647.267970835425,0.3,0.3,736.019008636475
402,2,0,0.2,2,3000,200000,0.3,0.6,100,308.674364190161,308.007033683416,-0.667330506744727,20.4643093013122,0.5,654.009263231103,653.341932724358,0.3,0.3,743.121583461762
403,2,0,0.3,2,3000,200000,0.3,0.6,100,299.420977860774,300.207674472024,0.786696611250072,20.6365796801489,0.53,650.270024991938,651.056721603188,0.3,0.3,738.163466691971
404,2,0,0.4,2,3000,200000,0.3,0.6,100,313.717194987215,312.174721055476,-1.54247393173884,24.2292918978435,0.5,656.720717345567,655.178243413829,0.3,0.3,743.270033121109
405,2,0,0.5,2,3000,200000,0.3,0.6,100,307.502321787415,311.468581295966,3.96625950855153,26.1358445171253,0.59,651.603267569066,655.569527077618,0.3,0.3,747.180217266083
406,2,0,0.6,2,3000,200000,0.3,0.6,100,305.651840547065,306.929059882549,1.27721933548343,25.0886717385947,0.49,650.211441889663,651.488661225146,0.3,0.3,738.807386636734
407,2,0,0.7,2,3000,200000,0.3,0.6,100,308.152972977169,312.626707793849,4.47373481668021,29.7888487401481,0.55,651.363766835861,655.837501652541,0.3,0.3,745.440848112106
408,2,0,0.05,3,3000,200000,0.3,0.6,100,291.446359483302,293.171098905501,1.72473942219898,25.4635302942715,0.52,640.801891061648,642.526630483847,0.3,0.3,741.129445791245
409,2,0,0.1,3,3000,200000,0.3,0.6,100,298.442324044774,302.375925261717,3.93360121694355,27.0667442871472,0.58,643.926227489443,647.859828706387,0.3,0.3,739.965995311737
410,2,0,0.2,3,3000,200000,0.3,0.6,100,309.881867154119,309.786607260864,-0.095259893254788,20.9288242321223,0.43,651.148513818782,651.053253925527,0.3,0.3,737.170409202576
411,2,0,0.3,3,3000,200000,0.3,0.6,100,308.919291859822,310.246170526185,1.32687866636368,21.1968693331438,0.55,651.617354712612,652.944233378976,0.3,0.3,736.571741342545
412,2,0,0.4,3,3000,200000,0.3,0.6,100,293.778997381378,295.666126182765,1.88712880138708,26.3556903950428,0.54,638.188021542809,640.075150344196,0.3,0.3,739.725100278854
413,2,0,0.5,3,3000,200000,0.3,0.6,100,302.707139002564,308.010007891142,5.30286888857861,28.5899566810496,0.54,651.993531526024,657.296400414603,0.3,0.3,736.299962759018
414,2,0,0.6,3,3000,200000,0.3,0.6,100,301.770538477682,305.021453009982,3.25091453229961,27.2522972295357,0.52,650.200986757437,653.451901289737,0.3,0.3,742.137639284134
415,2,0,0.7,3,3000,200000,0.3,0.6,100,296.828926547469,302.54960945384,5.72068290637053,27.7159280221468,0.59,644.908259619742,650.628942526112,0.3,0.3,747.650088787079
416,2,0,0.05,0,6500,200000,0.3,0.6,100,295.682739912832,295.47521065721,-0.207529255621791,24.9156062306009,0.48,641.374357533032,641.16682827741,0.3,0.3,735.188455581665
417,2,0,0.1,0,6500,200000,0.3,0.6,100,307.513484357205,306.176473791688,-1.3370105655177,22.5582297090312,0.42,652.880419059238,651.54340849372,0.3,0.3,757.949399232864
418,2,0,0.2,0,6500,200000,0.3,0.6,100,294.076811803232,292.707839191359,-1.36897261187231,23.081615220609,0.45,642.092195434551,640.723222822679,0.3,0.3,738.841813802719
419,2,0,0.3,0,6500,200000,0.3,0.6,100,301.847590174872,304.08388108696,2.23629091208714,23.9855447963412,0.49,652.890063242926,655.126354155014,0.3,0.3,737.281938552856
420,2,0,0.4,0,6500,200000,0.3,0.6,100,304.324063470288,305.318634042951,0.994570572662817,25.9407038279955,0.5,651.906244683619,652.900815256282,0.3,0.3,743.670491218567
421,2,0,0.5,0,6500,200000,0.3,0.6,100,301.866931876367,305.266908380316,3.39997650394866,24.4675396625363,0.56,651.199099393838,654.599075897787,0.3,0.3,739.294857978821
422,2,0,0.6,0,6500,200000,0.3,0.6,100,299.104190729001,304.12273624854,5.01854551953869,25.5462341840009,0.47,647.22075058613,652.239296105669,0.3,0.3,736.395823717117
423,2,0,0.7,0,6500,200000,0.3,0.6,100,299.527807463117,305.884512796317,6.35670533320005,26.653999124691,0.57,643.942418103681,650.299123436881,0.3,0.3,759.418777942658
424,2,0,0.05,1,6500,200000,0.3,0.6,100,303.124331643866,301.458800340504,-1.66553130336217,25.6439327961282,0.48,650.379449537597,648.713918234235,0.3,0.3,740.877468109131
425,2,0,0.1,1,6500,200000,0.3,0.6,100,298.927284654674,298.245573548157,-0.681711106517757,13.9563810232647,0.49,643.511630039942,642.829918933424,0.3,0.3,739.029431819916
426,2,0,0.2,1,6500,200000,0.3,0.6,100,303.310829877744,303.320870439133,0.0100405613885596,25.1547274425083,0.47,650.706006268094,650.716046829483,0.3,0.3,740.167505025864
427,2,0,0.3,1,6500,200000,0.3,0.6,100,298.90787266789,295.65358906536,-3.25428360253009,25.2660379820489,0.4,649.597549537156,646.343265934626,0.3,0.3,739.02378821373
428,2,0,0.4,1,6500,200000,0.3,0.6,100,302.239912363641,302.417085221595,0.177172857953374,21.6617443442245,0.5,645.723864641651,645.901037499604,0.3,0.3,735.188772916794
429,2,0,0.5,1,6500,200000,0.3,0.6,100,314.343049933307,317.851439140316,3.50838920700916,25.66960558061,0.49,657.145318820008,660.653708027017,0.3,0.3,768.10847735405
430,2,0,0.6,1,6500,200000,0.3,0.6,100,301.800193324405,300.32182572364,-1.47836760076492,26.8405470402175,0.48,648.610783552228,647.132415951463,0.3,0.3,744.254017114639
431,2,0,0.7,1,6500,200000,0.3,0.6,100,295.485507967054,298.646829384949,3.1613214178954,26.1140140800669,0.51,640.671597161712,643.832918579607,0.3,0.3,741.894478082657
432,2,0,0.05,2,6500,200000,0.3,0.6,100,307.192498039406,308.670983013603,1.47848497419748,25.7753567625685,0.49,650.347136290217,651.825621264414,0.3,0.3,746.756348848343
433,2,0,0.1,2,6500,200000,0.3,0.6,100,313.11092392497,311.800416760948,-1.31050716402215,20.1606415712883,0.4,658.19292748923,656.882420325208,0.3,0.3,749.405416727066
434,2,0,0.2,2,6500,200000,0.3,0.6,100,295.116575652628,294.22577048161,-0.890805171017837,25.2494536595331,0.5,638.599930959221,637.709125788204,0.3,0.3,744.168214797974
435,2,0,0.3,2,6500,200000,0.3,0.6,100,307.388373263756,307.765687845805,0.377314582048984,25.2619083608515,0.47,651.888374720446,652.265689302495,0.3,0.3,748.833859443665
436,2,0,0.4,2,6500,200000,0.3,0.6,100,301.01984721833,300.200061156859,-0.819786061471223,23.7054477495855,0.6,652.107493342602,651.28770728113,0.3,0.3,753.785789251328
437,2,0,0.5,2,6500,200000,0.3,0.6,100,304.809068045722,310.53075981983,5.72169177410807,24.7914753459217,0.57,654.78857387952,660.510265653628,0.3,0.3,745.787007331848
438,2,0,0.6,2,6500,200000,0.3,0.6,100,287.067983536713,293.818764841217,6.75078130450329,27.2637929585499,0.62,633.700697598957,640.45147890346,0.3,0.3,748.746840238571
439,2,0,0.7,2,6500,200000,0.3,0.6,100,312.004525508541,314.2143371495,2.20981164095855,26.9775609477328,0.6,653.892236406265,656.102048047224,0.3,0.3,759.685568094254
440,2,0,0.05,3,6500,200000,0.3,0.6,100,299.764202033827,301.49658199653,1.7323799627028,25.9907334885253,0.55,647.724894122133,649.457274084836,0.3,0.3,747.909925460816
441,2,0,0.1,3,6500,200000,0.3,0.6,100,307.828620563773,310.230517406096,2.40189684232259,18.0763872540738,0.49,648.02072396197,650.422620804293,0.3,0.3,748.13494181633
442,2,0,0.2,3,6500,200000,0.3,0.6,100,286.38363270575,288.338945032694,1.95531232694455,24.5486984126096,0.49,633.971817296516,635.92712962346,0.3,0.3,753.046823263168
443,2,0,0.3,3,6500,200000,0.3,0.6,100,302.868623784017,305.151940848557,2.28331706454016,26.8466227626841,0.54,648.439042596496,650.722359661037,0.3,0.3,746.029969453812
444,2,0,0.4,3,6500,200000,0.3,0.6,100,302.41187371675,307.866876394119,5.45500267736884,25.7061658209447,0.58,646.201307509155,651.656310186524,0.3,0.3,748.094457387924
445,2,0,0.5,3,6500,200000,0.3,0.6,100,300.733516777338,300.887129807056,0.153613029717885,28.2578550853098,0.46,646.066539058463,646.220152088181,0.3,0.3,748.390954494476
446,2,0,0.6,3,6500,200000,0.3,0.6,100,306.609399847842,311.702022319941,5.09262247209895,25.6844404603461,0.57,655.147537685033,660.240160157132,0.3,0.3,744.029999494553
447,2,0,0.7,3,6500,200000,0.3,0.6,100,306.591894515117,310.888901608009,4.29700709289206,27.4571474868031,0.54,648.916616459547,653.213623552439,0.3,0.3,754.313811063767
448,2,0,0.05,0,10000,200000,0.3,0.6,100,313.549081264126,313.549081264126,0,0,0,657.514977662889,657.514977662889,0.3,0.3,757.358480453491
449,2,0,0.1,0,10000,200000,0.3,0.6,100,298.304278132968,296.124796974398,-2.17948115856979,23.9349512187901,0.52,643.573818901366,641.394337742796,0.3,0.3,751.745379447937
450,2,0,0.2,0,10000,200000,0.3,0.6,100,297.348410652382,294.111354462311,-3.23705619007037,23.1728887546443,0.42,644.814183801217,641.577127611147,0.3,0.3,746.901000022888
451,2,0,0.3,0,10000,200000,0.3,0.6,100,295.916485264908,302.742447298216,6.82596203330796,26.8932837807531,0.62,645.756631713434,652.582593746742,0.3,0.3,747.990072011948
452,2,0,0.4,0,10000,200000,0.3,0.6,100,305.239316421864,305.630905612677,0.391589190813725,23.0372653513282,0.49,649.72312261793,650.114711808744,0.3,0.3,745.416029930115
453,2,0,0.5,0,10000,200000,0.3,0.6,100,285.892417010771,289.58692025199,3.69450324121843,25.2843312982524,0.5,637.750349663367,641.444852904585,0.3,0.3,754.773317098618
454,2,0,0.6,0,10000,200000,0.3,0.6,100,296.609205464209,298.949889994495,2.34068453028603,25.4947598048534,0.56,643.128134731098,645.468819261384,0.3,0.3,748.850969791412
455,2,0,0.7,0,10000,200000,0.3,0.6,100,305.477389571258,306.535080217214,1.05769064595585,29.0175149025566,0.47,651.507135931756,652.564826577712,0.3,0.3,755.635318279266
456,2,0,0.05,1,10000,200000,0.3,0.6,100,306.4785287632,306.4785287632,0,0,0,654.748160760484,654.748160760484,0.3,0.3,750.098211765289
457,2,0,0.1,1,10000,200000,0.3,0.6,100,294.137287111923,295.133290128701,0.996003016778068,24.0884683136275,0.48,644.230764308017,645.226767324795,0.3,0.3,748.680987358093
458,2,0,0.2,1,10000,200000,0.3,0.6,100,301.120627635719,296.702415656156,-4.41821197956281,23.1234893820153,0.42,643.383994474842,638.96578249528,0.3,0.3,744.842418432236
459,2,0,0.3,1,10000,200000,0.3,0.6,100,296.513098595077,302.385929608274,5.87283101319681,24.642258153535,0.54,643.473553410926,649.346384424123,0.3,0.3,753.203155040741
460,2,0,0.4,1,10000,200000,0.3,0.6,100,303.50399965566,302.496333476079,-1.00766617958102,25.7560993952655,0.47,651.316977353455,650.309311173874,0.3,0.3,753.479574680328
461,2,0,0.5,1,10000,200000,0.3,0.6,100,291.134507415173,297.44442832134,6.30992090616688,25.1293729605136,0.6,638.226080119026,644.536001025193,0.3,0.3,746.628475904465
462,2,0,0.6,1,10000,200000,0.3,0.6,100,307.610354878233,308.146320029905,0.535965151671842,25.6256027481575,0.53,651.803829260022,652.339794411694,0.3,0.3,751.188726186752
463,2,0,0.7,1,10000,200000,0.3,0.6,100,300.66284545983,308.828156268489,8.16531080865869,26.6623752636025,0.59,646.606140981925,654.771451790583,0.3,0.3,753.431926250458
464,2,0,0.05,2,10000,200000,0.3,0.6,100,295.96029648645,295.96029648645,0,0,0,639.232679437877,639.232679437877,0.3,0.3,747.105757713318
465,2,0,0.1,2,10000,200000,0.3,0.6,100,309.015125475037,306.406682810177,-2.60844266485991,25.3245968251123,0.44,655.054391667926,652.445949003067,0.3,0.3,762.561220645905
466,2,0,0.2,2,10000,200000,0.3,0.6,100,303.354784495609,301.230573244709,-2.12421125090001,24.5218530165106,0.51,652.224629499598,650.100418248698,0.3,0.3,748.823794364929
467,2,0,0.3,2,10000,200000,0.3,0.6,100,309.330932201169,307.084087442851,-2.24684475831765,26.0542164481539,0.45,655.255924652877,653.00907989456,0.3,0.3,749.956435680389
468,2,0,0.4,2,10000,200000,0.3,0.6,100,307.943383141444,312.401536494085,4.45815335264055,27.0536853925444,0.54,648.583525440097,653.041678792738,0.3,0.3,755.037526130676
469,2,0,0.5,2,10000,200000,0.3,0.6,100,304.926062812042,307.731568136708,2.80550532466566,25.3540965643024,0.51,650.87125648542,653.676761810086,0.3,0.3,746.560221195221
470,2,0,0.6,2,10000,200000,0.3,0.6,100,309.893396462388,315.393732470447,5.50033600805869,23.8131338996115,0.56,653.017871869505,658.518207877564,0.3,0.3,745.099237918854
471,2,0,0.7,2,10000,200000,0.3,0.6,100,307.954969064819,315.170479286672,7.21551022185302,29.1038003307246,0.58,654.346526149655,661.562036371508,0.3,0.3,754.456539869309
472,2,0,0.05,3,10000,200000,0.3,0.6,100,307.161905119281,307.161905119281,0,0,0,653.509768746434,653.509768746434,0.3,0.3,748.161080360413
473,2,0,0.1,3,10000,200000,0.3,0.6,100,292.276411368918,294.700817096984,2.42440572806566,22.5190572596454,0.53,638.80818091286,641.232586640925,0.3,0.3,746.308943271637
474,2,0,0.2,3,10000,200000,0.3,0.6,100,314.713034109886,311.908032323805,-2.80500178608058,21.741631221604,0.46,658.938536931959,656.133535145878,0.3,0.3,748.340174436569
475,2,0,0.3,3,10000,200000,0.3,0.6,100,304.76358433376,308.415608279978,3.65202394621838,26.6682242736741,0.55,656.910919836303,660.562943782522,0.3,0.3,762.772094488144
476,2,0,0.4,3,10000,200000,0.3,0.6,100,308.32626403913,314.054574744522,5.72831070539213,26.5110650089809,0.49,651.12081553909,656.849126244483,0.3,0.3,745.399297237396
477,2,0,0.5,3,10000,200000,0.3,0.6,100,303.788652727501,303.054027352234,-0.734625375266696,26.7369988719098,0.48,652.4945559692,651.759930593933,0.3,0.3,749.975022792816
478,2,0,0.6,3,10000,200000,0.3,0.6,100,289.399057660751,294.753534799376,5.35447713862528,30.3664911213839,0.56,636.83639475945,642.190871898075,0.3,0.3,748.706051111221
479,2,0,0.7,3,10000,200000,0.3,0.6,100,299.567775954151,304.571050782715,5.00327482856344,27.0775991822385,0.58,646.151444103941,651.154718932504,0.3,0.3,750.696628570557
480,2,0,0.05,0,13500,200000,0.3,0.6,100,293.050713448561,296.664105661098,3.61339221253696,24.8579432664829,0.56,641.395264502866,645.008656715403,0.3,0.3,748.703376054764
481,2,0,0.1,0,13500,200000,0.3,0.6,100,304.700942069804,304.219326663384,-0.481615406420629,25.0249447766908,0.52,647.037049853721,646.5554344473,0.3,0.3,751.350322723389
482,2,0,0.2,0,13500,200000,0.3,0.6,100,303.458012635501,306.082131541603,2.62411890610177,20.1843374604515,0.53,649.749168678037,652.373287584138,0.3,0.3,744.228228807449
483,2,0,0.3,0,13500,200000,0.3,0.6,100,300.000504942644,301.622576092438,1.62207114979359,21.669397207765,0.53,647.870807942299,649.492879092093,0.3,0.3,752.439338445663
484,2,0,0.4,0,13500,200000,0.3,0.6,100,297.829080514996,294.194405159216,-3.63467535577961,25.0781590381781,0.43,643.335862380945,639.701187025165,0.3,0.3,749.905838251114
485,2,0,0.5,0,13500,200000,0.3,0.6,100,298.40250860793,302.046958480095,3.64444987216456,26.9290785892483,0.59,647.079240663218,650.723690535383,0.3,0.3,745.921152114868
486,2,0,0.6,0,13500,200000,0.3,0.6,100,306.755259015022,307.168645278387,0.413386263364728,29.9043106498124,0.5,651.126037393035,651.5394236564,0.3,0.3,751.74295091629
487,2,0,0.7,0,13500,200000,0.3,0.6,100,296.63349376777,302.717847551664,6.08435378389365,23.3062556537693,0.61,641.937827152999,648.022180936893,0.3,0.3,750.603077888489
488,2,0,0.05,1,13500,200000,0.3,0.6,100,298.881496240168,295.557912416842,-3.32358382332628,22.6740841071231,0.45,640.276268945947,636.95268512262,0.3,0.3,746.76953125
489,2,0,0.1,1,13500,200000,0.3,0.6,100,299.407990435978,304.673885765517,5.26589532953945,23.8226855366168,0.58,646.951146417668,652.217041747208,0.3,0.3,746.827662229538
490,2,0,0.2,1,13500,200000,0.3,0.6,100,301.734265610324,301.25681712264,-0.47744848768403,18.1347101096487,0.48,649.519682836354,649.04223434867,0.3,0.3,754.857406139374
491,2,0,0.3,1,13500,200000,0.3,0.6,100,310.395389998667,309.299180705575,-1.09620929309238,23.091443453033,0.45,656.068448247084,654.972238953991,0.3,0.3,746.471589803696
492,2,0,0.4,1,13500,200000,0.3,0.6,100,302.711828717211,301.354467530914,-1.35736118629731,26.4070714476928,0.47,646.322785003633,644.965423817336,0.3,0.3,752.320706605911
493,2,0,0.5,1,13500,200000,0.3,0.6,100,308.692128831979,308.55966976259,-0.132459069388813,24.5918429968348,0.54,654.807559215667,654.675100146278,0.3,0.3,756.730586528778
494,2,0,0.6,1,13500,200000,0.3,0.6,100,291.111605762105,297.128189187397,6.01658342529135,26.9479197352013,0.56,635.975604740913,641.992188166204,0.3,0.3,750.740158319473
495,2,0,0.7,1,13500,200000,0.3,0.6,100,301.414162863709,309.22103838838,7.80687552467083,30.399172210719,0.65,644.90194225798,652.708817782651,0.3,0.3,760.215688467026
496,2,0,0.05,2,13500,200000,0.3,0.6,100,308.261526977818,302.645352875542,-5.61617410227622,24.7318290320147,0.38,653.721285295076,648.1051111928,0.3,0.3,755.105629205704
497,2,0,0.1,2,13500,200000,0.3,0.6,100,301.918684706961,303.365054738624,1.44637003166278,24.8487493319082,0.52,648.08513405717,649.531504088833,0.3,0.3,750.938900947571
498,2,0,0.2,2,13500,200000,0.3,0.6,100,298.993047124995,302.428879713155,3.43583258815952,19.8624898243874,0.57,647.785645994245,651.221478582404,0.3,0.3,754.223444700241
499,2,0,0.3,2,13500,200000,0.3,0.6,100,307.134437668279,308.050924401169,0.916486732890348,20.3787896924907,0.55,646.479182768326,647.395669501216,0.3,0.3,746.795827627182
500,2,0,0.4,2,13500,200000,0.3,0.6,100,307.607876526381,305.822668482107,-1.78520804427407,22.9229898720598,0.47,651.610956626026,649.825748581752,0.3,0.3,751.817407131195
501,2,0,0.5,2,13500,200000,0.3,0.6,100,299.836129342407,303.974830016207,4.13870067380017,26.7427670786355,0.59,646.082062918291,650.220763592092,0.3,0.3,754.851104974747
502,2,0,0.6,2,13500,200000,0.3,0.6,100,305.218471568107,309.989497311264,4.77102574315755,23.9395318208272,0.59,651.501901088582,656.27292683174,0.3,0.3,753.576141119003
503,2,0,0.7,2,13500,200000,0.3,0.6,100,299.734140953896,305.783000254508,6.04885930061231,30.8300573570191,0.56,647.392561155847,653.441420456459,0.3,0.3,752.882576942444
504,2,0,0.05,3,13500,200000,0.3,0.6,100,307.591690297086,306.393217322041,-1.19847297504467,27.6001834737524,0.44,650.247931403123,649.049458428079,0.3,0.3,770.499349117279
505,2,0,0.1,3,13500,200000,0.3,0.6,100,303.936346973395,302.949828104672,-0.986518868723715,28.5725633659134,0.48,649.359058873311,648.372540004588,0.3,0.3,774.121456384659
506,2,0,0.2,3,13500,200000,0.3,0.6,100,306.610889197505,304.926028360787,-1.68486083671816,19.7609414247327,0.53,649.46325365338,647.778392816662,0.3,0.3,776.618931055069
507,2,0,0.3,3,13500,200000,0.3,0.6,100,308.644762482825,310.317065218403,1.67230273557802,21.6218464252347,0.55,655.99489872197,657.667201457548,0.3,0.3,771.849950313568
508,2,0,0.4,3,13500,200000,0.3,0.6,100,303.248053068438,300.43505367918,-2.81299938925865,24.5271835304383,0.47,648.074447779212,645.261448389953,0.3,0.3,770.601927280426
509,2,0,0.5,3,13500,200000,0.3,0.6,100,302.766822263829,304.760271181768,1.99344891793881,25.0107197339187,0.5,641.868768450766,643.862217368705,0.3,0.3,796.72571349144
510,2,0,0.6,3,13500,200000,0.3,0.6,100,299.4602009031,300.337844306921,0.87764340382075,26.6702791705297,0.43,649.166763924076,650.044407327897,0.3,0.3,779.538972616196
511,2,0,0.7,3,13500,200000,0.3,0.6,100,295.918976731643,298.909820524091,2.99084379244734,28.1320906970992,0.54,640.376666208441,643.367510000888,0.3,0.3,781.413612127304
512,2,0,0.05,0,17000,200000,0.3,0.6,100,298.468382812543,296.942978274475,-1.5254045380677,23.3490207681125,0.46,646.874601898174,645.349197360106,0.3,0.3,778.635307073593
513,2,0,0.1,0,17000,200000,0.3,0.6,100,300.638912802834,300.638912802834,0,0,0,647.05034416435,647.05034416435,0.3,0.3,767.375834465027
514,2,0,0.2,0,17000,200000,0.3,0.6,100,299.542923767792,296.484566880618,-3.05835688717432,22.6556579543298,0.39,642.339279448953,639.280922561779,0.3,0.3,770.412067651749
515,2,0,0.3,0,17000,200000,0.3,0.6,100,294.56256689019,294.636604096019,0.0740372058286016,24.5906844615777,0.56,640.896662494209,640.970699700037,0.3,0.3,782.434468746185
516,2,0,0.4,0,17000,200000,0.3,0.6,100,289.848669952275,295.317348309285,5.46867835700964,20.8299540343105,0.59,635.250724806425,640.719403163434,0.3,0.3,777.729079008102
517,2,0,0.5,0,17000,200000,0.3,0.6,100,311.023521093738,312.566795266103,1.5432741723655,25.9509844143072,0.53,653.039845980129,654.583120152494,0.3,0.3,781.160598516464
518,2,0,0.6,0,17000,200000,0.3,0.6,100,301.02490676407,302.022890104764,0.997983340693309,25.0297160298806,0.53,643.318314955337,644.31629829603,0.3,0.3,772.079996109009
519,2,0,0.7,0,17000,200000,0.3,0.6,100,299.643748684911,303.495444783458,3.85169609854663,26.9239795160146,0.58,651.538516538941,655.390212637488,0.3,0.3,863.406082630158
520,2,0,0.05,1,17000,200000,0.3,0.6,100,307.065728620051,305.728249083564,-1.33747953648671,23.8743695356432,0.4,650.256971523772,648.919491987285,0.3,0.3,771.809276580811
521,2,0,0.1,1,17000,200000,0.3,0.6,100,309.268360722723,309.268360722723,0,0,0,654.379174943027,654.379174943027,0.3,0.3,785.183851957321
522,2,0,0.2,1,17000,200000,0.3,0.6,100,294.793384328147,296.057129499966,1.26374517181994,29.0627404026208,0.54,643.654942166799,644.918687338619,0.3,0.3,793.908980607986
523,2,0,0.3,1,17000,200000,0.3,0.6,100,300.151371777497,302.125158286334,1.97378650883659,23.0478945133397,0.57,643.869390227076,645.843176735912,0.3,0.3,774.186594963074
524,2,0,0.4,1,17000,200000,0.3,0.6,100,309.062899559828,303.885763811599,-5.17713574822851,25.0058875119418,0.39,653.369120188135,648.191984439907,0.3,0.3,778.77382016182
525,2,0,0.5,1,17000,200000,0.3,0.6,100,306.278465312083,306.204460783397,-0.0740045286857912,24.4937616341595,0.46,653.009618722082,652.935614193396,0.3,0.3,768.155465364456
526,2,0,0.6,1,17000,200000,0.3,0.6,100,308.689380872848,313.552284173141,4.86290330029331,27.3406105006819,0.52,649.475689112468,654.338592412761,0.3,0.3,770.332062244415
527,2,0,0.7,1,17000,200000,0.3,0.6,100,299.589725279134,304.087699595898,4.49797431676372,25.3372136366843,0.52,645.500791088632,649.998765405396,0.3,0.3,790.8284907341
528,2,0,0.05,2,17000,200000,0.3,0.6,100,300.947171891746,301.875766349301,0.928594457554989,24.6112872264161,0.51,644.27087454032,645.199468997875,0.3,0.3,777.248718976975
529,2,0,0.1,2,17000,200000,0.3,0.6,100,296.34252957885,296.34252957885,0,0,0,648.658710962914,648.658710962914,0.3,0.3,771.908970355988
530,2,0,0.2,2,17000,200000,0.3,0.6,100,303.410015697121,307.355759485807,3.94574378868581,24.7103726775574,0.58,650.556224625389,654.501968414075,0.3,0.3,774.12976026535
531,2,0,0.3,2,17000,200000,0.3,0.6,100,296.221037354732,297.017151072562,0.796113717830185,25.47931555212,0.5,646.045779969854,646.841893687684,0.3,0.3,775.23370718956
532,2,0,0.4,2,17000,200000,0.3,0.6,100,302.76170392102,299.951839316861,-2.80986460415915,23.9901662711594,0.42,650.351812212646,647.541947608486,0.3,0.3,777.503809213638
533,2,0,0.5,2,17000,200000,0.3,0.6,100,302.704666076007,310.107207862025,7.40254178601868,22.5348375585851,0.63,650.001578346918,657.404120132937,0.3,0.3,771.562266588211
534,2,0,0.6,2,17000,200000,0.3,0.6,100,294.511320206434,295.14138193099,0.630061724555872,29.7672990671985,0.48,640.293595097639,640.923656822195,0.3,0.3,779.67551279068
535,2,0,0.7,2,17000,200000,0.3,0.6,100,317.694906004275,322.072623418848,4.377717414573,27.8385798945253,0.56,662.218069304252,666.595786718825,0.3,0.3,785.420152187347
536,2,0,0.05,3,17000,200000,0.3,0.6,100,305.809685617902,303.263893897733,-2.54579172016929,25.3472182753744,0.46,649.986168168307,647.440376448138,0.3,0.3,777.937564373016
537,2,0,0.1,3,17000,200000,0.3,0.6,100,291.614625441192,291.614625441192,0,0,0,643.125375805662,643.125375805662,0.3,0.3,767.20948600769
538,2,0,0.2,3,17000,200000,0.3,0.6,100,309.515991094822,311.562623890486,2.04663279566433,23.1314336779832,0.53,650.091473047756,652.13810584342,0.3,0.3,770.030738353729
539,2,0,0.3,3,17000,200000,0.3,0.6,100,304.127701390384,307.017273476352,2.88957208596781,24.3779170295281,0.5,645.919771621121,648.809343707089,0.3,0.3,769.631959676743
540,2,0,0.4,3,17000,200000,0.3,0.6,100,300.478455396742,301.905381582354,1.42692618561285,26.0506619872671,0.55,648.952909904761,650.379836090374,0.3,0.3,778.129251003265
541,2,0,0.5,3,17000,200000,0.3,0.6,100,305.1452659765,305.675656977394,0.530391000893419,26.6773874090521,0.47,649.653804236394,650.184195237287,0.3,0.3,777.5990254879
542,2,0,0.6,3,17000,200000,0.3,0.6,100,307.405918604797,307.742325862278,0.336407257481244,30.0348290920901,0.49,655.55851475277,655.894922010251,0.3,0.3,787.49472951889
543,2,0,0.7,3,17000,200000,0.3,0.6,100,293.983603514623,296.655718261071,2.67211474644799,25.597563383541,0.55,640.977365594231,643.649480340679,0.3,0.3,774.823502779007
544,2,0,0.05,0,20000,200000,0.3,0.6,100,303.814777809981,299.120352617395,-4.69442519258601,26.4536442703923,0.43,650.278823631918,645.584398439332,0.3,0.3,768.377820253372
545,2,0,0.1,0,20000,200000,0.3,0.6,100,291.897258139403,291.897258139403,0,0,0,639.189179446715,639.189179446715,0.3,0.3,804.123979330063
546,2,0,0.2,0,20000,200000,0.3,0.6,100,314.749956598285,316.775987446476,2.02603084819116,25.9545287125134,0.57,658.236096879824,660.262127728015,0.3,0.3,774.391597270966
547,2,0,0.3,0,20000,200000,0.3,0.6,100,301.362277739061,299.370880086513,-1.99139765254774,23.694755413217,0.55,647.101770163739,645.110372511192,0.3,0.3,775.45036315918
548,2,0,0.4,0,20000,200000,0.3,0.6,100,317.473639597891,313.219688415548,-4.25395118234223,26.198781813341,0.47,658.574089821624,654.320138639282,0.3,0.3,782.155551671982
549,2,0,0.5,0,20000,200000,0.3,0.6,100,305.811078863138,310.146147191965,4.33506832882712,28.9308187814608,0.6,651.988011359141,656.323079687968,0.3,0.3,770.381675958633
550,2,0,0.6,0,20000,200000,0.3,0.6,100,305.88879975294,310.733427334755,4.8446275818143,27.4304770637383,0.56,649.32786449728,654.172492079095,0.3,0.3,778.986538171768
551,2,0,0.7,0,20000,200000,0.3,0.6,100,294.873364603812,300.782684268079,5.9093196642671,26.0646452529758,0.59,641.949353742337,647.858673406604,0.3,0.3,797.13588643074
552,2,0,0.05,1,20000,200000,0.3,0.6,100,307.80378176687,302.910981620992,-4.89280014587839,26.0753500761694,0.41,650.895213797262,646.002413651384,0.3,0.3,790.730287790299
553,2,0,0.1,1,20000,200000,0.3,0.6,100,303.112361181338,303.112361181338,0,0,0,648.275217305351,648.275217305351,0.3,0.3,778.185757637024
554,2,0,0.2,1,20000,200000,0.3,0.6,100,297.957675695575,298.022844292399,0.0651685968240213,20.8065342276453,0.5,644.423484894615,644.488653491439,0.3,0.3,782.095679521561
555,2,0,0.3,1,20000,200000,0.3,0.6,100,303.370475138235,305.698429800436,2.32795466220154,27.5772525621232,0.56,650.137531631721,652.465486293923,0.3,0.3,830.222229242325
556,2,0,0.4,1,20000,200000,0.3,0.6,100,299.58060509159,299.110772129208,-0.469832962381943,28.7349776358324,0.47,647.63388398669,647.164051024308,0.3,0.3,766.456591367722
557,2,0,0.5,1,20000,200000,0.3,0.6,100,310.919159334458,309.635485575614,-1.2836737588445,23.077471642805,0.47,657.559961404923,656.276287646079,0.3,0.3,786.407484292984
558,2,0,0.6,1,20000,200000,0.3,0.6,100,301.624780027611,304.66389197332,3.03911194570963,23.583253283146,0.53,642.856875864858,645.895987810567,0.3,0.3,790.944903850556
559,2,0,0.7,1,20000,200000,0.3,0.6,100,317.996867051107,323.186280800501,5.18941374939345,24.2763069051872,0.58,659.160719802831,664.350133552224,0.3,0.3,782.226034879685
560,2,0,0.05,2,20000,200000,0.3,0.6,100,298.573950074973,299.493162350054,0.919212275080542,24.4960328671039,0.49,643.527326785777,644.446539060857,0.3,0.3,782.946236371994
561,2,0,0.1,2,20000,200000,0.3,0.6,100,303.364307295755,303.364307295755,0,0,0,646.22103370534,646.22103370534,0.3,0.3,770.814668178558
562,2,0,0.2,2,20000,200000,0.3,0.6,100,296.241047482515,298.477497416326,2.23644993381135,23.6979272322769,0.55,641.918527971278,644.154977905089,0.3,0.3,773.593543767929
563,2,0,0.3,2,20000,200000,0.3,0.6,100,297.54060001301,299.210240438764,1.66964042575429,24.6939709978373,0.54,646.63397949994,648.303619925694,0.3,0.3,809.612342357636
564,2,0,0.4,2,20000,200000,0.3,0.6,100,302.53186772136,306.233288958247,3.70142123688706,25.236580701894,0.55,646.730627952407,650.432049189294,0.3,0.3,792.901481628418
565,2,0,0.5,2,20000,200000,0.3,0.6,100,303.886458942403,304.300043486132,0.413584543729664,24.0638212236097,0.53,653.65570513557,654.0692896793,0.3,0.3,780.559808731079
566,2,0,0.6,2,20000,200000,0.3,0.6,100,302.124293099678,307.486543297369,5.36225019769082,24.5579493262975,0.59,643.734090196748,649.096340394438,0.3,0.3,774.100807905197
567,2,0,0.7,2,20000,200000,0.3,0.6,100,296.768488524863,301.062986602427,4.29449807756399,27.7038174681324,0.56,646.276327047722,650.570825125286,0.3,0.3,774.129466533661
568,2,0,0.05,3,20000,200000,0.3,0.6,100,301.992922251355,296.656153154908,-5.33676909644684,24.097479661595,0.42,646.569504124699,641.232735028253,0.3,0.3,780.633064031601
569,2,0,0.1,3,20000,200000,0.3,0.6,100,301.394996037958,301.394996037958,0,0,0,645.567924228508,645.567924228508,0.3,0.3,774.619565725327
570,2,0,0.2,3,20000,200000,0.3,0.6,100,300.483970230727,303.216299157874,2.73232892714696,24.6870148810919,0.56,648.879459969706,651.611788896853,0.3,0.3,778.745874643326
571,2,0,0.3,3,20000,200000,0.3,0.6,100,298.916435809197,301.843701438833,2.92726562963516,23.8570409281639,0.56,644.55691184493,647.484177474565,0.3,0.3,777.958456993103
572,2,0,0.4,3,20000,200000,0.3,0.6,100,300.577729215762,301.998265734975,1.42053651921336,24.0731177110281,0.56,647.66142298094,649.081959500153,0.3,0.3,778.969723939896
573,2,0,0.5,3,20000,200000,0.3,0.6,100,305.504008570642,304.231239151149,-1.27276941949335,22.8591349180101,0.47,655.345295746683,654.07252632719,0.3,0.3,833.213582277298
574,2,0,0.6,3,20000,200000,0.3,0.6,100,296.515588446564,303.034980843007,6.51939239644315,26.7880321764791,0.63,641.587959564311,648.107351960754,0.3,0.3,767.666939496994
575,2,0,0.7,3,20000,200000,0.3,0.6,100,299.314929500292,301.192238677192,1.87730917689963,26.8794886109737,0.54,643.105994100754,644.983303277654,0.3,0.3,800.56595659256
576,2,0,0.05,0,3000,300000,0.3,0.6,100,301.402001163421,296.843619146635,-4.55838201678638,27.9836625227296,0.43,645.586385441596,641.02800342481,0.3,0.3,786.741495847702
577,2,0,0.1,0,3000,300000,0.3,0.6,100,306.412400147486,306.713077560194,0.30067741270839,23.7566438945341,0.51,650.370420156389,650.671097569097,0.3,0.3,785.9789955616
578,2,0,0.2,0,3000,300000,0.3,0.6,100,307.822470664934,304.376430076248,-3.44604058868584,22.0411007847823,0.4,654.926500455092,651.480459866406,0.3,0.3,791.926496982575
579,2,0,0.3,0,3000,300000,0.3,0.6,100,311.420699350503,311.698934807538,0.278235457034391,26.0920346981174,0.46,653.67002800156,653.948263458595,0.3,0.3,766.064556598663
580,2,0,0.4,0,3000,300000,0.3,0.6,100,308.261429888623,303.4018133002,-4.85961658842311,22.0084126435511,0.41,653.697980021788,648.838363433365,0.3,0.3,767.208093881607
581,2,0,0.5,0,3000,300000,0.3,0.6,100,296.143396048377,297.241482753427,1.09808670505097,27.122689978471,0.51,646.33050489911,647.428591604161,0.3,0.3,829.801864385605
582,2,0,0.6,0,3000,300000,0.3,0.6,100,312.344493302237,313.596981225795,1.25248792355799,28.5838747425147,0.5,654.401009204621,655.653497128179,0.3,0.3,790.226662397385
583,2,0,0.7,0,3000,300000,0.3,0.6,100,306.892863993175,309.130568403047,2.23770440987159,27.1468572369519,0.45,656.42265560497,658.660360014842,0.3,0.3,791.397763490677
584,2,0,0.05,1,3000,300000,0.3,0.6,100,309.13306470862,308.7688291549,-0.364235553720648,25.8971935185245,0.52,656.276815400665,655.912579846944,0.3,0.3,784.366264104843
585,2,0,0.1,1,3000,300000,0.3,0.6,100,321.00447435249,320.701392777881,-0.303081574609141,24.4012101831319,0.48,664.057487590735,663.754406016126,0.3,0.3,762.647754192352
586,2,0,0.2,1,3000,300000,0.3,0.6,100,308.777506263167,308.051699340731,-0.725806922435652,22.8294359703918,0.4,654.324213490879,653.598406568443,0.3,0.3,763.787037849426
587,2,0,0.3,1,3000,300000,0.3,0.6,100,309.890037012175,312.949661457546,3.05962444537115,23.2246009139126,0.54,651.76272850131,654.822352946681,0.3,0.3,796.721945047379
588,2,0,0.4,1,3000,300000,0.3,0.6,100,308.18310003344,304.788257059432,-3.3948429740075,22.7515387499035,0.44,658.709645757271,655.314802783263,0.3,0.3,784.662974596024
589,2,0,0.5,1,3000,300000,0.3,0.6,100,303.398147188405,307.997660837868,4.59951364946305,28.086717831427,0.56,649.193707600487,653.79322124995,0.3,0.3,790.95803976059
590,2,0,0.6,1,3000,300000,0.3,0.6,100,307.97170515161,310.610425166417,2.63872001480757,26.2460677763373,0.53,654.081615440945,656.720335455752,0.3,0.3,795.0244576931
591,2,0,0.7,1,3000,300000,0.3,0.6,100,296.09461901367,295.640969715796,-0.453649297873501,27.1074614453299,0.47,641.452048986118,640.998399688245,0.3,0.3,767.794219017029
592,2,0,0.05,2,3000,300000,0.3,0.6,100,314.379485205771,312.180155409328,-2.19932979644379,26.9142719379476,0.5,656.886290822786,654.686961026342,0.3,0.3,768.763225078583
593,2,0,0.1,2,3000,300000,0.3,0.6,100,293.057910147577,293.458009800515,0.400099652937622,25.073343047139,0.6,641.566997620702,641.96709727364,0.3,0.3,818.073001623154
594,2,0,0.2,2,3000,300000,0.3,0.6,100,304.429941544402,308.685840392823,4.25589884842117,24.2711140029338,0.54,648.266736255704,652.522635104125,0.3,0.3,783.800004720688
595,2,0,0.3,2,3000,300000,0.3,0.6,100,306.956007719979,309.77958840239,2.82358068241053,27.3872507984769,0.53,649.369753440612,652.193334123023,0.3,0.3,785.141863107681
596,2,0,0.4,2,3000,300000,0.3,0.6,100,308.078697105761,307.047355014325,-1.03134209143623,22.2040277678276,0.52,654.051787952171,653.020445860734,0.3,0.3,782.259514331818
597,2,0,0.5,2,3000,300000,0.3,0.6,100,310.184149670778,306.433416251627,-3.75073341915047,25.4765753832445,0.46,657.146104377648,653.395370958497,0.3,0.3,811.622520446777
598,2,0,0.6,2,3000,300000,0.3,0.6,100,302.883502041017,299.933053152612,-2.95044888840521,26.4677339775311,0.46,644.637802067998,641.687353179593,0.3,0.3,778.517866373062
599,2,0,0.7,2,3000,300000,0.3,0.6,100,303.428713186222,308.423144738124,4.99443155190222,27.5625036210315,0.57,651.829965035793,656.824396587696,0.3,0.3,770.87535738945
600,2,0,0.05,3,3000,300000,0.3,0.6,100,307.606257748148,303.684982960507,-3.92127478764151,24.7528140047857,0.43,652.532561535972,648.611286748331,0.3,0.3,785.214249372482
601,2,0,0.1,3,3000,300000,0.3,0.6,100,310.76538272807,306.887871207773,-3.87751152029791,23.0778434190928,0.44,657.037373994162,653.159862473864,0.3,0.3,787.83637714386
602,2,0,0.2,3,3000,300000,0.3,0.6,100,303.688747039155,300.725589989886,-2.96315704926968,24.674859602455,0.42,651.53152767414,648.568370624871,0.3,0.3,783.456789016724
603,2,0,0.3,3,3000,300000,0.3,0.6,100,311.838101334117,307.936272602513,-3.901828731604,24.394879007416,0.43,657.254752283381,653.352923551777,0.3,0.3,763.019606351852
604,2,0,0.4,3,3000,300000,0.3,0.6,100,305.121212010842,305.975603321061,0.854391310219287,23.8572381117786,0.58,650.214207427245,651.068598737464,0.3,0.3,763.492493391037
605,2,0,0.5,3,3000,300000,0.3,0.6,100,307.38939475252,309.982335333739,2.59294058121938,26.9474907008481,0.5,647.428625804073,650.021566385292,0.3,0.3,805.484043598175
606,2,0,0.6,3,3000,300000,0.3,0.6,100,296.309974671471,296.776704129234,0.466729457763008,24.6930824129844,0.5,644.974376405597,645.44110586336,0.3,0.3,794.320565700531
607,2,0,0.7,3,3000,300000,0.3,0.6,100,304.120686527033,305.212986197963,1.09229967093012,25.4105177700334,0.51,649.732511634988,650.824811305918,0.3,0.3,795.752089977265
608,2,0,0.05,0,6500,300000,0.3,0.6,100,318.270307397144,313.779190107668,-4.49111728947639,23.2350715648713,0.42,661.40025249417,656.909135204694,0.3,0.3,790.277244567871
609,2,0,0.1,0,6500,300000,0.3,0.6,100,303.506844329351,301.629956443924,-1.87688788542659,26.8122444626339,0.45,641.645043933631,639.768156048204,0.3,0.3,763.663260936737
610,2,0,0.2,0,6500,300000,0.3,0.6,100,310.832205846822,307.643217495358,-3.1889883514638,21.6595264557631,0.4,652.800564197015,649.611575845551,0.3,0.3,767.954131603241
611,2,0,0.3,0,6500,300000,0.3,0.6,100,308.7116568233,306.839992236841,-1.87166458645851,19.577256259566,0.47,658.629367578032,656.757702991573,0.3,0.3,796.801113367081
612,2,0,0.4,0,6500,300000,0.3,0.6,100,308.394526358692,306.65913139914,-1.73539495955207,22.6360660988887,0.49,650.755872528382,649.02047756883,0.3,0.3,789.030609130859
613,2,0,0.5,0,6500,300000,0.3,0.6,100,304.862988402426,307.074796545298,2.21180814287184,28.5636252793878,0.51,646.862816399689,649.074624542561,0.3,0.3,795.599250078201
614,2,0,0.6,0,6500,300000,0.3,0.6,100,307.353781653215,313.1877014961,5.83391984288466,29.6811316232536,0.59,654.163490099069,659.997409941954,0.3,0.3,801.841371059418
615,2,0,0.7,0,6500,300000,0.3,0.6,100,297.738658647087,300.83843700179,3.0997783547029,24.3406322324736,0.54,647.116894999812,650.216673354515,0.3,0.3,769.860932826996
616,2,0,0.05,1,6500,300000,0.3,0.6,100,300.67155340027,298.539377935735,-2.13217546453495,23.8698606220797,0.53,649.259975813505,647.12780034897,0.3,0.3,772.425666332245
617,2,0,0.1,1,6500,300000,0.3,0.6,100,298.840493434642,294.051123020921,-4.78937041372113,24.6492971626382,0.44,643.968349947644,639.178979533923,0.3,0.3,794.302634954453
618,2,0,0.2,1,6500,300000,0.3,0.6,100,306.079408375836,307.321202348411,1.24179397257444,21.406623529033,0.54,650.889624071844,652.131418044418,0.3,0.3,785.695996046066
619,2,0,0.3,1,6500,300000,0.3,0.6,100,301.211801953418,299.81416127725,-1.39764067616838,21.2382724642767,0.48,649.937511289908,648.53987061374,0.3,0.3,785.033999919891
620,2,0,0.4,1,6500,300000,0.3,0.6,100,298.710819782414,300.028006532357,1.31718674994303,25.4933559307908,0.51,641.899749951745,643.216936701688,0.3,0.3,794.466585874558
621,2,0,0.5,1,6500,300000,0.3,0.6,100,301.200831854313,309.476015499597,8.27518364528342,28.0859061607541,0.62,647.93704177358,656.212225418864,0.3,0.3,768.338070869446
622,2,0,0.6,1,6500,300000,0.3,0.6,100,300.738931600572,302.628177006237,1.88924540566528,27.9745120003523,0.54,647.062475062362,648.951720468027,0.3,0.3,770.842483758926
623,2,0,0.7,1,6500,300000,0.3,0.6,100,304.551582913205,308.26227991494,3.71069700173455,25.1242502319109,0.58,651.323944262931,655.034641264665,0.3,0.3,772.942307710648
624,2,0,0.05,2,6500,300000,0.3,0.6,100,311.518529498115,309.301633438114,-2.21689606000032,19.897271325793,0.44,654.493749333932,652.276853273931,0.3,0.3,788.313944578171
625,2,0,0.1,2,6500,300000,0.3,0.6,100,305.458032718722,303.753401996284,-1.70463072243783,26.4885836430003,0.49,646.35067852639,644.646047803952,0.3,0.3,786.093544006348
626,2,0,0.2,2,6500,300000,0.3,0.6,100,311.024925293708,312.407439497404,1.38251420369614,25.4577329957937,0.53,655.15440818218,656.536922385876,0.3,0.3,795.859018802643
627,2,0,0.3,2,6500,300000,0.3,0.6,100,301.591050414219,303.98641456126,2.39536414704115,21.0873570279207,0.53,646.553558395512,648.948922542553,0.3,0.3,863.808766126633
628,2,0,0.4,2,6500,300000,0.3,0.6,100,295.591463148234,298.767800122968,3.17633697473425,23.2708930996037,0.58,645.956813697033,649.133150671767,0.3,0.3,770.719229698181
629,2,0,0.5,2,6500,300000,0.3,0.6,100,302.908722164538,302.410943184836,-0.497778979701977,25.5806795292735,0.54,649.35617782368,648.858398843978,0.3,0.3,829.635441303253
630,2,0,0.6,2,6500,300000,0.3,0.6,100,308.656652231187,307.269445006234,-1.38720722495273,25.9414054992374,0.42,649.874904801195,648.487697576243,0.3,0.3,790.517110109329
631,2,0,0.7,2,6500,300000,0.3,0.6,100,313.551411603576,315.943808545028,2.39239694145234,27.9479193501883,0.51,664.132451283878,666.52484822533,0.3,0.3,797.83242559433
632,2,0,0.05,3,6500,300000,0.3,0.6,100,307.86682518913,306.509001376399,-1.35782381273048,29.2626446490978,0.46,656.473370886253,655.115547073522,0.3,0.3,791.717196702957
633,2,0,0.1,3,6500,300000,0.3,0.6,100,304.451976898416,308.460173983809,4.00819708539344,21.8316970196794,0.54,651.695673519119,655.703870604512,0.3,0.3,763.457282781601
634,2,0,0.2,3,6500,300000,0.3,0.6,100,303.44975646794,307.917288435535,4.46753196759546,23.2646573844354,0.61,647.626562244431,652.094094212026,0.3,0.3,761.944213867188
635,2,0,0.3,3,6500,300000,0.3,0.6,100,301.729670023837,309.082953748818,7.35328372498069,18.9200471741555,0.65,648.369223185038,655.722506910019,0.3,0.3,798.727631092072
636,2,0,0.4,3,6500,300000,0.3,0.6,100,302.146009861913,307.733186959509,5.58717709759591,21.2794064752933,0.56,649.799581882157,655.386758979753,0.3,0.3,792.882744789124
637,2,0,0.5,3,6500,300000,0.3,0.6,100,302.682166136817,302.620734589704,-0.0614315471122154,25.8272185918149,0.51,648.739408279172,648.677976732059,0.3,0.3,793.189196825028
638,2,0,0.6,3,6500,300000,0.3,0.6,100,307.908876859557,315.145767512756,7.23689065319825,31.3226877980591,0.6,652.177935152111,659.414825805309,0.3,0.3,795.989164829254
639,2,0,0.7,3,6500,300000,0.3,0.6,100,303.173749909125,307.464388904589,4.29063899546328,24.1625256822385,0.55,654.237465599444,658.528104594907,0.3,0.3,769.617503166199
640,2,0,0.05,0,10000,300000,0.3,0.6,100,314.534262220523,315.13595158993,0.601689369406918,22.2240492009838,0.51,662.932216484434,663.533905853841,0.3,0.3,770.612114906311
641,2,0,0.1,0,10000,300000,0.3,0.6,100,310.376961198917,309.157329464818,-1.21963173409915,26.3146457015193,0.5,651.823510377299,650.603878643199,0.3,0.3,763.942213535309
642,2,0,0.2,0,10000,300000,0.3,0.6,100,311.511181652813,315.55885860363,4.04767695081695,24.9224943085717,0.55,656.303501087237,660.351178038054,0.3,0.3,785.690637588501
643,2,0,0.3,0,10000,300000,0.3,0.6,100,314.643744978477,314.040850048948,-0.602894929529359,21.8241917586377,0.5,656.650961006574,656.048066077044,0.3,0.3,791.749817609787
644,2,0,0.4,0,10000,300000,0.3,0.6,100,301.650048595236,303.702246340363,2.0521977451266,21.4686203336324,0.58,647.037465363846,649.089663108973,0.3,0.3,792.608520746231
645,2,0,0.5,0,10000,300000,0.3,0.6,100,309.026545512461,309.13915371745,0.112608204988887,21.9811174601437,0.51,654.102868319646,654.215476524635,0.3,0.3,767.810409545898
646,2,0,0.6,0,10000,300000,0.3,0.6,100,313.386136603484,315.225107172809,1.83897056932466,24.2079582388291,0.51,658.269211053347,660.108181622672,0.3,0.3,776.628600358963
647,2,0,0.7,0,10000,300000,0.3,0.6,100,295.953301193201,299.756372658367,3.80307146516569,24.5302294764591,0.56,642.856845470767,646.659916935933,0.3,0.3,804.457466363907
648,2,0,0.05,1,10000,300000,0.3,0.6,100,304.986988209485,306.370970313941,1.38398210445582,22.1104935688262,0.51,645.273000827664,646.65698293212,0.3,0.3,778.063803672791
649,2,0,0.1,1,10000,300000,0.3,0.6,100,305.565651438685,304.684681023677,-0.880970415007562,25.6071071293869,0.48,654.116211344724,653.235240929717,0.3,0.3,783.715314388275
650,2,0,0.2,1,10000,300000,0.3,0.6,100,298.278350635691,300.760121726978,2.48177109128619,25.8052690311416,0.58,648.368599690027,650.850370781313,0.3,0.3,783.432847261429
651,2,0,0.3,1,10000,300000,0.3,0.6,100,301.413475068605,302.277948732767,0.864473664162681,20.4245141206139,0.49,648.811474568107,649.67594823227,0.3,0.3,760.335790395737
652,2,0,0.4,1,10000,300000,0.3,0.6,100,301.703948637672,309.318793943211,7.6148453055384,27.9357544699584,0.62,649.652429407235,657.267274712773,0.3,0.3,761.931481361389
653,2,0,0.5,1,10000,300000,0.3,0.6,100,303.746640265839,305.788639292301,2.04199902646172,22.7323729749822,0.48,649.702147729604,651.744146756066,0.3,0.3,772.775062799454
654,2,0,0.6,1,10000,300000,0.3,0.6,100,307.037648641201,312.716778221551,5.67912958034987,30.1333345742827,0.55,652.309693005803,657.988822586153,0.3,0.3,788.66796875
655,2,0,0.7,1,10000,300000,0.3,0.6,100,301.21687040543,307.875384637516,6.65851423208609,28.1568157979158,0.58,648.121239818824,654.779754050911,0.3,0.3,784.021626234055
656,2,0,0.05,2,10000,300000,0.3,0.6,100,311.572895339335,311.508319738899,-0.064575600436458,22.5004784886643,0.47,656.500175460334,656.435599859898,0.3,0.3,815.608644723892
657,2,0,0.1,2,10000,300000,0.3,0.6,100,308.932203352888,306.771115802947,-2.16108754994057,25.2593846267004,0.46,651.893598899549,649.732511349608,0.3,0.3,768.732656240463
658,2,0,0.2,2,10000,300000,0.3,0.6,100,302.628653495827,299.909781038653,-2.71887245717444,23.3985576395538,0.49,650.173455123923,647.454582666749,0.3,0.3,762.713665485382
659,2,0,0.3,2,10000,300000,0.3,0.6,100,298.537853213961,298.557125983015,0.0192727690539118,20.9791125281071,0.43,649.114042028356,649.13331479741,0.3,0.3,790.053736925125
660,2,0,0.4,2,10000,300000,0.3,0.6,100,301.585443245416,298.986047083823,-2.59939616159292,26.7930830043872,0.44,647.063911359656,644.464515198063,0.3,0.3,780.455167770386
661,2,0,0.5,2,10000,300000,0.3,0.6,100,303.110825620353,303.247866442946,0.137040822593492,26.9392239332693,0.51,650.752435569664,650.889476392258,0.3,0.3,787.578573226929
662,2,0,0.6,2,10000,300000,0.3,0.6,100,300.42122931418,302.055588718059,1.63435940387841,27.1629604123151,0.52,643.64346793146,645.277827335338,0.3,0.3,812.66502737999
663,2,0,0.7,2,10000,300000,0.3,0.6,100,299.754905360408,300.600179558194,0.845274197786989,27.1894303368182,0.51,645.941094794192,646.78636899198,0.3,0.3,768.82507443428
664,2,0,0.05,3,10000,300000,0.3,0.6,100,301.481977327998,301.22518932747,-0.256788000527931,25.1688567877475,0.5,647.350771436446,647.093983435918,0.3,0.3,773.018357753754
665,2,0,0.1,3,10000,300000,0.3,0.6,100,309.862481569241,310.110868852135,0.248387282894614,24.4837601142904,0.52,657.288896689449,657.537283972344,0.3,0.3,814.141671895981
666,2,0,0.2,3,10000,300000,0.3,0.6,100,301.151807447692,302.837179342054,1.68537189436235,26.1081819762341,0.54,648.177651708106,649.863023602468,0.3,0.3,774.451517343521
667,2,0,0.3,3,10000,300000,0.3,0.6,100,305.391652850393,303.486027962016,-1.90562488837703,18.2038331840789,0.49,653.866431676464,651.960806788087,0.3,0.3,780.400666713715
668,2,0,0.4,3,10000,300000,0.3,0.6,100,297.259188649066,298.051295605547,0.792106956480866,24.5539149567678,0.55,642.672203396748,643.464310353229,0.3,0.3,789.011757612228
669,2,0,0.5,3,10000,300000,0.3,0.6,100,301.471485316718,307.52350674766,6.05202143094179,24.5573252665649,0.62,646.083791046733,652.135812477675,0.3,0.3,768.505938053131
670,2,0,0.6,3,10000,300000,0.3,0.6,100,310.067311321506,307.810281710236,-2.25702961127003,24.7244641286594,0.43,653.223863529638,650.966833918368,0.3,0.3,768.557204008102
671,2,0,0.7,3,10000,300000,0.3,0.6,100,295.394376804753,297.767639642033,2.3732628372793,28.2345095904246,0.53,639.37747767567,641.75074051295,0.3,0.3,776.539053916931
672,2,0,0.05,0,13500,300000,0.3,0.6,100,298.578099688384,295.144806056426,-3.43329363195829,21.0140350684517,0.45,644.039373491182,640.606079859224,0.3,0.3,777.508419513702
673,2,0,0.1,0,13500,300000,0.3,0.6,100,307.039816794969,305.189416910886,-1.85039988408261,16.7133459718016,0.46,648.233204338275,646.382804454192,0.3,0.3,783.214494466782
674,2,0,0.2,0,13500,300000,0.3,0.6,100,302.745608038689,297.809451716077,-4.93615632261184,20.6906225197661,0.4,653.128894595228,648.192738272616,0.3,0.3,801.672338247299
675,2,0,0.3,0,13500,300000,0.3,0.6,100,307.776928107114,311.361242775736,3.58431466862166,24.2058413756332,0.52,652.609467779458,656.19378244808,0.3,0.3,762.154997348785
676,2,0,0.4,0,13500,300000,0.3,0.6,100,300.63176632229,300.016243486911,-0.615522835379272,26.0852048770262,0.48,647.167960630944,646.552437795565,0.3,0.3,769.45024561882
677,2,0,0.5,0,13500,300000,0.3,0.6,100,303.634542886165,305.897832283804,2.26328939763868,26.6728289468256,0.54,648.958887926616,651.222177324255,0.3,0.3,822.806834459305
678,2,0,0.6,0,13500,300000,0.3,0.6,100,299.819271230094,306.312265812153,6.49299458205946,29.0938912355322,0.6,645.34749704462,651.84049162668,0.3,0.3,785.494289875031
679,2,0,0.7,0,13500,300000,0.3,0.6,100,295.007971949099,301.060407702843,6.05243575374404,30.3871875352199,0.6,641.241047991397,647.293483745141,0.3,0.3,784.064030408859
680,2,0,0.05,1,13500,300000,0.3,0.6,100,302.138156018029,304.679611860296,2.54145584226669,20.1868202290306,0.56,649.169751221715,651.711207063981,0.3,0.3,789.722630262375
681,2,0,0.1,1,13500,300000,0.3,0.6,100,295.539323554939,295.395801834045,-0.143521720894003,15.2299263961024,0.46,637.502742959664,637.35922123877,0.3,0.3,766.579775810242
682,2,0,0.2,1,13500,300000,0.3,0.6,100,306.12306279735,305.788287990888,-0.334774806462594,28.5947168823445,0.49,651.068219602201,650.733444795738,0.3,0.3,761.101549863815
683,2,0,0.3,1,13500,300000,0.3,0.6,100,304.03087187376,301.333711871229,-2.69716000253145,24.3750864450294,0.45,652.797684492828,650.100524490297,0.3,0.3,789.751492500305
684,2,0,0.4,1,13500,300000,0.3,0.6,100,302.271498995789,301.844688480246,-0.426810515543532,26.3180895219259,0.53,643.891925624272,643.465115108729,0.3,0.3,781.246613502503
685,2,0,0.5,1,13500,300000,0.3,0.6,100,300.099297260393,306.078158160507,5.97886090011399,25.7530274466705,0.62,642.9993574675,648.978218367614,0.3,0.3,785.486273765564
686,2,0,0.6,1,13500,300000,0.3,0.6,100,299.87467219687,299.173090284834,-0.70158191203607,26.6167441242362,0.47,645.673122127128,644.971540215092,0.3,0.3,793.31741809845
687,2,0,0.7,1,13500,300000,0.3,0.6,100,299.356812189054,302.340497732106,2.98368554305229,23.8061730863411,0.61,646.400797166196,649.384482709249,0.3,0.3,769.595653295517
688,2,0,0.05,2,13500,300000,0.3,0.6,100,306.643843735414,309.131719776314,2.48787604089934,18.0036424307403,0.6,651.656459392298,654.144335433198,0.3,0.3,762.143184661865
689,2,0,0.1,2,13500,300000,0.3,0.6,100,294.43790603517,294.31175548293,-0.126150552240274,21.0051248684837,0.49,642.892910094304,642.766759542064,0.3,0.3,788.803877353668
690,2,0,0.2,2,13500,300000,0.3,0.6,100,303.44008306334,300.328770656665,-3.11131240667445,22.4609040796578,0.47,647.853244440374,644.741932033699,0.3,0.3,776.122446537018
691,2,0,0.3,2,13500,300000,0.3,0.6,100,303.409570594474,300.57695121965,-2.83261937482375,23.2109957186301,0.43,648.966258342354,646.133638967531,0.3,0.3,780.624091386795
692,2,0,0.4,2,13500,300000,0.3,0.6,100,312.376308229455,312.264125249333,-0.112182980121474,23.8454165430933,0.52,654.792039028973,654.679856048852,0.3,0.3,803.587315797806
693,2,0,0.5,2,13500,300000,0.3,0.6,100,298.172727867908,300.12753181554,1.9548039476323,24.661555765419,0.52,640.728749047975,642.683552995607,0.3,0.3,893.482290029526
694,2,0,0.6,2,13500,300000,0.3,0.6,100,300.623422211011,304.120071783263,3.49664957225222,25.9936858979319,0.52,647.673290692963,651.169940265216,0.3,0.3,772.445324420929
695,2,0,0.7,2,13500,300000,0.3,0.6,100,297.509440912207,299.222520170588,1.71307925838154,28.3575627720856,0.55,645.06764629239,646.780725550772,0.3,0.3,795.54513001442
696,2,0,0.05,3,13500,300000,0.3,0.6,100,308.604180178929,309.627902576531,1.02372239760221,22.571869465311,0.5,654.741161019277,655.76488341688,0.3,0.3,777.827027797699
697,2,0,0.1,3,13500,300000,0.3,0.6,100,305.552596732133,305.172194015486,-0.38040271664702,18.6359296334186,0.48,653.672369332455,653.291966615808,0.3,0.3,779.943710565567
698,2,0,0.2,3,13500,300000,0.3,0.6,100,307.187556338347,307.293915921803,0.106359583456176,21.8375115510624,0.53,654.350184115306,654.456543698762,0.3,0.3,800.52152132988
699,2,0,0.3,3,13500,300000,0.3,0.6,100,302.952429059083,301.678723326346,-1.27370573273731,25.6582503424418,0.51,648.904204874699,647.630499141962,0.3,0.3,765.242106437683
700,2,0,0.4,3,13500,300000,0.3,0.6,100,302.650026233441,300.332836585163,-2.3171896482782,23.1766552281166,0.49,649.397657181733,647.080467533455,0.3,0.3,761.810609340668
701,2,0,0.5,3,13500,300000,0.3,0.6,100,303.730208625209,305.741376614348,2.01116798913856,28.2339069569449,0.51,649.906362680258,651.917530669397,0.3,0.3,775.10902094841
702,2,0,0.6,3,13500,300000,0.3,0.6,100,313.020930628591,312.164098921568,-0.856831707022498,29.2128193459466,0.53,657.615276880368,656.758445173345,0.3,0.3,785.231739997864
703,2,0,0.7,3,13500,300000,0.3,0.6,100,304.739849176283,308.646448134659,3.90659895837647,27.2398756071262,0.49,644.455401486852,648.362000445229,0.3,0.3,1000.91595029831
704,2,0,0.05,0,17000,300000,0.3,0.6,100,311.572877110893,311.572877110893,0,0,0,654.655058688789,654.655058688789,0.3,0.3,793.577088832855
705,2,0,0.1,0,17000,300000,0.3,0.6,100,291.805278554677,293.25078726129,1.44550870661284,17.2586688605059,0.47,637.677827849564,639.123336556177,0.3,0.3,873.915519714356
706,2,0,0.2,0,17000,300000,0.3,0.6,100,301.149881599448,302.46693791957,1.31705632012254,19.4515515268279,0.51,643.272816962509,644.589873282632,0.3,0.3,761.103385448456
707,2,0,0.3,0,17000,300000,0.3,0.6,100,305.386033763303,301.444985564544,-3.94104819875853,17.2173674177174,0.4,653.983656148649,650.042607949891,0.3,0.3,791.893738508225
708,2,0,0.4,0,17000,300000,0.3,0.6,100,307.019526543305,309.207154324586,2.18762778128099,26.1784525781462,0.54,649.007098230978,651.194726012259,0.3,0.3,778.415589809418
709,2,0,0.5,0,17000,300000,0.3,0.6,100,303.629869109148,307.497612322339,3.86774321319138,24.511921958344,0.58,649.71337812543,653.581121338621,0.3,0.3,785.234081268311
710,2,0,0.6,0,17000,300000,0.3,0.6,100,309.311138023404,312.137612244946,2.82647422154212,24.1142378791463,0.53,656.016000292038,658.84247451358,0.3,0.3,789.825707435608
711,2,0,0.7,0,17000,300000,0.3,0.6,100,304.356189856758,312.009071213823,7.65288135706555,25.8901980682584,0.6,651.479267077096,659.132148434162,0.3,0.3,768.415358781815
712,2,0,0.05,1,17000,300000,0.3,0.6,100,302.605764746339,302.605764746339,0,0,0,651.735966986279,651.735966986279,0.3,0.3,767.124489307404
713,2,0,0.1,1,17000,300000,0.3,0.6,100,302.258217581573,298.969897077624,-3.28832050394888,20.7453726769189,0.4,645.55305531511,642.264734811161,0.3,0.3,795.92438697815
714,2,0,0.2,1,17000,300000,0.3,0.6,100,308.883209517373,308.446042840535,-0.437166676838015,21.4728244753284,0.44,647.351990054285,646.914823377447,0.3,0.3,775.721654653549
715,2,0,0.3,1,17000,300000,0.3,0.6,100,306.181996439373,306.083616129348,-0.0983803100246791,21.967487906615,0.46,651.945919486321,651.847539176297,0.3,0.3,1125.46353054047
716,2,0,0.4,1,17000,300000,0.3,0.6,100,297.66411664366,302.775369016839,5.11125237317926,24.7950196610721,0.59,640.314433905359,645.425686278538,0.3,0.3,793.149607658386
717,2,0,0.5,1,17000,300000,0.3,0.6,100,300.540955489439,306.24777170072,5.70681621128181,25.6346168605516,0.6,644.350594109116,650.057410320398,0.3,0.3,767.013136863709
718,2,0,0.6,1,17000,300000,0.3,0.6,100,304.214263373268,309.198536507921,4.98427313465266,22.9817651413816,0.59,649.95740861321,654.941681747863,0.3,0.3,773.049605846405
719,2,0,0.7,1,17000,300000,0.3,0.6,100,308.989998039625,316.49794437021,7.50794633058574,25.6868023694929,0.57,653.324916005352,660.832862335938,0.3,0.3,815.543803930283
720,2,0,0.05,2,17000,300000,0.3,0.6,100,294.02817339539,294.02817339539,0,0,0,645.059989069743,645.059989069743,0.3,0.3,763.994073867798
721,2,0,0.1,2,17000,300000,0.3,0.6,100,310.896074552331,309.914387487025,-0.981687065305302,16.849356113306,0.48,658.978924323118,657.997237257813,0.3,0.3,767.930546522141
722,2,0,0.2,2,17000,300000,0.3,0.6,100,305.266270207503,303.094393703788,-2.17187650371447,18.9918376840606,0.41,656.383445131253,654.211568627539,0.3,0.3,774.218979120255
723,2,0,0.3,2,17000,300000,0.3,0.6,100,296.164717523311,295.477884501842,-0.686833021468979,19.4364758220565,0.45,649.263596418093,648.576763396624,0.3,0.3,760.327143192291
724,2,0,0.4,2,17000,300000,0.3,0.6,100,310.330851061298,312.799974214902,2.46912315360413,22.646813346267,0.5,652.323488856513,654.792612010117,0.3,0.3,760.201777935028
725,2,0,0.5,2,17000,300000,0.3,0.6,100,305.965605833383,305.749051437842,-0.216554395540797,27.2869866589236,0.53,654.804129782093,654.587575386552,0.3,0.3,771.447552919388
726,2,0,0.6,2,17000,300000,0.3,0.6,100,300.414674439978,305.613148366281,5.19847392630238,24.9692258353167,0.59,640.800677641825,645.999151568127,0.3,0.3,770.021117925644
727,2,0,0.7,2,17000,300000,0.3,0.6,100,296.307666151025,299.398615990376,3.09094983935047,25.6280916353354,0.5,641.666639449788,644.757589289139,0.3,0.3,772.779918909073
728,2,0,0.05,3,17000,300000,0.3,0.6,100,297.337930063308,297.337930063308,0,0,0,642.129227923121,642.129227923121,0.3,0.3,773.548192977905
729,2,0,0.1,3,17000,300000,0.3,0.6,100,304.451529923766,302.482320469129,-1.96920945463632,17.7505448179115,0.48,649.238578942318,647.269369487682,0.3,0.3,765.684388637543
730,2,0,0.2,3,17000,300000,0.3,0.6,100,303.335362706243,304.094132811509,0.758770105265146,22.4162054494769,0.52,649.396805077094,650.155575182359,0.3,0.3,758.940065145493
731,2,0,0.3,3,17000,300000,0.3,0.6,100,303.284231524752,300.193126073259,-3.09110545149356,18.4794472072582,0.42,649.308030363855,646.216924912361,0.3,0.3,774.302051305771
732,2,0,0.4,3,17000,300000,0.3,0.6,100,309.03759691817,304.14202025392,-4.89557666424985,21.987977969576,0.43,654.034097909265,649.138521245016,0.3,0.3,762.621856927872
733,2,0,0.5,3,17000,300000,0.3,0.6,100,311.373999404061,309.935834761881,-1.43816464218007,24.0230284658165,0.49,659.376412584537,657.938247942357,0.3,0.3,794.568380117416
734,2,0,0.6,3,17000,300000,0.3,0.6,100,296.703767415349,304.562725352481,7.85895793713138,24.4812908171554,0.58,637.360124371303,645.219082308435,0.3,0.3,771.898351192474
735,2,0,0.7,3,17000,300000,0.3,0.6,100,302.805471310517,309.395995906344,6.59052459582707,26.0167700719777,0.56,646.945461856498,653.535986452325,0.3,0.3,766.731662988663
736,2,0,0.05,0,20000,300000,0.3,0.6,100,297.530934156555,297.530934156555,0,0,0,644.222993863191,644.222993863191,0.3,0.3,759.237486839295
737,2,0,0.1,0,20000,300000,0.3,0.6,100,298.255666154218,300.686517797517,2.43085164329842,24.1377774249352,0.58,639.358076124348,641.788927767646,0.3,0.3,767.590659141541
738,2,0,0.2,0,20000,300000,0.3,0.6,100,302.223001966834,299.111670654024,-3.11133131280988,25.996347163265,0.4,646.444041639693,643.332710326883,0.3,0.3,767.824762582779
739,2,0,0.3,0,20000,300000,0.3,0.6,100,309.095682356264,313.475016904693,4.37933454842849,19.5513396939498,0.54,656.645617866965,661.024952415394,0.3,0.3,794.835291624069
740,2,0,0.4,0,20000,300000,0.3,0.6,100,311.016656277278,310.483161752508,-0.533494524770499,24.7675316304017,0.47,656.308599110957,655.775104586186,0.3,0.3,772.534903049469
741,2,0,0.5,0,20000,300000,0.3,0.6,100,310.940959691893,313.026214467255,2.08525477536178,25.9665792394077,0.55,655.076599343781,657.161854119143,0.3,0.3,763.941461324692
742,2,0,0.6,0,20000,300000,0.3,0.6,100,303.739052022702,305.70466259453,1.96561057182845,23.920199006211,0.5,653.138208982042,655.103819553871,0.3,0.3,764.390774011612
743,2,0,0.7,0,20000,300000,0.3,0.6,100,297.095081846471,296.484008311515,-0.611073534955685,26.4924646418748,0.5,644.697147972854,644.086074437899,0.3,0.3,777.682162284851
744,2,0,0.05,1,20000,300000,0.3,0.6,100,321.910512349252,321.910512349252,0,0,0,666.556120037821,666.556120037821,0.3,0.3,767.652630567551
745,2,0,0.1,1,20000,300000,0.3,0.6,100,298.350434165,297.119610282556,-1.23082388244436,25.9939756108086,0.52,646.804283748985,645.573459866541,0.3,0.3,764.129856348038
746,2,0,0.2,1,20000,300000,0.3,0.6,100,309.737654873865,309.053822940838,-0.68383193302695,23.7325565109799,0.46,654.45718644884,653.773354515813,0.3,0.3,762.473132133484
747,2,0,0.3,1,20000,300000,0.3,0.6,100,310.924742454204,311.106652920178,0.181910465973465,16.8272899111266,0.46,654.316573693888,654.498484159862,0.3,0.3,760.927289009094
748,2,0,0.4,1,20000,300000,0.3,0.6,100,306.854922613969,310.462552827082,3.60763021311374,20.9503933189918,0.49,651.838049571009,655.445679784123,0.3,0.3,768.37143778801
749,2,0,0.5,1,20000,300000,0.3,0.6,100,312.394166762269,309.4870264195,-2.90714034276878,26.9647752248038,0.46,653.113499028169,650.2063586854,0.3,0.3,786.133297681809
750,2,0,0.6,1,20000,300000,0.3,0.6,100,300.585492723502,303.908701804061,3.32320908055897,25.2412722237411,0.59,643.068957116166,646.392166196725,0.3,0.3,768.051186800003
751,2,0,0.7,1,20000,300000,0.3,0.6,100,307.420949451644,309.624777296706,2.20382784506228,26.7749569561091,0.47,654.771366871395,656.975194716457,0.3,0.3,770.345870256424
752,2,0,0.05,2,20000,300000,0.3,0.6,100,302.704641651187,302.704641651187,0,0,0,646.858088841003,646.858088841003,0.3,0.3,766.177350521088
753,2,0,0.1,2,20000,300000,0.3,0.6,100,297.033593539336,295.823636041011,-1.20995749832505,24.4635272408711,0.49,646.183183652461,644.973226154136,0.3,0.3,761.669781684876
754,2,0,0.2,2,20000,300000,0.3,0.6,100,301.244328698152,304.236783224954,2.99245452680205,25.2580784745785,0.52,647.674983845314,650.667438372116,0.3,0.3,768.400749921799
755,2,0,0.3,2,20000,300000,0.3,0.6,100,296.290889760566,294.88312135473,-1.40776840583568,23.392073415651,0.42,647.566809019957,646.159040614122,0.3,0.3,780.385174036026
756,2,0,0.4,2,20000,300000,0.3,0.6,100,304.756529321502,306.856938780086,2.10040945858372,21.5830675988795,0.52,651.556830819093,653.657240277677,0.3,0.3,774.122841358185
757,2,0,0.5,2,20000,300000,0.3,0.6,100,315.071781971212,312.758566130222,-2.31321584098998,24.1491690754498,0.5,659.641684751229,657.328468910239,0.3,0.3,902.409313201904
758,2,0,0.6,2,20000,300000,0.3,0.6,100,296.591814839515,302.149864833009,5.55804999349409,25.5898114317821,0.59,644.987729443795,650.545779437289,0.3,0.3,771.522974491119
759,2,0,0.7,2,20000,300000,0.3,0.6,100,306.050084452765,307.505264621272,1.45518016850716,25.9107700795916,0.48,648.640876318832,650.096056487339,0.3,0.3,768.745899915695
760,2,0,0.05,3,20000,300000,0.3,0.6,100,299.842542804039,299.842542804039,0,0,0,649.141073382685,649.141073382685,0.3,0.3,767.262120485306
761,2,0,0.1,3,20000,300000,0.3,0.6,100,304.649750219764,300.592721706396,-4.05702851336796,28.1415525016851,0.47,650.977119662042,646.920091148674,0.3,0.3,777.181324481964
762,2,0,0.2,3,20000,300000,0.3,0.6,100,312.727652347844,317.078181816965,4.35052946912118,21.3437173111733,0.54,654.222978652148,658.573508121269,0.3,0.3,763.952841281891
763,2,0,0.3,3,20000,300000,0.3,0.6,100,298.051469903321,299.871252130754,1.81978222743327,18.8127867945786,0.57,650.168022253205,651.987804480638,0.3,0.3,768.736121177673
764,2,0,0.4,3,20000,300000,0.3,0.6,100,299.580067320342,301.107032799397,1.5269654790553,23.1920495836772,0.49,648.520432250386,650.047397729442,0.3,0.3,766.539921522141
765,2,0,0.5,3,20000,300000,0.3,0.6,100,302.155412830495,306.49370271672,4.33828988622486,26.9566148575225,0.55,648.651271692741,652.989561578966,0.3,0.3,771.663854122162
766,2,0,0.6,3,20000,300000,0.3,0.6,100,302.855559712935,308.239577091503,5.38401737856799,24.3958302371031,0.54,647.017710266942,652.40172764551,0.3,0.3,769.978324890137
767,2,0,0.7,3,20000,300000,0.3,0.6,100,300.787199359236,303.853757549814,3.06655819057775,23.7853260465692,0.58,646.777850330651,649.844408521229,0.3,0.3,780.553638458252
768,2,0,0.05,0,3000,500000,0.3,0.6,100,303.18950334197,302.940105911921,-0.249397430048955,27.6575477867144,0.5,645.202515497046,644.953118066997,0.3,0.3,763.436388492584
769,2,0,0.1,0,3000,500000,0.3,0.6,100,294.739458604924,297.502773561446,2.76331495652162,25.229874015621,0.51,647.023874677704,649.787189634226,0.3,0.3,773.672998905182
770,2,0,0.2,0,3000,500000,0.3,0.6,100,304.858513083602,307.289513391795,2.43100030819355,29.5840059926635,0.57,654.770120429081,657.201120737274,0.3,0.3,770.460672140121
771,2,0,0.3,0,3000,500000,0.3,0.6,100,307.815466262221,309.777840068885,1.9623738066644,24.1395730730011,0.56,651.458968575331,653.421342381995,0.3,0.3,899.704835891724
772,2,0,0.4,0,3000,500000,0.3,0.6,100,306.82933705442,308.333604800562,1.50426774614201,24.483006263432,0.53,651.315313509552,652.819581255694,0.3,0.3,762.451298952103
773,2,0,0.5,0,3000,500000,0.3,0.6,100,302.023119762848,302.923751411428,0.90063164858012,27.6450055955674,0.45,653.169478816754,654.070110465334,0.3,0.3,773.955901622772
774,2,0,0.6,0,3000,500000,0.3,0.6,100,306.187087594995,307.256268645283,1.06918105028854,25.5569050503709,0.52,652.552005778816,653.621186829104,0.3,0.3,766.133012294769
775,2,0,0.7,0,3000,500000,0.3,0.6,100,305.978286215725,308.087562147822,2.10927593209748,26.4499130490457,0.51,653.75005666303,655.859332595127,0.3,0.3,768.712265729904
776,2,0,0.05,1,3000,500000,0.3,0.6,100,310.470300668228,311.576225180434,1.10592451220564,22.3178227152948,0.51,656.674744420778,657.780668932984,0.3,0.3,767.37104511261
777,2,0,0.1,1,3000,500000,0.3,0.6,100,305.093657420446,309.9486364448,4.85497902435321,26.4943124289583,0.6,653.493516574961,658.348495599314,0.3,0.3,876.14657998085
778,2,0,0.2,1,3000,500000,0.3,0.6,100,295.186680768604,298.123398625856,2.93671785725186,29.4754276101399,0.53,641.396546642504,644.333264499756,0.3,0.3,775.173534631729
779,2,0,0.3,1,3000,500000,0.3,0.6,100,300.126377394398,301.45618330474,1.3298059103418,26.6303982073826,0.51,642.465393011611,643.795198921953,0.3,0.3,782.606914043427
780,2,0,0.4,1,3000,500000,0.3,0.6,100,310.669325210772,310.040802910049,-0.628522300723316,22.6346940774146,0.49,651.912018044872,651.283495744149,0.3,0.3,764.555808782578
781,2,0,0.5,1,3000,500000,0.3,0.6,100,298.338593688604,303.150069652639,4.81147596403532,22.9647549764305,0.56,644.08528106991,648.896757033945,0.3,0.3,764.499601602554
782,2,0,0.6,1,3000,500000,0.3,0.6,100,322.468530343889,319.771942159241,-2.69658818464858,24.2653744370364,0.43,665.398259433257,662.701671248609,0.3,0.3,766.732278347015
783,2,0,0.7,1,3000,500000,0.3,0.6,100,309.906795099234,314.416329464058,4.5095343648241,25.5987214728482,0.59,654.39034530541,658.899879670234,0.3,0.3,772.430448532105
784,2,0,0.05,2,3000,500000,0.3,0.6,100,316.70352528248,316.350055156297,-0.353470126182933,23.1665385241297,0.44,657.040167601902,656.686697475719,0.3,0.3,762.740539312363
785,2,0,0.1,2,3000,500000,0.3,0.6,100,296.023967863785,302.789106867695,6.76513900390991,22.120157836638,0.6,642.343126644369,649.108265648279,0.3,0.3,780.338468074799
786,2,0,0.2,2,3000,500000,0.3,0.6,100,306.458765693923,310.904546873045,4.44578117912114,28.845703011533,0.56,648.596760729895,653.042541909016,0.3,0.3,770.27206659317
787,2,0,0.3,2,3000,500000,0.3,0.6,100,298.185406407591,301.430914014804,3.24550760721247,26.7541971213132,0.54,643.933137315782,647.178644922994,0.3,0.3,789.258440494537
788,2,0,0.4,2,3000,500000,0.3,0.6,100,308.056075286863,307.847061473252,-0.209013813610391,26.185262564247,0.5,653.637526671754,653.428512858144,0.3,0.3,766.631489038467
789,2,0,0.5,2,3000,500000,0.3,0.6,100,302.101691619539,310.715657309379,8.61396568983991,26.4351346007175,0.6,641.831737959936,650.445703649776,0.3,0.3,775.202746868134
790,2,0,0.6,2,3000,500000,0.3,0.6,100,309.652976597315,314.429991847412,4.77701525009738,27.2696548332857,0.55,658.939847227557,663.716862477654,0.3,0.3,768.966624259949
791,2,0,0.7,2,3000,500000,0.3,0.6,100,304.689440375223,308.304404306083,3.6149639308602,26.964954667614,0.56,656.580023469202,660.194987400063,0.3,0.3,774.174332380295
792,2,0,0.05,3,3000,500000,0.3,0.6,100,310.156846019934,313.596815607244,3.43996958731032,22.1790035484633,0.62,650.593283849559,654.033253436869,0.3,0.3,749.308422088623
793,2,0,0.1,3,3000,500000,0.3,0.6,100,305.735400383925,307.784924395683,2.04952401175853,22.2693890389585,0.55,652.44585789636,654.495381908119,0.3,0.3,763.856335163117
794,2,0,0.2,3,3000,500000,0.3,0.6,100,305.595353029977,308.878367369952,3.28301433997518,22.6679842532179,0.54,647.040337332423,650.323351672398,0.3,0.3,766.50155711174
795,2,0,0.3,3,3000,500000,0.3,0.6,100,301.378381690652,300.671320210575,-0.707061480077036,27.0351376241379,0.47,646.726681049664,646.019619569587,0.3,0.3,781.429002046585
796,2,0,0.4,3,3000,500000,0.3,0.6,100,298.86173486827,300.639110620114,1.7773757518433,26.5307859649163,0.53,643.395791706927,645.17316745877,0.3,0.3,783.619709014893
797,2,0,0.5,3,3000,500000,0.3,0.6,100,297.659250378313,304.851651212405,7.19240083409172,26.744569867426,0.61,647.055586988735,654.247987822827,0.3,0.3,782.016097545624
798,2,0,0.6,3,3000,500000,0.3,0.6,100,302.437845542014,308.413787079177,5.97594153716227,28.1383778914326,0.57,647.414966050895,653.390907588057,0.3,0.3,755.667865514755
799,2,0,0.7,3,3000,500000,0.3,0.6,100,307.597863106818,309.750408531178,2.1525454243604,25.7475664123011,0.47,655.371317675129,657.523863099489,0.3,0.3,756.918746709824
800,2,0,0.05,0,6500,500000,0.3,0.6,100,297.924904357513,300.845478992501,2.92057463498879,22.515928944964,0.58,648.271127459126,651.191702094115,0.3,0.3,757.287030696869
801,2,0,0.1,0,6500,500000,0.3,0.6,100,305.783885842787,307.064959431911,1.28107358912387,25.3615567002683,0.49,653.115273087252,654.396346676376,0.3,0.3,788.297440767288
802,2,0,0.2,0,6500,500000,0.3,0.6,100,300.229245939073,303.256720248252,3.02747430917868,29.5115337372998,0.53,644.443215063467,647.470689372646,0.3,0.3,786.724710464478
803,2,0,0.3,0,6500,500000,0.3,0.6,100,305.889671055149,305.95529174448,0.0656206893306376,24.5919041846586,0.53,652.274163406347,652.339784095677,0.3,0.3,785.678977489472
804,2,0,0.4,0,6500,500000,0.3,0.6,100,308.69577223591,309.78114508538,1.08537284947013,23.2082274283274,0.48,654.016435694846,655.101808544316,0.3,0.3,753.987870693207
805,2,0,0.5,0,6500,500000,0.3,0.6,100,310.95321327048,311.105132220303,0.151918949822768,21.4693909548937,0.47,657.505304099295,657.657223049118,0.3,0.3,759.745935440064
806,2,0,0.6,0,6500,500000,0.3,0.6,100,302.553887891484,308.255328793943,5.7014409024593,24.7250125356531,0.64,652.887742920086,658.589183822546,0.3,0.3,751.285041093826
807,2,0,0.7,0,6500,500000,0.3,0.6,100,292.684814077511,296.172393394741,3.48757931723018,27.9797050236302,0.52,636.674201175968,640.161780493198,0.3,0.3,784.835507869721
808,2,0,0.05,1,6500,500000,0.3,0.6,100,313.016037108179,307.9877623769,-5.02827473127867,26.3350675490911,0.39,657.158157148226,652.129882416947,0.3,0.3,1001.88551616669
809,2,0,0.1,1,6500,500000,0.3,0.6,100,311.50259654115,312.448699806785,0.94610326563479,25.844471361953,0.51,656.86889607432,657.814999339955,0.3,0.3,783.836378574371
810,2,0,0.2,1,6500,500000,0.3,0.6,100,305.701400999396,306.215443192639,0.514042193242822,24.301964361655,0.51,652.546483921571,653.060526114814,0.3,0.3,763.709612607956
811,2,0,0.3,1,6500,500000,0.3,0.6,100,305.181096366794,307.995806548295,2.81471018150079,29.5734550180624,0.45,653.927387482848,656.742097664349,0.3,0.3,761.292079210281
812,2,0,0.4,1,6500,500000,0.3,0.6,100,302.36593146185,307.564073197849,5.19814173599809,24.1845391256431,0.56,646.633656967161,651.831798703159,0.3,0.3,753.826569080353
813,2,0,0.5,1,6500,500000,0.3,0.6,100,300.70506003849,299.390469492595,-1.3145905458947,28.0580438279233,0.47,648.377162678446,647.062572132551,0.3,0.3,864.034591674805
814,2,0,0.6,1,6500,500000,0.3,0.6,100,307.320976911266,309.001055902107,1.68007899084085,23.0291053406365,0.49,653.340148353714,655.020227344555,0.3,0.3,782.141706466675
815,2,0,0.7,1,6500,500000,0.3,0.6,100,298.580962484678,302.645955427594,4.06499294291547,23.6745807451604,0.6,644.513405086361,648.578398029276,0.3,0.3,768.618586063385
816,2,0,0.05,2,6500,500000,0.3,0.6,100,308.739380176119,307.165426951604,-1.57395322451541,23.5034015677858,0.48,654.113870608378,652.539917383862,0.3,0.3,753.057723760605
817,2,0,0.1,2,6500,500000,0.3,0.6,100,301.822803751683,301.988567754663,0.165764002980361,25.4408038873723,0.49,644.935135540701,645.100899543681,0.3,0.3,758.507893562317
818,2,0,0.2,2,6500,500000,0.3,0.6,100,294.878072065743,294.995903008945,0.117830943202734,28.5785221144008,0.43,638.520384428748,638.638215371951,0.3,0.3,756.911853551865
819,2,0,0.3,2,6500,500000,0.3,0.6,100,293.308096824967,298.626386719694,5.31828989472771,23.2941205124416,0.6,643.338251195947,648.656541090674,0.3,0.3,786.390010595322
820,2,0,0.4,2,6500,500000,0.3,0.6,100,306.09424779456,308.073492483548,1.97924468898744,31.8638514882057,0.45,652.634494203044,654.613738892031,0.3,0.3,779.06605887413
821,2,0,0.5,2,6500,500000,0.3,0.6,100,308.107579824646,311.339309438117,3.23172961347098,24.8805134037558,0.5,648.761802265613,651.993531879084,0.3,0.3,760.314573764801
822,2,0,0.6,2,6500,500000,0.3,0.6,100,309.253418929807,312.713694462913,3.46027553310542,25.899230468304,0.56,653.576377939777,657.036653472882,0.3,0.3,756.008459091187
823,2,0,0.7,2,6500,500000,0.3,0.6,100,305.115283798777,311.422222967002,6.30693916822466,24.1599403674949,0.58,647.825390740667,654.132329908892,0.3,0.3,816.350696325302
824,2,0,0.05,3,6500,500000,0.3,0.6,100,295.887955707981,296.963728184641,1.07577247666028,25.5343361720196,0.53,644.392103427017,645.467875903678,0.3,0.3,748.683685779572
825,2,0,0.1,3,6500,500000,0.3,0.6,100,301.434974792148,305.804474447339,4.36949965519066,23.9968559109164,0.59,646.102134813371,650.471634468562,0.3,0.3,785.152054786682
826,2,0,0.2,3,6500,500000,0.3,0.6,100,307.935408266153,312.948936663675,5.01352839752261,24.5532384699985,0.59,652.883546589306,657.897074986829,0.3,0.3,784.952229261398
827,2,0,0.3,3,6500,500000,0.3,0.6,100,304.404350521863,302.641709957839,-1.76264056402438,23.36590571786,0.42,651.445010044613,649.682369480588,0.3,0.3,757.885165929794
828,2,0,0.4,3,6500,500000,0.3,0.6,100,306.085111099031,307.979068839029,1.8939577399982,25.639334333432,0.55,651.799190777688,653.693148517686,0.3,0.3,755.584599018097
829,2,0,0.5,3,6500,500000,0.3,0.6,100,301.842162754337,312.1968839418,10.3547211874632,27.6640019101322,0.71,649.2883807927,659.643101980163,0.3,0.3,756.299875974655
830,2,0,0.6,3,6500,500000,0.3,0.6,100,302.398599667518,304.766037338954,2.36743767143649,23.7875389879839,0.51,650.147643204802,652.515080876238,0.3,0.3,756.19815659523
831,2,0,0.7,3,6500,500000,0.3,0.6,100,298.610371205104,301.069210195347,2.45883899024378,22.9046675865941,0.55,646.205891676924,648.664730667167,0.3,0.3,784.394914388657
832,2,0,0.05,0,10000,500000,0.3,0.6,100,304.564070287871,304.849699556708,0.285629268837106,27.3235689237159,0.44,652.139837788845,652.425467057682,0.3,0.3,789.548303365707
833,2,0,0.1,0,10000,500000,0.3,0.6,100,291.475036602878,292.672735053643,1.19769845076423,22.683919027411,0.49,634.51433214893,635.712030599694,0.3,0.3,771.594878911972
834,2,0,0.2,0,10000,500000,0.3,0.6,100,296.71125282363,298.184276201792,1.47302337816212,21.8066568226138,0.51,642.283753066849,643.756776445012,0.3,0.3,755.948677539826
835,2,0,0.3,0,10000,500000,0.3,0.6,100,311.5717909995,312.756645716974,1.18485471747472,24.8669072574061,0.51,654.498898667667,655.683753385142,0.3,0.3,758.639569759369
836,2,0,0.4,0,10000,500000,0.3,0.6,100,304.151075892517,301.056585952218,-3.09448994029871,26.9776198941766,0.43,648.920993992507,645.826504052208,0.3,0.3,753.554767131806
837,2,0,0.5,0,10000,500000,0.3,0.6,100,300.363091571789,301.220623786148,0.857532214359337,24.9629011975696,0.56,649.213875843275,650.071408057634,0.3,0.3,784.051592588425
838,2,0,0.6,0,10000,500000,0.3,0.6,100,300.298125067571,303.766016417634,3.46789135006374,25.4254093088574,0.49,648.513271712654,651.981163062718,0.3,0.3,780.270512342453
839,2,0,0.7,0,10000,500000,0.3,0.6,100,304.763118787643,312.398741827494,7.63562303985076,24.3426641809858,0.62,649.321846637416,656.957469677267,0.3,0.3,757.150345087051
840,2,0,0.05,1,10000,500000,0.3,0.6,100,291.891288579637,292.258532408508,0.367243828870871,22.926127927765,0.44,641.915533835762,642.282777664633,0.3,0.3,756.276261091232
841,2,0,0.1,1,10000,500000,0.3,0.6,100,294.547305963003,295.94936017745,1.40205421444622,23.5705750293688,0.48,645.75753585437,647.159590068816,0.3,0.3,757.737841844559
842,2,0,0.2,1,10000,500000,0.3,0.6,100,308.532580373652,310.911145959769,2.37856558611686,25.3338610570709,0.54,655.085917157642,657.464482743759,0.3,0.3,756.550151109695
843,2,0,0.3,1,10000,500000,0.3,0.6,100,316.667284838526,318.39882322399,1.73153838546412,26.513910247507,0.57,662.428907171214,664.160445556678,0.3,0.3,844.529593706131
844,2,0,0.4,1,10000,500000,0.3,0.6,100,304.81592797075,306.006068569084,1.19014059833413,26.3477479703271,0.49,650.639609665914,651.829750264248,0.3,0.3,823.78891324997
845,2,0,0.5,1,10000,500000,0.3,0.6,100,316.599967158654,316.720105200057,0.12013804140294,24.4498187482914,0.44,661.040083435827,661.16022147723,0.3,0.3,758.933284521103
846,2,0,0.6,1,10000,500000,0.3,0.6,100,303.070356279781,301.615151622552,-1.45520465722949,27.2784592949697,0.41,647.994819255583,646.539614598353,0.3,0.3,756.317994832993
847,2,0,0.7,1,10000,500000,0.3,0.6,100,299.531894091173,306.611303757984,7.07940966681044,23.8860890484492,0.63,644.169299527255,651.248709194065,0.3,0.3,762.039322853088
848,2,0,0.05,2,10000,500000,0.3,0.6,100,298.220039759467,296.820052954842,-1.3999868046257,23.884961336338,0.47,640.679224190862,639.279237386236,0.3,0.3,748.279574155808
849,2,0,0.1,2,10000,500000,0.3,0.6,100,296.99990422195,300.492375683315,3.49247146136492,24.2144621569786,0.57,641.237025717439,644.729497178804,0.3,0.3,843.979622840881
850,2,0,0.2,2,10000,500000,0.3,0.6,100,305.969842466859,309.677397631007,3.70755516414753,27.0808823425993,0.55,648.589356911314,652.296912075461,0.3,0.3,782.159028053284
851,2,0,0.3,2,10000,500000,0.3,0.6,100,311.846099813842,308.447384241139,-3.39871557270303,24.2973669357362,0.45,650.985196534747,647.586480962044,0.3,0.3,772.245387792587
852,2,0,0.4,2,10000,500000,0.3,0.6,100,303.056580331384,304.650922616381,1.59434228499701,24.701267057739,0.5,646.230624392139,647.824966677136,0.3,0.3,755.307902336121
853,2,0,0.5,2,10000,500000,0.3,0.6,100,312.692314150121,310.270138703786,-2.42217544633463,21.4330180611411,0.47,655.863704753508,653.441529307174,0.3,0.3,814.171854019165
854,2,0,0.6,2,10000,500000,0.3,0.6,100,303.311026099526,309.500669325684,6.18964322615778,23.7935111306576,0.55,651.227214915601,657.416858141759,0.3,0.3,752.394529104233
855,2,0,0.7,2,10000,500000,0.3,0.6,100,310.456598444043,311.470311544313,1.01371310026977,25.4633485752091,0.57,651.729106092788,652.742819193058,0.3,0.3,782.311124563217
856,2,0,0.05,3,10000,500000,0.3,0.6,100,305.702449982351,304.715217565328,-0.987232417023465,23.1701559287979,0.44,649.671551589614,648.684319172591,0.3,0.3,996.175742864609
857,2,0,0.1,3,10000,500000,0.3,0.6,100,304.049023635443,310.336439548295,6.28741591285213,26.3125151745155,0.6,649.977150539259,656.264566452111,0.3,0.3,762.624146938324
858,2,0,0.2,3,10000,500000,0.3,0.6,100,302.647632797275,302.662384442256,0.0147516449805835,25.9413341856985,0.41,651.125437278947,651.140188923927,0.3,0.3,757.818661928177
859,2,0,0.3,3,10000,500000,0.3,0.6,100,304.253405860962,308.11561153054,3.8622056695778,23.5302664066968,0.57,648.371771921791,652.233977591369,0.3,0.3,752.388551473618
860,2,0,0.4,3,10000,500000,0.3,0.6,100,299.864028778825,303.152290672209,3.28826189338329,29.5586486030871,0.53,644.654752572748,647.943014466131,0.3,0.3,749.621213912964
861,2,0,0.5,3,10000,500000,0.3,0.6,100,304.988995410065,307.633080945807,2.64408553574226,25.1403415321831,0.54,651.872113906898,654.51619944264,0.3,0.3,776.37363576889
862,2,0,0.6,3,10000,500000,0.3,0.6,100,312.902711473318,314.661472908016,1.75876143469779,26.0757962397133,0.48,659.15957071588,660.918332150578,0.3,0.3,1014.30217075348
863,2,0,0.7,3,10000,500000,0.3,0.6,100,306.388287184977,308.157348454241,1.76906126926403,26.8385896166032,0.46,650.504436690123,652.273497959387,0.3,0.3,757.116880893707
864,2,0,0.05,0,13500,500000,0.3,0.6,100,297.461646347966,297.924812797222,0.4631664492562,24.9941202258381,0.54,644.387638971499,644.850805420755,0.3,0.3,754.450456380844
865,2,0,0.1,0,13500,500000,0.3,0.6,100,303.643307445762,307.651181188736,4.00787374297405,22.0155279789765,0.52,646.482833203061,650.490706946035,0.3,0.3,752.082098007202
866,2,0,0.2,0,13500,500000,0.3,0.6,100,305.33211479142,310.577435527202,5.2453207357819,21.8402448196056,0.6,650.571272272966,655.816593008747,0.3,0.3,747.767596483231
867,2,0,0.3,0,13500,500000,0.3,0.6,100,304.8680110771,309.051121474123,4.18311039702277,27.2327168919,0.56,649.653923399672,653.837033796695,0.3,0.3,778.988402366638
868,2,0,0.4,0,13500,500000,0.3,0.6,100,308.377381308504,315.463281927967,7.08590061946261,27.4417622450163,0.57,653.947701354163,661.033601973626,0.3,0.3,773.893642425537
869,2,0,0.5,0,13500,500000,0.3,0.6,100,305.049068908189,304.749500075138,-0.299568833051676,27.9550600659049,0.49,650.785802645611,650.486233812559,0.3,0.3,778.946797609329
870,2,0,0.6,0,13500,500000,0.3,0.6,100,307.845742709073,310.696856396341,2.85111368726812,25.931075787256,0.57,657.550324068243,660.401437755512,0.3,0.3,748.225911855698
871,2,0,0.7,0,13500,500000,0.3,0.6,100,304.863633460736,303.062749905174,-1.80088355556253,27.1859632772134,0.45,651.15759955814,649.356716002577,0.3,0.3,747.56089758873
872,2,0,0.05,1,13500,500000,0.3,0.6,100,306.541904719328,308.318587845074,1.77668312574665,23.9801780191897,0.51,652.058140769007,653.834823894754,0.3,0.3,749.903055429459
873,2,0,0.1,1,13500,500000,0.3,0.6,100,312.047137252703,307.881742970098,-4.16539428260458,23.4971340284767,0.37,656.539387517401,652.373993234796,0.3,0.3,860.541154384613
874,2,0,0.2,1,13500,500000,0.3,0.6,100,303.272989768482,306.478480156313,3.20549038783129,22.5365561441744,0.53,649.302724649231,652.508215037063,0.3,0.3,778.19011259079
875,2,0,0.3,1,13500,500000,0.3,0.6,100,316.821193737323,321.205142597735,4.38394886041263,25.872376001115,0.56,660.684027622359,665.067976482772,0.3,0.3,780.632245779038
876,2,0,0.4,1,13500,500000,0.3,0.6,100,296.280672441442,297.116625668401,0.835953226959728,24.9679380065152,0.56,644.669385929512,645.505339156472,0.3,0.3,750.36701965332
877,2,0,0.5,1,13500,500000,0.3,0.6,100,300.167125591721,305.605869870862,5.43874427914064,28.1490437033939,0.57,646.362164628934,651.800908908075,0.3,0.3,748.956469774246
878,2,0,0.6,1,13500,500000,0.3,0.6,100,302.7992640104,307.041446931244,4.24218292084385,23.1923375574504,0.58,647.683932085116,651.92611500596,0.3,0.3,746.380183458328
879,2,0,0.7,1,13500,500000,0.3,0.6,100,303.501680989494,303.383225735062,-0.118455254432145,25.5394149446833,0.51,648.178378532872,648.05992327844,0.3,0.3,776.019131660461
880,2,0,0.05,2,13500,500000,0.3,0.6,100,304.954526836389,303.599085486892,-1.35544134949668,29.0828408651492,0.56,650.171836185638,648.816394836141,0.3,0.3,777.414034605026
881,2,0,0.1,2,13500,500000,0.3,0.6,100,305.9364234937,305.466702117985,-0.469721375714773,23.7680809680363,0.46,652.452878698232,651.983157322517,0.3,0.3,779.709997653961
882,2,0,0.2,2,13500,500000,0.3,0.6,100,295.699268849625,297.971320396332,2.27205154670787,25.4013538661573,0.53,642.883587926863,645.155639473571,0.3,0.3,748.226571559906
883,2,0,0.3,2,13500,500000,0.3,0.6,100,299.344942339602,302.473869026652,3.12892668704996,24.6666856168104,0.55,640.906638145069,644.035564832119,0.3,0.3,749.614519119263
884,2,0,0.4,2,13500,500000,0.3,0.6,100,294.690606830012,301.629838312044,6.93923148203253,26.2840613963368,0.54,640.806458154493,647.745689636525,0.3,0.3,745.459600448608
885,2,0,0.5,2,13500,500000,0.3,0.6,100,308.41212756496,306.918801755005,-1.49332580995506,23.0959515226001,0.45,651.318175520168,649.824849710213,0.3,0.3,776.714526414871
886,2,0,0.6,2,13500,500000,0.3,0.6,100,314.703337759694,317.856056016785,3.15271825709087,26.3592633240701,0.52,659.519323587287,662.672041844377,0.3,0.3,774.402722597122
887,2,0,0.7,2,13500,500000,0.3,0.6,100,296.740095574286,300.874882533568,4.13478695928142,22.3258293109658,0.62,644.185003246024,648.319790205306,0.3,0.3,745.618810176849
888,2,0,0.05,3,13500,500000,0.3,0.6,100,310.335664067472,311.473463103389,1.13779903591655,24.8831001572153,0.5,655.223034535365,656.360833571282,0.3,0.3,750.223445892334
889,2,0,0.1,3,13500,500000,0.3,0.6,100,312.637890685039,314.770634066419,2.13274338137951,27.7113560229014,0.58,661.552548981543,663.685292362923,0.3,0.3,751.124731302261
890,2,0,0.2,3,13500,500000,0.3,0.6,100,305.625582501618,307.13723857083,1.51165606921242,30.7050578742037,0.47,653.092677738072,654.604333807285,0.3,0.3,744.766916275025
891,2,0,0.3,3,13500,500000,0.3,0.6,100,299.823761525036,300.927365878577,1.10360435354141,26.3301046473985,0.51,647.27035950804,648.373963861581,0.3,0.3,779.917680740357
892,2,0,0.4,3,13500,500000,0.3,0.6,100,304.043489637813,305.332897689974,1.2894080521607,25.9063357199722,0.47,648.903456921682,650.192864973843,0.3,0.3,783.574669599533
893,2,0,0.5,3,13500,500000,0.3,0.6,100,302.775852092447,305.986238988325,3.21038689587793,22.8194624063556,0.6,650.472176575446,653.682563471324,0.3,0.3,746.901571512222
894,2,0,0.6,3,13500,500000,0.3,0.6,100,296.534198277576,303.457290543893,6.92309226631772,27.8394440668562,0.62,644.09293503807,651.016027304388,0.3,0.3,750.060878515244
895,2,0,0.7,3,13500,500000,0.3,0.6,100,302.034241381586,307.420102354809,5.38586097322325,26.0039800116265,0.6,646.744355834371,652.130216807594,0.3,0.3,749.340663433075
896,2,0,0.05,0,17000,500000,0.3,0.6,100,298.724970357769,303.156016634854,4.43104627708464,26.7175136880736,0.54,637.688425554204,642.119471831289,0.3,0.3,745.963036775589
897,2,0,0.1,0,17000,500000,0.3,0.6,100,304.412592349384,306.939389645977,2.52679729659269,23.4474209821743,0.52,652.665185073782,655.191982370374,0.3,0.3,778.270039319992
898,2,0,0.2,0,17000,500000,0.3,0.6,100,300.381732838572,304.242937225595,3.86120438702282,26.3790735998246,0.54,648.419125035863,652.280329422885,0.3,0.3,777.008173942566
899,2,0,0.3,0,17000,500000,0.3,0.6,100,315.760809159688,310.301340506495,-5.45946865319261,23.9676607179888,0.42,662.969209608756,657.509740955564,0.3,0.3,750.893090963364
900,2,0,0.4,0,17000,500000,0.3,0.6,100,312.384122432078,315.125154488013,2.74103205593539,29.343004138283,0.55,655.317713022379,658.058745078314,0.3,0.3,749.214227676392
901,2,0,0.5,0,17000,500000,0.3,0.6,100,302.051923600589,305.757101001361,3.70517740077168,26.1753593617987,0.55,650.497787963872,654.202965364643,0.3,0.3,746.963102579117
902,2,0,0.6,0,17000,500000,0.3,0.6,100,302.988686348943,302.926414559208,-0.0622717897351504,24.4345192200681,0.49,648.774210943466,648.711939153731,0.3,0.3,744.263856887817
903,2,0,0.7,0,17000,500000,0.3,0.6,100,306.922779732107,307.013659792202,0.0908800600947097,28.1353806596217,0.5,654.711235426825,654.80211548692,0.3,0.3,779.631733417511
904,2,0,0.05,1,17000,500000,0.3,0.6,100,314.66279947288,314.755451238129,0.0926517652488064,23.418172478586,0.47,656.990744049439,657.083395814688,0.3,0.3,785.089759588242
905,2,0,0.1,1,17000,500000,0.3,0.6,100,309.985624455773,310.501864928843,0.516240473069561,25.7547023159698,0.49,651.725423602823,652.241664075893,0.3,0.3,749.240034818649
906,2,0,0.2,1,17000,500000,0.3,0.6,100,309.231145023493,313.237293198404,4.00614817491138,26.0294140907403,0.54,653.610994880429,657.61714305534,0.3,0.3,747.942495346069
907,2,0,0.3,1,17000,500000,0.3,0.6,100,297.389593154852,299.140913338477,1.75132018362475,30.3199235696468,0.52,643.983045421515,645.73436560514,0.3,0.3,752.799364805222
908,2,0,0.4,1,17000,500000,0.3,0.6,100,302.791892803593,307.30189904714,4.51000624354655,29.7338916353984,0.52,645.20800276217,649.718009005716,0.3,0.3,751.809544324875
909,2,0,0.5,1,17000,500000,0.3,0.6,100,304.753044506241,305.773445109625,1.0204006033835,26.7583060211243,0.54,647.199100844934,648.219501448318,0.3,0.3,777.066332101822
910,2,0,0.6,1,17000,500000,0.3,0.6,100,313.678219689829,316.279222711639,2.60100302181058,23.030574596622,0.51,655.305661218394,657.906664240205,0.3,0.3,883.043537139893
911,2,0,0.7,1,17000,500000,0.3,0.6,100,300.729629530021,306.147249084372,5.41761955435122,26.4913321173314,0.54,644.55691172343,649.974531277781,0.3,0.3,752.896257638931
912,2,0,0.05,2,17000,500000,0.3,0.6,100,318.064793115334,318.400077429594,0.335284314260202,28.5039678651407,0.47,662.703149842973,663.038434157233,0.3,0.3,749.639563083649
913,2,0,0.1,2,17000,500000,0.3,0.6,100,307.17891249961,305.197552093908,-1.98136040570191,23.5955333238561,0.42,653.07805149086,651.096691085159,0.3,0.3,753.1156873703
914,2,0,0.2,2,17000,500000,0.3,0.6,100,319.347480361379,316.2111941911,-3.13628617027867,22.2775698152617,0.44,663.041883943864,659.905597773585,0.3,0.3,745.558029174805
915,2,0,0.3,2,17000,500000,0.3,0.6,100,305.587676739225,309.9689707706,4.38129403137406,23.0372901945628,0.55,650.423168317069,654.804462348443,0.3,0.3,764.616666078568
916,2,0,0.4,2,17000,500000,0.3,0.6,100,304.24853534521,305.918004317497,1.66946897228785,27.463770662577,0.48,653.092044882868,654.761513855156,0.3,0.3,782.371528863907
917,2,0,0.5,2,17000,500000,0.3,0.6,100,294.855849108067,298.986924657395,4.13107554932714,24.9475302440192,0.56,643.067686070437,647.198761619764,0.3,0.3,752.528586149216
918,2,0,0.6,2,17000,500000,0.3,0.6,100,317.529613311772,315.340944480902,-2.18866883087033,25.8530246464927,0.47,662.540388382672,660.351719551802,0.3,0.3,746.309904575348
919,2,0,0.7,2,17000,500000,0.3,0.6,100,302.948188705291,304.293548732809,1.34536002751762,27.025361967194,0.58,649.647567220501,650.992927248019,0.3,0.3,744.087744474411
920,2,0,0.05,3,17000,500000,0.3,0.6,100,304.59137832088,306.381620094579,1.79024177369933,28.9719716352791,0.46,649.837592601389,651.627834375088,0.3,0.3,746.875020503998
921,2,0,0.1,3,17000,500000,0.3,0.6,100,302.495316922112,305.256793421138,2.76147649902562,28.014966291768,0.48,646.421367811271,649.182844310297,0.3,0.3,842.348783254623
922,2,0,0.2,3,17000,500000,0.3,0.6,100,308.951997429455,308.004719936266,-0.947277493188697,28.2237331893904,0.49,655.272655512533,654.325378019344,0.3,0.3,771.61606669426
923,2,0,0.3,3,17000,500000,0.3,0.6,100,306.633377712286,312.358633870539,5.72525615825323,25.0959720731468,0.59,652.027248625063,657.752504783316,0.3,0.3,750.027608394623
924,2,0,0.4,3,17000,500000,0.3,0.6,100,307.791667529129,310.076868814139,2.28520128501052,23.3721607422199,0.57,649.71021984984,651.995421134851,0.3,0.3,749.188696146011
925,2,0,0.5,3,17000,500000,0.3,0.6,100,311.705041825127,317.234387610876,5.52934578574823,27.1253476219591,0.59,652.925744926708,658.455090712456,0.3,0.3,743.511540651321
926,2,0,0.6,3,17000,500000,0.3,0.6,100,291.90078910543,300.312821113188,8.4120320077586,24.910013871591,0.64,641.203496557347,649.615528565105,0.3,0.3,745.83385515213
927,2,0,0.7,3,17000,500000,0.3,0.6,100,309.692198288787,310.799153105482,1.10695481669569,27.201445925994,0.52,653.261587009471,654.368541826167,0.3,0.3,754.081337690353
928,2,0,0.05,0,20000,500000,0.3,0.6,100,314.753841146174,314.925328329578,0.171487183403726,24.8423669814022,0.51,658.048132647781,658.219619831185,0.3,0.3,772.084229707718
929,2,0,0.1,0,20000,500000,0.3,0.6,100,313.885305952222,313.790465880894,-0.0948400713282172,22.997921518849,0.52,658.938668253337,658.843828182009,0.3,0.3,747.256639242172
930,2,0,0.2,0,20000,500000,0.3,0.6,100,295.766690838285,301.64282462764,5.87613378935588,23.2592684669534,0.61,642.310061792549,648.186195581905,0.3,0.3,748.878493785858
931,2,0,0.3,0,20000,500000,0.3,0.6,100,298.819117431013,301.996822337882,3.17770490686934,29.1114568043474,0.55,645.338025462678,648.515730369547,0.3,0.3,743.172735452652
932,2,0,0.4,0,20000,500000,0.3,0.6,100,308.917512790546,304.954815303226,-3.96269748731947,26.3183279082675,0.43,663.019336107431,659.056638620112,0.3,0.3,744.76059293747
933,2,0,0.5,0,20000,500000,0.3,0.6,100,308.264435203289,313.777299071824,5.51286386853491,23.9082219073558,0.56,658.097721328645,663.61058519718,0.3,0.3,752.478971242905
934,2,0,0.6,0,20000,500000,0.3,0.6,100,308.494824745359,308.135255405858,-0.359569339500736,25.4696457098609,0.55,654.673084957165,654.313515617664,0.3,0.3,767.54978966713
935,2,0,0.7,0,20000,500000,0.3,0.6,100,305.811702333434,310.137917802628,4.32621546919387,25.7536009201312,0.58,650.70545494366,655.031670412854,0.3,0.3,750.35839176178
936,2,0,0.05,1,20000,500000,0.3,0.6,100,302.299182846054,304.619415086456,2.320232240402,24.4278354755696,0.5,648.612198830486,650.932431070888,0.3,0.3,742.855244398117
937,2,0,0.1,1,20000,500000,0.3,0.6,100,308.499352616386,310.823521972002,2.32416935561635,25.4458472266189,0.52,647.126273288056,649.450442643673,0.3,0.3,741.173473596573
938,2,0,0.2,1,20000,500000,0.3,0.6,100,302.03467813885,305.188396964815,3.15371882596507,26.9873350004875,0.52,644.491653931177,647.645372757143,0.3,0.3,740.051256895065
939,2,0,0.3,1,20000,500000,0.3,0.6,100,305.151701149632,310.643427574001,5.49172642436877,23.2490165449381,0.57,648.782050510126,654.273776934495,0.3,0.3,747.478856801987
940,2,0,0.4,1,20000,500000,0.3,0.6,100,308.829519852102,309.360743838819,0.531223986716727,25.6431091306341,0.46,651.680195873152,652.211419859869,0.3,0.3,744.753427028656
941,2,0,0.5,1,20000,500000,0.3,0.6,100,310.968526567065,315.987577362648,5.0190507955838,22.6205182864317,0.56,655.48066537033,660.499716165914,0.3,0.3,741.963836193085
942,2,0,0.6,1,20000,500000,0.3,0.6,100,306.624508633223,309.251549163108,2.62704052988415,23.9560613086374,0.53,649.283066515659,651.910107045543,0.3,0.3,739.536658525467
943,2,0,0.7,1,20000,500000,0.3,0.6,100,305.507801853976,306.940254654481,1.4324528005045,25.1757970982127,0.52,649.223434347197,650.655887147702,0.3,0.3,741.753947019577
944,2,0,0.05,2,20000,500000,0.3,0.6,100,303.521219908377,306.25345979132,2.73223988294322,27.7849588099063,0.51,643.146799249467,645.879039132411,0.3,0.3,739.829429149628
945,2,0,0.1,2,20000,500000,0.3,0.6,100,304.466465329078,306.38736162544,1.9208962963628,26.8579063397912,0.54,650.720085633158,652.640981929521,0.3,0.3,743.591428279877
946,2,0,0.2,2,20000,500000,0.3,0.6,100,307.500181677123,308.518263348495,1.01808167137156,28.6221791737864,0.48,653.81013469701,654.828216368381,0.3,0.3,744.589528799057
947,2,0,0.3,2,20000,500000,0.3,0.6,100,295.502566476604,298.719497100956,3.21693062435188,25.6498394173841,0.52,641.833808031351,645.050738655703,0.3,0.3,738.676117181778
948,2,0,0.4,2,20000,500000,0.3,0.6,100,307.469166964345,304.927646896208,-2.54152006813673,23.4171824976236,0.39,654.308316530615,651.766796462479,0.3,0.3,743.220508337021
949,2,0,0.5,2,20000,500000,0.3,0.6,100,293.626461746456,297.866773835542,4.24031208908616,22.116376934341,0.57,643.411347718345,647.651659807431,0.3,0.3,741.549534082413
950,2,0,0.6,2,20000,500000,0.3,0.6,100,305.715766024416,307.995059390846,2.27929336643032,22.8887384408065,0.51,651.709399546165,653.988692912595,0.3,0.3,739.312479972839
951,2,0,0.7,2,20000,500000,0.3,0.6,100,311.798226508513,313.974537924393,2.17631141588014,21.7839879731317,0.57,657.727626401016,659.903937816895,0.3,0.3,740.259793519974
952,2,0,0.05,3,20000,500000,0.3,0.6,100,306.284774658781,304.666771884467,-1.6180027743147,26.3587749067256,0.46,650.968234297891,649.350231523577,0.3,0.3,743.327435493469
953,2,0,0.1,3,20000,500000,0.3,0.6,100,306.191483335891,305.364626990393,-0.82685634549812,25.7927412380941,0.48,647.561577921265,646.734721575767,0.3,0.3,743.999601840973
954,2,0,0.2,3,20000,500000,0.3,0.6,100,310.242419153043,309.913249997888,-0.329169155154577,24.6705038354481,0.5,657.087672200238,656.758503045083,0.3,0.3,744.89920258522
955,2,0,0.3,3,20000,500000,0.3,0.6,100,299.165770804784,303.051033250971,3.8852624461873,24.9552970879716,0.56,643.244767769836,647.130030216024,0.3,0.3,743.109199047089
956,2,0,0.4,3,20000,500000,0.3,0.6,100,319.919286911681,320.824301797497,0.905014885816388,21.9126734880279,0.48,659.973442319975,660.878457205792,0.3,0.3,736.546569108963
957,2,0,0.5,3,20000,500000,0.3,0.6,100,297.863522899528,301.470055158909,3.60653225938041,23.9455178807034,0.59,644.991683975802,648.598216235182,0.3,0.3,743.361933231354
958,2,0,0.6,3,20000,500000,0.3,0.6,100,305.107693494177,302.22475296506,-2.88294052911654,28.8663525982666,0.48,648.262353906217,645.3794133771,0.3,0.3,743.814957857132
959,2,0,0.7,3,20000,500000,0.3,0.6,100,306.296374125325,309.007135289705,2.71076116438034,26.1604408033865,0.54,652.604984169382,655.315745333763,0.3,0.3,736.522423744202
