cell_id,model_version,error_reduction,cost_reduction,cycle_compression,tool_fixed_cost,total_budget,n_reps,mean_dg_trad,mean_dg_tool,mean_dg_diff,sd_dg_diff,p_tool_gt_trad,mean_dg_vs_base_trad,mean_dg_vs_base_tool,h2_plot_trad,h2_plot_tool,elapsed_s
0,2,0.1,0.3,0,3000,100000,100,300.149373364719,303.218830653755,3.0694572890355,26.0801787079928,0.5,644.691557817602,647.761015106637,0.3,0.32258064516129,750.406779527664
1,2,0.2,0.3,0,3000,100000,100,306.906645527039,313.321752784112,6.41510725707269,28.0524581656178,0.58,650.335825697423,656.750932954495,0.3,0.348837209302326,771.829689741135
2,2,0.3,0.3,0,3000,100000,100,285.250897054442,302.425790045941,17.1748929914989,35.9150717149616,0.67,633.382533027748,650.557426019246,0.3,0.379746835443038,763.251536607742
3,2,0.4,0.3,0,3000,100000,100,284.064911265759,301.395025588881,17.3301143231218,30.4981701851428,0.74,633.945392193933,651.275506517055,0.3,0.416666666666667,820.609895944595
4,2,0.5,0.3,0,3000,100000,100,293.143221843435,310.663874897945,17.5206530545106,29.2232474273762,0.7,638.619082376837,656.139735431347,0.3,0.461538461538462,821.068722248077
5,2,0.1,0.4,0,3000,100000,100,282.816575121863,295.382995912354,12.5664207904902,27.0781152343928,0.64,629.164537471768,641.730958262258,0.3,0.32258064516129,746.689594507217
6,2,0.2,0.4,0,3000,100000,100,291.95083827848,307.529278337665,15.5784400591848,27.5477278643969,0.71,637.75985904279,653.338299101975,0.3,0.348837209302326,728.913630723953
7,2,0.3,0.4,0,3000,100000,100,291.15832465388,306.771993836325,15.6136691824446,28.5404102750514,0.72,634.337006299974,649.950675482419,0.3,0.379746835443038,738.649687051773
8,2,0.4,0.4,0,3000,100000,100,301.412122267552,317.65716070968,16.2450384421276,29.2048976554061,0.7,645.743722623613,661.988761065741,0.3,0.416666666666667,732.86150932312
9,2,0.5,0.4,0,3000,100000,100,295.30470604517,317.115111421543,21.8104053763725,24.935061709325,0.82,640.72071035253,662.531115728902,0.3,0.461538461538462,765.704142808914
10,2,0.1,0.5,0,3000,100000,100,290.667545218684,299.203098847731,8.53555362904728,26.6222394895432,0.63,637.725768322287,646.261321951335,0.3,0.32258064516129,757.504371643066
11,2,0.2,0.5,0,3000,100000,100,294.969894885032,304.167899494314,9.19800460928247,27.5632206666065,0.63,645.370890392083,654.568895001365,0.3,0.348837209302326,805.257241249085
12,2,0.3,0.5,0,3000,100000,100,299.169579250102,312.678339307325,13.5087600572228,26.9061798062756,0.69,645.08220572501,658.590965782233,0.3,0.379746835443038,739.841987371445
13,2,0.4,0.5,0,3000,100000,100,291.041066192439,308.72932293996,17.6882567475202,29.4976383415804,0.73,638.122383875952,655.810640623472,0.3,0.416666666666667,738.772798061371
14,2,0.5,0.5,0,3000,100000,100,303.045899659744,319.644345823805,16.598446164061,29.2497405326715,0.71,645.150915707068,661.749361871129,0.3,0.461538461538462,748.477590799332
15,2,0.1,0.6,0,3000,100000,100,280.684827297613,295.689389589078,15.004562291465,38.5118731054102,0.6,626.542107824801,641.546670116266,0.3,0.32258064516129,781.599256277084
16,2,0.2,0.6,0,3000,100000,100,295.512426506187,309.365257401513,13.8528308953259,26.5998188326028,0.67,640.500279738465,654.353110633791,0.3,0.348837209302326,751.734050035477
17,2,0.3,0.6,0,3000,100000,100,296.448295579713,308.051111438947,11.6028158592343,29.4847200168736,0.68,644.314476569304,655.917292428538,0.3,0.379746835443038,770.674263238907
18,2,0.4,0.6,0,3000,100000,100,296.660149075046,314.0583736747,17.3982245996539,30.9339589209028,0.69,643.848463567088,661.246688166742,0.3,0.416666666666667,761.529651880264
19,2,0.5,0.6,0,3000,100000,100,290.627274572901,315.639862734996,25.0125881620953,32.9647000700535,0.77,635.247624807225,660.26021296932,0.3,0.461538461538462,821.985283374786
20,2,0.1,0.7,0,3000,100000,100,304.495990135857,315.128285457341,10.6322953214842,29.9985605543668,0.63,647.701583423685,658.333878745169,0.3,0.32258064516129,823.206127405167
21,2,0.2,0.7,0,3000,100000,100,290.081761339955,307.692143687764,17.6103823478088,29.3855424861371,0.75,636.412540934927,654.022923282735,0.3,0.348837209302326,747.241117238998
22,2,0.3,0.7,0,3000,100000,100,298.163421381143,316.683588267995,18.5201668868515,27.0343812951787,0.8,642.845876459696,661.366043346547,0.3,0.379746835443038,735.448704004288
23,2,0.4,0.7,0,3000,100000,100,294.744988703715,316.547973538777,21.8029848350626,27.5635887873427,0.76,641.873815951355,663.676800786418,0.3,0.416666666666667,739.654110908508
24,2,0.5,0.7,0,3000,100000,100,294.331000527119,314.248576760752,19.9175762336328,25.6214438492935,0.76,641.944936199242,661.862512432875,0.3,0.461538461538462,738.437907218933
25,2,0.1,0.3,1,3000,100000,100,293.848727114676,302.828020590851,8.97929347617541,28.6053137992136,0.63,637.54660137503,646.525894851206,0.3,0.32258064516129,735.188386917114
26,2,0.2,0.3,1,3000,100000,100,295.384261996983,301.9718366435,6.58757464651793,28.1421115920877,0.57,636.840572258848,643.428146905366,0.3,0.348837209302326,762.056493520737
27,2,0.3,0.3,1,3000,100000,100,299.159883156766,310.222794980878,11.0629118241121,28.4218035539189,0.62,641.651859448169,652.714771272281,0.3,0.379746835443038,806.428727149963
28,2,0.4,0.3,1,3000,100000,100,291.314040508094,308.328526325664,17.0144858175702,23.2422623119801,0.72,639.054846796733,656.069332614303,0.3,0.416666666666667,740.742733716965
29,2,0.5,0.3,1,3000,100000,100,291.906727883844,313.932999175562,22.0262712917182,28.8907832475734,0.8,642.452337770459,664.478609062178,0.3,0.461538461538462,761.431005477905
30,2,0.1,0.4,1,3000,100000,100,290.935164882934,296.325307738858,5.39014285592442,23.7094281546868,0.57,637.38003443028,642.770177286205,0.3,0.32258064516129,747.395223617554
31,2,0.2,0.4,1,3000,100000,100,287.262183870168,299.04310980438,11.7809259342124,28.6474575350361,0.66,636.149155154115,647.930081088327,0.3,0.348837209302326,747.922328472138
32,2,0.3,0.4,1,3000,100000,100,289.693719428329,299.923850125385,10.2301306970551,27.1964288865973,0.59,642.437477603482,652.667608300537,0.3,0.379746835443038,750.744116067886
33,2,0.4,0.4,1,3000,100000,100,293.353461497885,307.52144157595,14.1679800780647,29.7449603254752,0.67,638.169537471568,652.337517549633,0.3,0.416666666666667,787.294934272766
34,2,0.5,0.4,1,3000,100000,100,287.437607783186,309.704859317573,22.2672515343875,29.6413688120093,0.77,635.343245639614,657.610497174001,0.3,0.461538461538462,755.238596916199
35,2,0.1,0.5,1,3000,100000,100,287.864205247494,296.184996589653,8.32079134215981,26.8851555477119,0.59,637.98788940295,646.308680745109,0.3,0.32258064516129,823.120497703552
36,2,0.2,0.5,1,3000,100000,100,289.064219448834,302.864964290105,13.8007448412705,25.5829087494933,0.69,633.312466163554,647.113211004824,0.3,0.348837209302326,820.551764011383
37,2,0.3,0.5,1,3000,100000,100,285.346499042239,304.41746555468,19.0709665124409,31.363038604389,0.74,632.434221080154,651.505187592595,0.3,0.379746835443038,746.223046302796
38,2,0.4,0.5,1,3000,100000,100,301.998451019758,325.112744352646,23.1142933328872,34.6761284713899,0.77,643.476427874103,666.59072120699,0.3,0.416666666666667,736.68568444252
39,2,0.5,0.5,1,3000,100000,100,292.278044743374,310.114197431731,17.8361526883563,30.6468536528581,0.7,635.116513009589,652.952665697945,0.3,0.461538461538462,796.614259243012
40,2,0.1,0.6,1,3000,100000,100,296.609790415483,310.579652163417,13.9698617479335,28.1235833984338,0.63,639.887709331671,653.857571079605,0.3,0.32258064516129,744.243225097656
41,2,0.2,0.6,1,3000,100000,100,292.771678760949,308.954764194773,16.1830854338231,33.6696761681298,0.72,636.026168101762,652.209253535585,0.3,0.348837209302326,769.105827093125
42,2,0.3,0.6,1,3000,100000,100,296.070722199071,311.288558337054,15.2178361379823,27.9932520325207,0.75,648.742708057888,663.96054419587,0.3,0.379746835443038,760.064043998718
43,2,0.4,0.6,1,3000,100000,100,290.207840459381,311.451921437847,21.2440809784668,35.676704521091,0.69,630.30687209609,651.550953074557,0.3,0.416666666666667,803.912009000778
44,2,0.5,0.6,1,3000,100000,100,296.52594750409,316.572831289428,20.0468837853381,25.8907375469106,0.79,639.804647141029,659.851530926367,0.3,0.461538461538462,740.882921695709
45,2,0.1,0.7,1,3000,100000,100,278.402915831404,299.277251056103,20.8743352246984,33.7731389065708,0.72,625.466800975436,646.341136200135,0.3,0.32258064516129,740.086752176285
46,2,0.2,0.7,1,3000,100000,100,294.445550482079,307.331330853965,12.885780371886,26.8086162981796,0.65,642.095262733813,654.981043105699,0.3,0.348837209302326,747.679068565369
47,2,0.3,0.7,1,3000,100000,100,297.328792894391,310.260490138365,12.9316972439742,28.1209067435543,0.62,642.56572189677,655.497419140744,0.3,0.379746835443038,750.250628709793
48,2,0.4,0.7,1,3000,100000,100,299.068166922269,320.01444553925,20.9462786169815,30.4503745473934,0.76,642.61254914067,663.558827757652,0.3,0.416666666666667,749.720272779465
49,2,0.5,0.7,1,3000,100000,100,302.056962108419,324.158806492167,22.1018443837475,26.5514184729049,0.78,650.610136378908,672.711980762656,0.3,0.461538461538462,767.34234213829
50,2,0.1,0.3,2,3000,100000,100,289.396150047294,300.783887905511,11.3877378582172,26.2917865767926,0.58,632.822301987361,644.210039845578,0.3,0.32258064516129,754.881305932999
51,2,0.2,0.3,2,3000,100000,100,288.483408116402,301.291025878589,12.8076177621869,27.3551642413668,0.63,632.981376140375,645.788993902562,0.3,0.348837209302326,823.126130580902
52,2,0.3,0.3,2,3000,100000,100,300.007673562714,311.684644815764,11.6769712530498,29.5213563428768,0.63,648.437504845124,660.114476098173,0.3,0.379746835443038,824.344021081924
53,2,0.4,0.3,2,3000,100000,100,286.085005489604,299.261395036503,13.176389546899,26.594252800111,0.68,637.219055378309,650.395444925208,0.3,0.416666666666667,743.371684074402
54,2,0.5,0.3,2,3000,100000,100,282.518081155522,303.162701873495,20.644620717973,22.5396703976627,0.8,632.902311439629,653.546932157602,0.3,0.461538461538462,737.986190795898
55,2,0.1,0.4,2,3000,100000,100,290.802623927315,299.34801008161,8.54538615429457,25.6627284012268,0.64,637.495079806456,646.040465960751,0.3,0.32258064516129,788.299499034882
56,2,0.2,0.4,2,3000,100000,100,301.455580040508,311.235115230571,9.77953519006298,27.7314630942905,0.68,644.42309046569,654.202625655753,0.3,0.348837209302326,741.074078559876
57,2,0.3,0.4,2,3000,100000,100,285.478036691564,304.106695439589,18.6286587480257,29.3686006688577,0.7,627.720291401204,646.348950149229,0.3,0.379746835443038,799.192836523056
58,2,0.4,0.4,2,3000,100000,100,288.510289531239,304.136907941252,15.626618410013,26.1321399779805,0.71,634.027578194893,649.654196604906,0.3,0.416666666666667,761.112110614777
59,2,0.5,0.4,2,3000,100000,100,294.196301280336,316.924276145725,22.7279748653897,29.5440987698463,0.77,639.998446995211,662.726421860601,0.3,0.461538461538462,807.231939554215
60,2,0.1,0.5,2,3000,100000,100,294.960049261634,306.648253280335,11.688204018701,25.5312213755953,0.72,641.856682468532,653.544886487233,0.3,0.32258064516129,739.387534379959
61,2,0.2,0.5,2,3000,100000,100,290.351852563411,304.565253015948,14.2134004525369,31.8117721855916,0.67,636.214343627351,650.427744079888,0.3,0.348837209302326,740.249318599701
62,2,0.3,0.5,2,3000,100000,100,285.591859706224,300.728571863423,15.136712157199,30.062910524104,0.7,629.897797706572,645.034509863771,0.3,0.379746835443038,750.849336385727
63,2,0.4,0.5,2,3000,100000,100,284.883104093942,300.882261068965,15.999156975023,29.9309469272851,0.69,633.588409878712,649.587566853735,0.3,0.416666666666667,760.670161247253
64,2,0.5,0.5,2,3000,100000,100,282.794491361506,304.065844001301,21.2713526397951,30.2739242933628,0.78,629.251607472918,650.522960112713,0.3,0.461538461538462,752.041645288468
65,2,0.1,0.6,2,3000,100000,100,289.171033148196,306.67130540543,17.5002722572339,30.9537333489104,0.66,635.970408011258,653.470680268492,0.3,0.32258064516129,766.532263755798
66,2,0.2,0.6,2,3000,100000,100,288.567485189437,301.482951349514,12.915466160077,32.1042786533576,0.61,634.290717117036,647.206183277113,0.3,0.348837209302326,752.377470493317
67,2,0.3,0.6,2,3000,100000,100,287.829845907795,299.970438658246,12.1405927504504,25.7178607043314,0.71,638.244257556611,650.384850307061,0.3,0.379746835443038,824.299909353256
68,2,0.4,0.6,2,3000,100000,100,300.686750636101,317.74888364289,17.0621330067884,30.5714432532689,0.73,645.716089034318,662.778222041107,0.3,0.416666666666667,822.087642192841
69,2,0.5,0.6,2,3000,100000,100,286.621097190253,305.310230460501,18.6891332702483,27.4603940282865,0.7,632.693305595724,651.382438865973,0.3,0.461538461538462,756.69398021698
70,2,0.1,0.7,2,3000,100000,100,304.577942809556,320.064364594522,15.4864217849663,27.3411129989964,0.73,649.427328466354,664.913750251321,0.3,0.32258064516129,733.970437765122
71,2,0.2,0.7,2,3000,100000,100,291.55802976908,308.989761873066,17.4317321039856,29.5798516503456,0.75,633.30496493442,650.736697038406,0.3,0.348837209302326,740.952747583389
72,2,0.3,0.7,2,3000,100000,100,290.78158740798,310.975392786673,20.1938053786933,26.9719353150988,0.74,637.844337596722,658.038142975415,0.3,0.379746835443038,743.350107431412
73,2,0.4,0.7,2,3000,100000,100,288.066115893797,307.08530862834,19.019192734543,26.1686469191684,0.78,638.457539704438,657.476732438981,0.3,0.416666666666667,774.445397615433
74,2,0.5,0.7,2,3000,100000,100,294.570920277296,314.097722348227,19.5268020709313,28.2685800326211,0.73,644.959014688949,664.48581675988,0.3,0.461538461538462,777.094422101975
75,2,0.1,0.3,3,3000,100000,100,293.021880859646,299.052010284061,6.03012942441479,28.3746886880552,0.63,637.654288137631,643.684417562046,0.3,0.32258064516129,746.713914394379
76,2,0.2,0.3,3,3000,100000,100,283.833032462775,298.555867420083,14.7228349573079,29.2417220728927,0.63,631.857683334416,646.580518291724,0.3,0.348837209302326,740.82412314415
77,2,0.3,0.3,3,3000,100000,100,290.477265857608,305.505023667348,15.0277578097402,26.2825279432896,0.68,634.804750988877,649.832508798617,0.3,0.379746835443038,766.074797391892
78,2,0.4,0.3,3,3000,100000,100,300.904868762247,310.61002238088,9.70515361863257,26.8288562683582,0.67,647.60916249465,657.314316113283,0.3,0.416666666666667,747.911306142807
79,2,0.5,0.3,3,3000,100000,100,300.720785454983,317.037359335373,16.3165738803908,26.7540330386283,0.68,648.017167801292,664.333741681683,0.3,0.461538461538462,783.491928339005
80,2,0.1,0.4,3,3000,100000,100,295.053905022784,303.122095288695,8.06819026591119,26.6196590092979,0.63,645.280710841099,653.34890110701,0.3,0.32258064516129,747.937984466553
81,2,0.2,0.4,3,3000,100000,100,291.377359590718,301.627767368181,10.2504077774634,28.7595299573168,0.59,635.487834838372,645.738242615835,0.3,0.348837209302326,787.863102912903
82,2,0.3,0.4,3,3000,100000,100,289.794573718689,303.449766546323,13.6551928276338,23.502796833209,0.71,637.982503478373,651.637696306006,0.3,0.379746835443038,767.690196275711
83,2,0.4,0.4,3,3000,100000,100,298.442498934769,316.167624846415,17.7251259116454,26.7427074598759,0.71,643.766740660445,661.49186657209,0.3,0.416666666666667,818.833650112152
84,2,0.5,0.4,3,3000,100000,100,286.532256646868,305.412175949932,18.8799193030647,27.4171249796748,0.83,631.303375137673,650.183294440738,0.3,0.461538461538462,821.845390796661
85,2,0.1,0.5,3,3000,100000,100,282.363660766974,298.31238896757,15.9487282005964,26.8542764671985,0.68,630.112810578341,646.061538778938,0.3,0.32258064516129,742.409664154053
86,2,0.2,0.5,3,3000,100000,100,296.367687955619,307.389175157068,11.0214872014499,30.7504510588865,0.56,646.698187514998,657.719674716448,0.3,0.348837209302326,735.906404972076
87,2,0.3,0.5,3,3000,100000,100,298.580642316541,312.524805201293,13.9441628847511,31.9466140092058,0.66,644.981272191703,658.925435076454,0.3,0.379746835443038,738.088630199432
88,2,0.4,0.5,3,3000,100000,100,293.294714155842,307.897244290689,14.6025301348469,24.3525728661108,0.72,639.060625132553,653.6631552674,0.3,0.416666666666667,756.933367013931
89,2,0.5,0.5,3,3000,100000,100,294.155068454242,313.703995087188,19.5489266329461,26.6327546332625,0.77,641.693859676881,661.242786309828,0.3,0.461538461538462,778.424530982971
90,2,0.1,0.6,3,3000,100000,100,288.628569905685,300.24410627501,11.6155363693254,31.8342428281327,0.61,636.644565324682,648.260101694007,0.3,0.32258064516129,757.884351015091
91,2,0.2,0.6,3,3000,100000,100,299.328523098065,311.985089874605,12.6565667765403,26.3802225397128,0.68,641.720603523671,654.377170300211,0.3,0.348837209302326,747.752510786057
92,2,0.3,0.6,3,3000,100000,100,297.630035980971,312.806613899204,15.1765779182321,29.815136249502,0.69,641.225906018622,656.402483936854,0.3,0.379746835443038,740.571964979172
93,2,0.4,0.6,3,3000,100000,100,295.400586231591,312.642053347541,17.2414671159501,26.2785629664248,0.76,642.696209726476,659.937676842426,0.3,0.416666666666667,752.301739692688
94,2,0.5,0.6,3,3000,100000,100,285.994790718646,303.240462197929,17.2456714792833,29.425739601445,0.73,633.938963081584,651.184634560867,0.3,0.461538461538462,746.418045520783
95,2,0.1,0.7,3,3000,100000,100,283.145661688675,300.054237774061,16.9085760853855,24.9443440750118,0.79,634.314168050804,651.22274413619,0.3,0.32258064516129,751.003952026367
96,2,0.2,0.7,3,3000,100000,100,295.0118878797,311.204022153837,16.192134274137,29.0551794457778,0.74,638.687906331987,654.880040606125,0.3,0.348837209302326,753.190816402435
97,2,0.3,0.7,3,3000,100000,100,291.546008584528,310.468045235424,18.9220366508968,30.1072673945507,0.72,633.797508758885,652.719545409782,0.3,0.379746835443038,786.88451218605
98,2,0.4,0.7,3,3000,100000,100,291.976466575159,313.175477816758,21.1990112415991,31.0431978555777,0.75,641.394029050222,662.593040291821,0.3,0.416666666666667,745.291840553284
99,2,0.5,0.7,3,3000,100000,100,291.277424258386,314.778142315445,23.5007180570587,25.5123833916873,0.82,636.241775887958,659.742493945017,0.3,0.461538461538462,821.09777712822
100,2,0.1,0.3,0,6500,100000,100,287.626025883393,294.335789136444,6.70976325305098,28.6405607859065,0.53,634.6786364831,641.388399736151,0.3,0.32258064516129,823.310693502426
101,2,0.2,0.3,0,6500,100000,100,299.81061276677,308.371255489064,8.56064272229428,27.1455781170675,0.58,644.210068757745,652.770711480039,0.3,0.348837209302326,747.323575973511
102,2,0.3,0.3,0,6500,100000,100,292.774941973805,305.93917224235,13.1642302685443,27.295590496023,0.65,636.243216518988,649.407446787532,0.3,0.379746835443038,739.744478702545
103,2,0.4,0.3,0,6500,100000,100,286.504726226954,307.903437544923,21.3987113179693,25.4170281278486,0.83,632.333162367568,653.731873685537,0.3,0.416666666666667,741.902499914169
104,2,0.5,0.3,0,6500,100000,100,289.505750256813,309.485322373722,19.9795721169083,30.0239944510612,0.72,635.683045606206,655.662617723114,0.3,0.461538461538462,743.870611190796
105,2,0.1,0.4,0,6500,100000,100,294.808091353117,301.56501306972,6.7569217166032,25.9034099834928,0.6,647.45594192561,654.212863642213,0.3,0.32258064516129,796.342791080475
106,2,0.2,0.4,0,6500,100000,100,291.819483960744,300.846842536065,9.02735857532048,26.8723266583043,0.58,638.356983357359,647.38434193268,0.3,0.348837209302326,758.176537752152
107,2,0.3,0.4,0,6500,100000,100,293.052054510873,309.618638088099,16.5665835772262,30.9287050924581,0.69,641.838850201854,658.40543377908,0.3,0.379746835443038,747.287459611893
108,2,0.4,0.4,0,6500,100000,100,287.278061641687,306.892579264437,19.6145176227498,27.4008068746764,0.71,632.089262583015,651.703780205765,0.3,0.416666666666667,742.626337051392
109,2,0.5,0.4,0,6500,100000,100,297.297793031556,318.563276298847,21.2654832672913,23.1156430023852,0.85,644.182677636571,665.448160903862,0.3,0.461538461538462,736.649415254593
110,2,0.1,0.5,0,6500,100000,100,292.673087235834,299.03363413746,6.36054690162545,30.1334323081408,0.55,637.376967469397,643.737514371023,0.3,0.32258064516129,751.738694190979
111,2,0.2,0.5,0,6500,100000,100,296.992347560429,306.166043013478,9.17369545304918,28.9569686057467,0.59,639.961171839743,649.134867292792,0.3,0.348837209302326,750.2357609272
112,2,0.3,0.5,0,6500,100000,100,292.955614112126,307.399169276908,14.4435551647813,30.7805769573747,0.71,640.832503215071,655.276058379852,0.3,0.379746835443038,764.712182044983
113,2,0.4,0.5,0,6500,100000,100,302.549827963426,312.787648285445,10.2378203220192,25.5214344747689,0.65,648.379246043794,658.617066365813,0.3,0.416666666666667,767.415689468384
114,2,0.5,0.5,0,6500,100000,100,291.786997672867,310.178924134798,18.391926461931,29.9361797729277,0.69,639.625123703122,658.017050165053,0.3,0.461538461538462,758.162355184555
115,2,0.1,0.6,0,6500,100000,100,289.579866348412,299.034558663101,9.45469231468922,28.0670552607006,0.66,634.648387845377,644.103080160067,0.3,0.32258064516129,822.332146406174
116,2,0.2,0.6,0,6500,100000,100,294.545842780387,307.266084336819,12.720241556432,30.4342359541891,0.67,642.9469831863,655.667224742732,0.3,0.348837209302326,822.884565353394
117,2,0.3,0.6,0,6500,100000,100,302.830204532686,320.849763927526,18.0195593948398,28.6098358381417,0.77,648.626219516112,666.645778910952,0.3,0.379746835443038,774.285465240479
118,2,0.4,0.6,0,6500,100000,100,296.421346489821,317.295526754577,20.8741802647563,31.418123808491,0.72,640.941650853676,661.815831118432,0.3,0.416666666666667,737.734705924988
119,2,0.5,0.6,0,6500,100000,100,287.432003721766,309.604389898276,22.1723861765105,27.2636268714959,0.81,634.082254227593,656.254640404104,0.3,0.461538461538462,739.340245962143
120,2,0.1,0.7,0,6500,100000,100,295.911997339106,309.074798765638,13.1628014265319,29.0036156844451,0.65,640.46041607863,653.623217505162,0.3,0.32258064516129,734.883753061295
121,2,0.2,0.7,0,6500,100000,100,292.109408796912,315.448243662034,23.3388348651217,30.2722734939462,0.75,641.684390736729,665.023225601851,0.3,0.348837209302326,762.431537151337
122,2,0.3,0.7,0,6500,100000,100,288.232339164483,306.187563982364,17.9552248178804,26.911989810686,0.72,633.781008960725,651.736233778606,0.3,0.379746835443038,756.310158491135
123,2,0.4,0.7,0,6500,100000,100,291.540132557591,308.529692687755,16.9895601301639,29.8890467882453,0.72,645.560584298162,662.550144428326,0.3,0.416666666666667,806.680658817291
124,2,0.5,0.7,0,6500,100000,100,295.750634777152,320.529349001896,24.778714224744,27.5205394645418,0.81,641.775555749533,666.554269974277,0.3,0.461538461538462,738.117753982544
125,2,0.1,0.3,1,6500,100000,100,299.538206213361,304.33174241871,4.79353620534867,24.0850745673319,0.53,642.905819226416,647.699355431765,0.3,0.32258064516129,783.84360074997
126,2,0.2,0.3,1,6500,100000,100,299.088510999384,309.401398405181,10.3128874057964,28.3902154843207,0.63,644.791499881838,655.104387287635,0.3,0.348837209302326,749.856011867523
127,2,0.3,0.3,1,6500,100000,100,293.442249038309,303.334867122213,9.89261808390442,23.8871291854148,0.65,638.76873285191,648.661350935814,0.3,0.379746835443038,757.671304225922
128,2,0.4,0.3,1,6500,100000,100,293.967409970486,308.252690082412,14.2852801119256,27.7679777038013,0.67,642.072891690026,656.358171801952,0.3,0.416666666666667,760.53372001648
129,2,0.5,0.3,1,6500,100000,100,294.593027684669,316.934998149102,22.3419704644329,25.884161934995,0.79,640.841436604672,663.183407069105,0.3,0.461538461538462,771.865005970001
130,2,0.1,0.4,1,6500,100000,100,294.387870420065,306.23830168424,11.8504312641755,31.4469359735882,0.67,640.811370921284,652.66180218546,0.3,0.32258064516129,749.867606639862
131,2,0.2,0.4,1,6500,100000,100,295.464915802726,305.886523382516,10.4216075797905,27.5203043904589,0.63,645.585245148296,656.006852728087,0.3,0.348837209302326,822.484355449677
132,2,0.3,0.4,1,6500,100000,100,304.146324732942,320.115122811411,15.9687980784689,33.1000112247838,0.67,644.979163971859,660.947962050328,0.3,0.379746835443038,822.032243013382
133,2,0.4,0.4,1,6500,100000,100,301.298758947372,313.943734954367,12.6449760069951,30.366650244197,0.63,645.850183076826,658.495159083822,0.3,0.416666666666667,741.495137453079
134,2,0.5,0.4,1,6500,100000,100,286.327625946993,307.629819078583,21.30219313159,30.4492581986042,0.76,634.354240914949,655.656434046539,0.3,0.461538461538462,738.695854187012
135,2,0.1,0.5,1,6500,100000,100,296.165143930569,306.389268660843,10.2241247302735,27.7628541618818,0.6,642.40847662211,652.632601352384,0.3,0.32258064516129,739.661517858505
136,2,0.2,0.5,1,6500,100000,100,285.663870948561,298.208494910154,12.5446239615925,24.8411841656719,0.69,636.331011815404,648.875635776996,0.3,0.348837209302326,740.825801372528
137,2,0.3,0.5,1,6500,100000,100,296.767457856096,313.139307631908,16.3718497758113,26.8008030624935,0.68,642.499169778841,658.871019554653,0.3,0.379746835443038,763.910334348679
138,2,0.4,0.5,1,6500,100000,100,282.456270524008,300.371299162693,17.9150286386847,29.9851488290944,0.74,631.763392752411,649.678421391096,0.3,0.416666666666667,778.872010946274
139,2,0.5,0.5,1,6500,100000,100,289.825131930631,311.257761487544,21.4326295569132,32.7002691075349,0.8,636.533917708441,657.966547265354,0.3,0.461538461538462,745.633378505707
140,2,0.1,0.6,1,6500,100000,100,287.964000154334,300.888846440359,12.924846286025,29.0160625728672,0.71,634.600478642573,647.525324928599,0.3,0.32258064516129,735.427224874497
141,2,0.2,0.6,1,6500,100000,100,285.836191165487,302.378218759914,16.5420275944274,31.8329836432949,0.7,632.339116256022,648.88114385045,0.3,0.348837209302326,778.05020403862
142,2,0.3,0.6,1,6500,100000,100,296.538717078078,310.532278958592,13.9935618805142,25.6810266306398,0.71,642.526831486926,656.52039336744,0.3,0.379746835443038,750.40643119812
143,2,0.4,0.6,1,6500,100000,100,290.402074616833,307.427528392664,17.0254537758314,28.1193437714097,0.72,632.635424209472,649.660877985303,0.3,0.416666666666667,788.506369829178
144,2,0.5,0.6,1,6500,100000,100,292.925070569595,313.742781699638,20.8177111300435,31.1027252120169,0.74,638.964854192277,659.78256532232,0.3,0.461538461538462,746.543018341064
145,2,0.1,0.7,1,6500,100000,100,296.6062345261,307.943670646436,11.3374361203354,24.5107147419438,0.67,641.220702382464,652.5581385028,0.3,0.32258064516129,784.590887784958
146,2,0.2,0.7,1,6500,100000,100,291.325412887473,307.999152338247,16.6737394507732,32.9309351774166,0.64,635.637740078285,652.311479529058,0.3,0.348837209302326,753.926008462906
147,2,0.3,0.7,1,6500,100000,100,289.539000931247,306.845930872201,17.3069299409544,31.4281481534827,0.69,633.219305123748,650.526235064703,0.3,0.379746835443038,819.028831720352
148,2,0.4,0.7,1,6500,100000,100,293.355758653394,310.587217600516,17.2314589471221,30.4531072402821,0.73,642.726976800528,659.958435747651,0.3,0.416666666666667,824.133757591248
149,2,0.5,0.7,1,6500,100000,100,293.638694174796,315.420907769668,21.7822135948714,26.046519754917,0.79,642.257689969522,664.039903564394,0.3,0.461538461538462,757.360631465912
150,2,0.1,0.3,2,6500,100000,100,294.136556928953,296.559044830484,2.42248790153074,26.1078321716205,0.5,645.213927966782,647.636415868312,0.3,0.32258064516129,738.353803634644
151,2,0.2,0.3,2,6500,100000,100,291.711850553337,299.812145739821,8.10029518648385,25.0119409892325,0.61,640.304684484506,648.404979670989,0.3,0.348837209302326,739.823787689209
152,2,0.3,0.3,2,6500,100000,100,297.850394043554,306.047730942627,8.19733689907296,23.0005367847859,0.64,640.532118879559,648.729455778632,0.3,0.379746835443038,740.769812822342
153,2,0.4,0.3,2,6500,100000,100,298.764471974254,315.520788504028,16.7563165297739,24.3859978731954,0.72,644.639626841351,661.395943371125,0.3,0.416666666666667,771.450280189514
154,2,0.5,0.3,2,6500,100000,100,290.545896287924,310.088007095864,19.5421108079394,30.1742361417217,0.75,633.694018187162,653.236128995102,0.3,0.461538461538462,761.184656381607
155,2,0.1,0.4,2,6500,100000,100,293.408692981495,303.04034773756,9.63165475606401,28.7466186290084,0.56,636.049972571751,645.681627327815,0.3,0.32258064516129,746.821308851242
156,2,0.2,0.4,2,6500,100000,100,284.620723033148,298.785780465225,14.165057432077,28.9327393172628,0.66,629.720461671997,643.885519104074,0.3,0.348837209302326,741.205384969711
157,2,0.3,0.4,2,6500,100000,100,293.34496046767,306.125677869374,12.7807174017041,27.8743622508994,0.66,643.20115416219,655.981871563894,0.3,0.379746835443038,752.143206596375
158,2,0.4,0.4,2,6500,100000,100,289.220422948913,305.675858603651,16.455435654738,26.9595621340571,0.72,633.630978222918,650.086413877656,0.3,0.416666666666667,749.543719291687
159,2,0.5,0.4,2,6500,100000,100,283.404050100103,304.44609781102,21.0420477109175,31.1021866231163,0.72,634.628995020465,655.671042731382,0.3,0.461538461538462,749.122627019882
160,2,0.1,0.5,2,6500,100000,100,289.309332477786,298.600783098869,9.29145062108364,30.1322746428121,0.56,635.753557665257,645.045008286341,0.3,0.32258064516129,750.136048555374
161,2,0.2,0.5,2,6500,100000,100,294.866611707157,303.441112485462,8.57450077830445,25.4458151390957,0.64,640.575515045323,649.150015823627,0.3,0.348837209302326,765.901504039764
162,2,0.3,0.5,2,6500,100000,100,309.142838418086,321.379253450347,12.2364150322607,26.2729292536286,0.7,650.510736082937,662.747151115198,0.3,0.379746835443038,756.036483049393
163,2,0.4,0.5,2,6500,100000,100,282.191955648112,293.246527034515,11.054571386403,27.5188587798236,0.68,629.842971667416,640.897543053819,0.3,0.416666666666667,819.405302762985
164,2,0.5,0.5,2,6500,100000,100,289.167803877753,316.417649712779,27.2498458350269,30.2634519293315,0.79,633.737755138948,660.987600973975,0.3,0.461538461538462,823.264891386032
165,2,0.1,0.6,2,6500,100000,100,304.266102837068,310.316577913323,6.05047507625461,28.1466422071526,0.59,652.800906992512,658.851382068767,0.3,0.32258064516129,757.872444868088
166,2,0.2,0.6,2,6500,100000,100,283.620129440184,296.978757423735,13.3586279835514,28.4619023743896,0.67,628.62380578755,641.982433771101,0.3,0.348837209302326,734.983166456223
167,2,0.3,0.6,2,6500,100000,100,299.940602556223,313.339836635497,13.3992340792743,28.0659761680262,0.7,646.504854994134,659.904089073408,0.3,0.379746835443038,741.760773658753
168,2,0.4,0.6,2,6500,100000,100,300.381728666966,320.660909708851,20.2791810418848,30.7937319738101,0.68,647.021163775479,667.300344817364,0.3,0.416666666666667,766.015142440796
169,2,0.5,0.6,2,6500,100000,100,300.96440887208,320.409351913639,19.4449430415596,30.1565206544804,0.75,645.802532103318,665.247475144878,0.3,0.461538461538462,735.903852701187
170,2,0.1,0.7,2,6500,100000,100,290.686499786057,303.39600068247,12.709500896413,29.4478897816518,0.65,635.706240301848,648.415741198261,0.3,0.32258064516129,778.389818668366
171,2,0.2,0.7,2,6500,100000,100,296.843073406528,312.225114144717,15.3820407381891,28.8291546643618,0.7,642.000959966097,657.383000704286,0.3,0.348837209302326,752.300167560577
172,2,0.3,0.7,2,6500,100000,100,296.455454340356,313.06564868225,16.6101943418935,32.046866914537,0.72,640.701308916836,657.311503258729,0.3,0.379746835443038,739.858981847763
173,2,0.4,0.7,2,6500,100000,100,296.889184740756,311.73328685052,14.8441021097635,24.1344211545308,0.74,645.304844216581,660.148946326344,0.3,0.416666666666667,735.785163164139
174,2,0.5,0.7,2,6500,100000,100,294.434580065294,316.573794201377,22.1392141360828,27.6106199492236,0.82,640.988764186119,663.127978322202,0.3,0.461538461538462,751.912355422974
175,2,0.1,0.3,3,6500,100000,100,289.552374804527,296.322610245223,6.7702354406961,26.7247860737012,0.6,635.031813846017,641.802049286713,0.3,0.32258064516129,752.907111644745
176,2,0.2,0.3,3,6500,100000,100,294.051119483504,297.27898072151,3.22786123800614,26.9119686452605,0.54,644.177925193791,647.405786431798,0.3,0.348837209302326,751.951248168945
177,2,0.3,0.3,3,6500,100000,100,295.693953432772,308.991388837762,13.2974354049899,25.8138773725203,0.66,636.322143820826,649.619579225815,0.3,0.379746835443038,768.680711269379
178,2,0.4,0.3,3,6500,100000,100,294.878325767939,312.56049615222,17.6821703842811,24.811687789056,0.8,640.630288173326,658.312458557607,0.3,0.416666666666667,768.076306581497
179,2,0.5,0.3,3,6500,100000,100,293.67488449275,309.295453306238,15.6205688134878,24.1045038510282,0.74,641.346558026026,656.967126839514,0.3,0.461538461538462,821.542320966721
180,2,0.1,0.4,3,6500,100000,100,280.244587905284,289.920945587485,9.67635768220173,29.7262555310444,0.64,628.310194890042,637.986552572244,0.3,0.32258064516129,819.95161151886
181,2,0.2,0.4,3,6500,100000,100,292.317408378522,306.330906510868,14.0134981323467,29.2937522403411,0.65,638.813947713754,652.8274458461,0.3,0.348837209302326,742.203946113586
182,2,0.3,0.4,3,6500,100000,100,292.423696866806,313.482806380483,21.0591095136776,31.3478098617996,0.72,635.785642302518,656.844751816195,0.3,0.379746835443038,738.264855384827
183,2,0.4,0.4,3,6500,100000,100,284.02720472107,305.363885119534,21.336680398464,30.5467669358673,0.75,634.365518293063,655.702198691527,0.3,0.416666666666667,786.549939393997
184,2,0.5,0.4,3,6500,100000,100,284.134982781601,305.598099773625,21.4631169920243,25.745304693,0.78,633.78604068142,655.249157673444,0.3,0.461538461538462,761.654926538467
185,2,0.1,0.5,3,6500,100000,100,299.247232414046,302.842606241093,3.59537382704696,27.3507614422743,0.49,642.390016715693,645.98539054274,0.3,0.32258064516129,762.056078195572
186,2,0.2,0.5,3,6500,100000,100,293.692325111732,306.625832793463,12.9335076817307,29.1512832139764,0.7,639.113323750064,652.046831431794,0.3,0.348837209302326,778.669531583786
187,2,0.3,0.5,3,6500,100000,100,303.56282514645,315.735651060237,12.1728259137867,30.6104028940879,0.68,649.9265643656,662.099390279387,0.3,0.379746835443038,745.938988685608
188,2,0.4,0.5,3,6500,100000,100,295.881804570446,316.45914791774,20.5773433472932,28.1091126947341,0.79,645.414370448328,665.991713795621,0.3,0.416666666666667,739.44485783577
189,2,0.5,0.5,3,6500,100000,100,290.558954381864,313.174902453681,22.6159480718177,33.468850206804,0.72,637.381475706105,659.997423777922,0.3,0.461538461538462,765.280754089356
190,2,0.1,0.6,3,6500,100000,100,295.727202986989,305.998782449811,10.2715794628211,30.7429976792074,0.6,647.988173201065,658.259752663886,0.3,0.32258064516129,748.144245386124
191,2,0.2,0.6,3,6500,100000,100,288.566409923505,306.619857919182,18.0534479956771,27.993610782202,0.74,633.059399554331,651.112847550008,0.3,0.348837209302326,749.374474048615
192,2,0.3,0.6,3,6500,100000,100,288.885809716883,303.583865421554,14.698055704671,28.6737351900059,0.7,636.39917358037,651.097229285041,0.3,0.379746835443038,745.812628507614
193,2,0.4,0.6,3,6500,100000,100,297.430838502168,315.87751162091,18.4466731187422,29.9615022235444,0.75,641.466926910885,659.913600029627,0.3,0.416666666666667,777.091542005539
194,2,0.5,0.6,3,6500,100000,100,294.792455564343,321.947992311898,27.1555367475544,29.3116678296313,0.85,635.254023558805,662.40956030636,0.3,0.461538461538462,768.107640743256
195,2,0.1,0.7,3,6500,100000,100,294.086861132982,304.42921135639,10.3423502234072,28.3422240170626,0.64,639.313655486609,649.656005710016,0.3,0.32258064516129,820.874641656876
196,2,0.2,0.7,3,6500,100000,100,290.849852248504,304.975859171602,14.1260069230986,25.1789298070921,0.74,633.508819976634,647.634826899733,0.3,0.348837209302326,821.838899374008
197,2,0.3,0.7,3,6500,100000,100,294.218243751187,309.471595888078,15.2533521368911,23.4253866825894,0.8,636.183511043527,651.436863180418,0.3,0.379746835443038,739.519019126892
198,2,0.4,0.7,3,6500,100000,100,292.401919724554,309.724385074726,17.3224653501728,27.6964782446504,0.77,637.911707318118,655.234172668291,0.3,0.416666666666667,740.397536277771
199,2,0.5,0.7,3,6500,100000,100,292.982509125743,312.344202338002,19.3616932122586,25.9105459262868,0.8,638.78854707798,658.150240290239,0.3,0.461538461538462,739.038793325424
200,2,0.1,0.3,0,10000,100000,100,294.537884515915,303.278461178023,8.74057666210837,27.612037632526,0.6,641.060002914375,649.800579576484,0.3,0.32258064516129,735.518449783325
201,2,0.2,0.3,0,10000,100000,100,290.946596984677,302.041082952729,11.0944859680524,28.6685522204411,0.65,638.237584697127,649.33207066518,0.3,0.348837209302326,736.130034923554
202,2,0.3,0.3,0,10000,100000,100,294.847378432031,303.709885624296,8.86250719226487,30.3447792591497,0.61,640.350647507194,649.213154699459,0.3,0.379746835443038,755.111603736877
203,2,0.4,0.3,0,10000,100000,100,286.139768888504,296.416708296363,10.2769394078595,25.0845406860063,0.66,630.600290842518,640.877230250378,0.3,0.416666666666667,749.357015371323
204,2,0.5,0.3,0,10000,100000,100,288.732099314507,309.192525977357,20.4604266628498,26.5323915182944,0.8,632.880015283783,653.340441946633,0.3,0.461538461538462,740.172946453095
205,2,0.1,0.4,0,10000,100000,100,296.422157162248,299.057861773493,2.63570461124526,24.4941287818141,0.54,641.182915017272,643.818619628518,0.3,0.32258064516129,734.49591088295
206,2,0.2,0.4,0,10000,100000,100,286.034370384837,298.30234042858,12.2679700437431,27.9776064459273,0.64,630.931833340534,643.199803384277,0.3,0.348837209302326,747.305022478104
207,2,0.3,0.4,0,10000,100000,100,296.372755383638,313.630846465335,17.258091081697,27.1074861898313,0.74,645.755128596103,663.0132196778,0.3,0.379746835443038,740.663590908051
208,2,0.4,0.4,0,10000,100000,100,295.92027781948,316.31377968179,20.3935018623097,28.586927704272,0.75,639.345436952801,659.738938815111,0.3,0.416666666666667,746.888983488083
209,2,0.5,0.4,0,10000,100000,100,296.583101343963,314.525029897176,17.9419285532131,29.5860196265208,0.74,644.376735314526,662.318663867739,0.3,0.461538461538462,760.262801885605
210,2,0.1,0.5,0,10000,100000,100,294.086317881663,303.536218698948,9.44990081728572,28.1561588826079,0.58,641.06649377532,650.516394592605,0.3,0.32258064516129,774.192199230194
211,2,0.2,0.5,0,10000,100000,100,297.172508828809,303.574073733702,6.40156490489282,25.686989001898,0.55,639.810879821736,646.212444726629,0.3,0.348837209302326,824.500446081161
212,2,0.3,0.5,0,10000,100000,100,285.816682213874,301.888999124341,16.0723169104669,29.7693057987072,0.72,633.823470464512,649.895787374978,0.3,0.379746835443038,819.871764421463
213,2,0.4,0.5,0,10000,100000,100,294.488900764814,307.790842303436,13.3019415386222,22.7289923310929,0.71,638.326728218604,651.628669757226,0.3,0.416666666666667,740.338351488113
214,2,0.5,0.5,0,10000,100000,100,293.718931207176,315.960275196654,22.2413439894772,24.4098343807237,0.84,637.208873518974,659.450217508451,0.3,0.461538461538462,734.282515764236
215,2,0.1,0.6,0,10000,100000,100,300.658063727009,310.088813456991,9.43074972998201,31.0514479141328,0.61,644.196083651455,653.626833381436,0.3,0.32258064516129,746.068533658981
216,2,0.2,0.6,0,10000,100000,100,289.172971209638,309.152588649865,19.9796174402275,32.5836609292311,0.72,630.835116104394,650.814733544622,0.3,0.348837209302326,744.592430591583
217,2,0.3,0.6,0,10000,100000,100,290.804171150153,308.367129338301,17.5629581881474,29.5825394185116,0.7,636.443116554019,654.006074742167,0.3,0.379746835443038,738.797988653183
218,2,0.4,0.6,0,10000,100000,100,287.612936700333,307.714879031397,20.1019423310642,28.9246507998143,0.71,631.711995087599,651.813937418663,0.3,0.416666666666667,758.584461212158
219,2,0.5,0.6,0,10000,100000,100,290.917403226768,312.923341163931,22.0059379371629,28.3445112370307,0.78,637.261098213145,659.267036150308,0.3,0.461538461538462,818.46701002121
220,2,0.1,0.7,0,10000,100000,100,298.263271763978,309.738967986156,11.4756962221776,36.2505656853399,0.61,640.830348410329,652.306044632507,0.3,0.32258064516129,743.94748210907
221,2,0.2,0.7,0,10000,100000,100,293.618945700668,307.483429373911,13.8644836732431,29.1824157963358,0.65,642.689695002914,656.554178676157,0.3,0.348837209302326,740.387923955917
222,2,0.3,0.7,0,10000,100000,100,294.935877006437,306.178038906667,11.2421619002302,27.7907769014377,0.68,641.280824347796,652.522986248026,0.3,0.379746835443038,746.4742166996
223,2,0.4,0.7,0,10000,100000,100,288.145969223877,305.441791735497,17.2958225116201,29.8603074451993,0.72,638.185693962203,655.481516473824,0.3,0.416666666666667,740.81372666359
224,2,0.5,0.7,0,10000,100000,100,297.506203556495,319.216032086943,21.7098285304478,32.3466054183663,0.72,643.567620866288,665.277449396735,0.3,0.461538461538462,752.229632139206
225,2,0.1,0.3,1,10000,100000,100,290.842549170319,301.044312639294,10.2017634689754,27.4967712237054,0.68,632.955051930011,643.156815398986,0.3,0.32258064516129,764.421665906906
226,2,0.2,0.3,1,10000,100000,100,289.597389112884,299.708673148091,10.1112840352069,29.4510242153504,0.57,634.899292159687,645.010576194894,0.3,0.348837209302326,776.69966506958
227,2,0.3,0.3,1,10000,100000,100,285.413654853844,302.475439174658,17.0617843208136,26.7534172982209,0.7,633.635802547097,650.697586867911,0.3,0.379746835443038,815.428188562393
228,2,0.4,0.3,1,10000,100000,100,296.90258411116,311.778837842611,14.876253731451,28.3139466089618,0.66,636.798672454901,651.674926186352,0.3,0.416666666666667,820.751867771149
229,2,0.5,0.3,1,10000,100000,100,290.175117035015,308.735049881769,18.5599328467533,22.3078377025359,0.8,634.441518705659,653.001451552412,0.3,0.461538461538462,753.513927459717
230,2,0.1,0.4,1,10000,100000,100,294.810438149537,306.812644373191,12.0022062236535,24.1563514424186,0.67,637.879635036703,649.881841260356,0.3,0.32258064516129,735.550014257431
231,2,0.2,0.4,1,10000,100000,100,297.2791601605,307.494955896781,10.2157957362814,29.1131601675055,0.62,641.557101592024,651.772897328305,0.3,0.348837209302326,788.244422674179
232,2,0.3,0.4,1,10000,100000,100,291.639157307512,308.55756190626,16.9184045987479,30.7765095349369,0.69,634.084911163942,651.00331576269,0.3,0.379746835443038,746.339426755905
233,2,0.4,0.4,1,10000,100000,100,291.37766165964,306.0475143294,14.66985266976,25.6356795254272,0.67,638.050230270158,652.720082939918,0.3,0.416666666666667,761.660958528519
234,2,0.5,0.4,1,10000,100000,100,290.973929209549,311.580531361567,20.606602152018,30.6371627889531,0.75,634.555298428447,655.161900580465,0.3,0.461538461538462,759.620339393616
235,2,0.1,0.5,1,10000,100000,100,295.00172130561,303.426988150902,8.425266845292,23.0715781944961,0.6,641.115329809592,649.540596654884,0.3,0.32258064516129,750.943268299103
236,2,0.2,0.5,1,10000,100000,100,302.995000826895,317.728775460204,14.7337746333087,24.1719653329218,0.72,647.372383562152,662.106158195461,0.3,0.348837209302326,740.895560026169
237,2,0.3,0.5,1,10000,100000,100,288.297429206316,300.083748886336,11.7863196800196,30.8766445378169,0.65,640.403578904869,652.189898584889,0.3,0.379746835443038,737.269595623016
238,2,0.4,0.5,1,10000,100000,100,290.956734284204,309.146190456496,18.189456172292,29.0637433371059,0.77,638.977204330117,657.166660502409,0.3,0.416666666666667,748.660818099976
239,2,0.5,0.5,1,10000,100000,100,303.920346922285,323.5220207855,19.6016738632155,27.0164594390237,0.76,648.623587773573,668.225261636788,0.3,0.461538461538462,746.615823507309
240,2,0.1,0.6,1,10000,100000,100,297.124831631711,312.51018585209,15.3853542203793,24.8404687934386,0.69,642.517016675487,657.902370895866,0.3,0.32258064516129,752.125467300415
241,2,0.2,0.6,1,10000,100000,100,291.060367381993,310.72854375898,19.6681763769878,27.9929489655831,0.78,634.336293179593,654.00446955658,0.3,0.348837209302326,760.317576646805
242,2,0.3,0.6,1,10000,100000,100,287.471741609251,302.630110742263,15.1583691330121,28.2711076685702,0.75,635.001881886165,650.160251019177,0.3,0.379746835443038,777.776861190796
243,2,0.4,0.6,1,10000,100000,100,286.271789280954,308.587819497985,22.316030217031,30.0843482046379,0.78,635.183915412167,657.499945629198,0.3,0.416666666666667,823.224484920502
244,2,0.5,0.6,1,10000,100000,100,298.899757495257,317.540508841953,18.6407513466955,29.538177699359,0.73,645.603670211235,664.24442155793,0.3,0.461538461538462,829.480172395706
245,2,0.1,0.7,1,10000,100000,100,291.361197638759,301.457652378412,10.0964547396525,29.5526472486971,0.59,637.162666596958,647.25912133661,0.3,0.32258064516129,740.047338008881
246,2,0.2,0.7,1,10000,100000,100,290.516392567198,311.093872325246,20.5774797580478,29.2287884656964,0.74,634.620635718706,655.198115476754,0.3,0.348837209302326,734.94319486618
247,2,0.3,0.7,1,10000,100000,100,294.766471705542,313.187569536604,18.4210978310621,30.2485779518205,0.67,637.636074470273,656.057172301335,0.3,0.379746835443038,736.398979663849
248,2,0.4,0.7,1,10000,100000,100,298.325591052443,315.122167918742,16.7965768662982,27.6344976521386,0.72,643.203950725148,660.000527591446,0.3,0.416666666666667,739.754343032837
249,2,0.5,0.7,1,10000,100000,100,294.219806621743,313.673738386807,19.4539317650646,27.8889805676007,0.72,636.612182521911,656.066114286975,0.3,0.461538461538462,863.72208738327
250,2,0.1,0.3,2,10000,100000,100,287.99395724829,294.482364044591,6.48840679630167,24.3860863005364,0.62,638.035000705664,644.523407501965,0.3,0.32258064516129,758.535696983337
251,2,0.2,0.3,2,10000,100000,100,300.04857321423,310.410082424283,10.3615092100531,26.2630774667538,0.6,644.941777675855,655.303286885909,0.3,0.348837209302326,761.17067360878
252,2,0.3,0.3,2,10000,100000,100,298.566771518072,310.776326950561,12.209555432489,25.8319794286978,0.67,641.583351921816,653.792907354305,0.3,0.379746835443038,738.75431895256
253,2,0.4,0.3,2,10000,100000,100,294.949934794945,313.482730674012,18.5327958790672,26.0023210728952,0.77,640.997768908051,659.530564787119,0.3,0.416666666666667,741.336941242218
254,2,0.5,0.3,2,10000,100000,100,293.364510658818,317.077974508874,23.713463850056,29.1766482882673,0.79,639.69713206995,663.410595920005,0.3,0.461538461538462,745.272555112839
255,2,0.1,0.4,2,10000,100000,100,284.175444754522,291.787040239474,7.61159548495205,29.3340541982344,0.58,632.389475769982,640.001071254934,0.3,0.32258064516129,741.401848077774
256,2,0.2,0.4,2,10000,100000,100,287.864532462184,303.132576779312,15.2680443171276,25.4103073833897,0.74,629.072005311474,644.340049628601,0.3,0.348837209302326,764.822971105576
257,2,0.3,0.4,2,10000,100000,100,301.228566870356,313.404531310983,12.1759644406272,21.4618907204402,0.7,643.301188219201,655.477152659829,0.3,0.379746835443038,764.013940572739
258,2,0.4,0.4,2,10000,100000,100,294.653337228652,315.080954161106,20.4276169324534,28.8650415185072,0.74,640.949505243963,661.377122176417,0.3,0.416666666666667,780.660503387451
259,2,0.5,0.4,2,10000,100000,100,297.320263326109,320.254428154387,22.9341648282779,25.6168879727037,0.82,642.91375409962,665.847918927897,0.3,0.461538461538462,819.914050340653
260,2,0.1,0.5,2,10000,100000,100,294.572524122277,308.193839071941,13.621314949664,27.8113685472117,0.61,639.271750614644,652.893065564308,0.3,0.32258064516129,819.516749382019
261,2,0.2,0.5,2,10000,100000,100,293.403482814239,303.684976154192,10.2814933399531,28.2532134087954,0.62,640.96112789816,651.242621238113,0.3,0.348837209302326,744.156715393066
262,2,0.3,0.5,2,10000,100000,100,296.310664900331,308.928905850418,12.6182409500874,27.1452481703369,0.64,638.854009627293,651.47225057738,0.3,0.379746835443038,737.252923965454
263,2,0.4,0.5,2,10000,100000,100,294.728076706816,307.148271479183,12.4201947723672,28.0408352664909,0.64,638.377526063375,650.797720835742,0.3,0.416666666666667,736.833372831345
264,2,0.5,0.5,2,10000,100000,100,293.410180499201,312.702717425171,19.2925369259704,23.6924853521985,0.79,640.804454331289,660.096991257259,0.3,0.461538461538462,745.625316143036
265,2,0.1,0.6,2,10000,100000,100,301.759310854071,309.859351233672,8.10004037960124,26.4589725468891,0.59,648.921357233031,657.021397612633,0.3,0.32258064516129,764.370485544205
266,2,0.2,0.6,2,10000,100000,100,294.894533431224,309.048974838057,14.1544414068338,30.5899790560779,0.68,634.671890112434,648.826331519268,0.3,0.348837209302326,756.460354328156
267,2,0.3,0.6,2,10000,100000,100,293.972317505471,302.94223455933,8.96991705385974,25.8607236339413,0.65,641.220937539998,650.190854593858,0.3,0.379746835443038,751.099875688553
268,2,0.4,0.6,2,10000,100000,100,298.434781783494,318.533396610428,20.0986148269347,28.4148455220017,0.74,640.557029091048,660.655643917983,0.3,0.416666666666667,739.270489692688
269,2,0.5,0.6,2,10000,100000,100,293.300545889818,310.792058408113,17.4915125182957,27.8278188159218,0.73,640.046007462706,657.537519981001,0.3,0.461538461538462,752.009131908417
270,2,0.1,0.7,2,10000,100000,100,294.605603211886,304.804894456018,10.1992912441328,32.9338883364,0.58,638.879797214771,649.079088458904,0.3,0.32258064516129,748.025425672531
271,2,0.2,0.7,2,10000,100000,100,294.682552751367,311.537139552859,16.8545868014926,33.7345271720841,0.66,641.308430858251,658.163017659744,0.3,0.348837209302326,741.4837474823
272,2,0.3,0.7,2,10000,100000,100,296.091935169342,314.820893611793,18.7289584424512,31.0860816496695,0.71,643.606492437852,662.335450880304,0.3,0.379746835443038,749.933256864548
273,2,0.4,0.7,2,10000,100000,100,295.601242070481,316.784860365064,21.1836182945834,32.4782781730336,0.8,641.359844041671,662.543462336254,0.3,0.416666666666667,777.99563908577
274,2,0.5,0.7,2,10000,100000,100,293.86551446612,316.357778054574,22.4922635884539,26.6984337092312,0.81,633.310959267944,655.803222856398,0.3,0.461538461538462,780.259125232697
275,2,0.1,0.3,3,10000,100000,100,293.173000802338,300.006912757295,6.83391195495713,29.0425312483645,0.61,636.533504385364,643.367416340321,0.3,0.32258064516129,818.646196842194
276,2,0.2,0.3,3,10000,100000,100,295.948677591281,306.384547981119,10.4358703898383,24.7528176489285,0.67,642.658240052024,653.094110441862,0.3,0.348837209302326,818.710173130035
277,2,0.3,0.3,3,10000,100000,100,290.945396126522,306.638946275687,15.6935501491652,31.9451965600057,0.63,638.381965866768,654.075516015933,0.3,0.379746835443038,741.33618760109
278,2,0.4,0.3,3,10000,100000,100,297.589780836309,316.404978090415,18.8151972541062,27.51562375591,0.76,641.426391719285,660.241588973391,0.3,0.416666666666667,737.55415391922
279,2,0.5,0.3,3,10000,100000,100,289.393636380814,311.208990774937,21.8153543941239,28.0793524704557,0.79,636.497872022377,658.313226416501,0.3,0.461538461538462,741.364544868469
280,2,0.1,0.4,3,10000,100000,100,292.896221711739,302.105026823837,9.20880511209807,24.4531912141922,0.61,638.761076206874,647.969881318972,0.3,0.32258064516129,734.407317399979
281,2,0.2,0.4,3,10000,100000,100,289.042060030042,300.24871803841,11.2066580083682,28.6791453058051,0.68,632.91114437025,644.117802378619,0.3,0.348837209302326,762.763378858566
282,2,0.3,0.4,3,10000,100000,100,293.905414587978,308.914188030267,15.0087734422888,26.3803969939021,0.76,642.214875004252,657.223648446541,0.3,0.379746835443038,756.066301584244
283,2,0.4,0.4,3,10000,100000,100,285.155386427246,303.245958190286,18.0905717630403,26.8344059340919,0.76,630.739799083907,648.830370846948,0.3,0.416666666666667,764.266101360321
284,2,0.5,0.4,3,10000,100000,100,293.883773792676,312.553221189408,18.6694473967321,25.1600043656494,0.75,639.605806019253,658.275253415985,0.3,0.461538461538462,740.971446275711
285,2,0.1,0.5,3,10000,100000,100,287.085249984474,299.866067094768,12.7808171102945,25.8991489991512,0.71,635.18120949876,647.962026609054,0.3,0.32258064516129,749.357072353363
286,2,0.2,0.5,3,10000,100000,100,296.596153533602,307.108545812404,10.5123922788023,23.9806901120666,0.64,643.130365484076,653.642757762879,0.3,0.348837209302326,745.706532001495
287,2,0.3,0.5,3,10000,100000,100,300.8616311551,315.530407170388,14.6687760152883,30.9108437689291,0.66,644.762065027372,659.43084104266,0.3,0.379746835443038,742.671727180481
288,2,0.4,0.5,3,10000,100000,100,298.030430336296,309.442856344873,11.4124260085769,28.862734066923,0.59,645.380875249439,656.793301258016,0.3,0.416666666666667,765.510829925537
289,2,0.5,0.5,3,10000,100000,100,289.941465399215,311.193420404678,21.2519550054634,24.8150856113524,0.81,636.784703098324,658.036658103788,0.3,0.461538461538462,759.592077255249
290,2,0.1,0.6,3,10000,100000,100,294.15646930512,306.594888184042,12.4384188789219,28.1440133597134,0.69,638.056190421774,650.494609300696,0.3,0.32258064516129,775.929618835449
291,2,0.2,0.6,3,10000,100000,100,298.051548239542,313.670728344744,15.6191801052028,29.3490794464096,0.69,644.977508676733,660.596688781936,0.3,0.348837209302326,824.400179862976
292,2,0.3,0.6,3,10000,100000,100,299.970510934449,314.124361956007,14.1538510215579,29.8788770816295,0.68,645.276037257655,659.429888279213,0.3,0.379746835443038,823.703867912293
293,2,0.4,0.6,3,10000,100000,100,290.762631750161,305.839204903608,15.0765731534471,29.3286549724651,0.71,640.006583491747,655.083156645194,0.3,0.416666666666667,745.592650651932
294,2,0.5,0.6,3,10000,100000,100,286.775381288606,304.88057747098,18.105196182374,25.9360409750073,0.75,629.937397793924,648.042593976298,0.3,0.461538461538462,740.87526345253
295,2,0.1,0.7,3,10000,100000,100,301.227524853373,317.982676366354,16.7551515129809,28.5308101431057,0.71,648.604177207902,665.359328720883,0.3,0.32258064516129,741.439437150955
296,2,0.2,0.7,3,10000,100000,100,287.138033126203,300.922457337593,13.7844242113903,34.6164944312575,0.56,633.723306253518,647.507730464908,0.3,0.348837209302326,739.868237257004
297,2,0.3,0.7,3,10000,100000,100,288.169271000076,305.765496537331,17.5962255372551,25.8016427378566,0.77,637.920120830674,655.516346367929,0.3,0.379746835443038,766.220265626907
298,2,0.4,0.7,3,10000,100000,100,285.5098217995,306.284323007063,20.7745012075628,30.557443443824,0.73,632.450555406487,653.22505661405,0.3,0.416666666666667,757.786416530609
299,2,0.5,0.7,3,10000,100000,100,287.273850917489,307.03286754191,19.7590166244202,27.8730216826104,0.76,633.101290016057,652.860306640478,0.3,0.461538461538462,756.472547054291
300,2,0.1,0.3,0,13500,100000,100,306.683967680861,307.672197174674,0.988229493812444,22.861730912342,0.53,654.047639286015,655.035868779828,0.3,0.32258064516129,741.067421197891
301,2,0.2,0.3,0,13500,100000,100,288.930083526525,299.939675558311,11.0095920317852,27.4514775399748,0.66,636.434623148194,647.444215179979,0.3,0.348837209302326,742.208147525787
302,2,0.3,0.3,0,13500,100000,100,295.08040552263,308.101937506628,13.0215319839974,25.4615890004795,0.69,639.044745188701,652.066277172698,0.3,0.379746835443038,751.86302447319
303,2,0.4,0.3,0,13500,100000,100,285.394955751227,301.097974165128,15.7030184139011,28.1299376127989,0.71,630.47168352449,646.174701938391,0.3,0.416666666666667,743.459112644196
304,2,0.5,0.3,0,13500,100000,100,300.922342772229,321.625056810003,20.702714037774,27.5816042744841,0.74,649.095193508764,669.797907546538,0.3,0.461538461538462,761.726270437241
305,2,0.1,0.4,0,13500,100000,100,295.82996821043,303.998285523498,8.16831731306764,27.6822012757756,0.57,638.906669876646,647.074987189714,0.3,0.32258064516129,762.026194810867
306,2,0.2,0.4,0,13500,100000,100,286.544050580286,294.668244030409,8.12419345012311,26.4164602837618,0.64,635.629351140811,643.753544590934,0.3,0.348837209302326,753.341092348099
307,2,0.3,0.4,0,13500,100000,100,299.902870299204,313.0330302627,13.1301599634951,22.1990549657525,0.72,640.635507024382,653.765666987877,0.3,0.379746835443038,825.650989770889
308,2,0.4,0.4,0,13500,100000,100,288.867835957973,299.193910538384,10.3260745804116,24.2821834403705,0.67,636.196981576994,646.523056157406,0.3,0.416666666666667,823.292882919312
309,2,0.5,0.4,0,13500,100000,100,292.863090483493,312.816151676037,19.9530611925431,31.3885113125873,0.68,639.424620038581,659.377681231125,0.3,0.461538461538462,760.309699296951
310,2,0.1,0.5,0,13500,100000,100,301.039256482279,315.165677214618,14.1264207323392,30.4417592671286,0.68,649.124460420001,663.250881152341,0.3,0.32258064516129,739.333822488785
311,2,0.2,0.5,0,13500,100000,100,306.906710384505,315.104619778526,8.19790939402136,27.3091351645429,0.61,649.350836846012,657.548746240033,0.3,0.348837209302326,738.217800140381
312,2,0.3,0.5,0,13500,100000,100,295.988473948449,307.751235025234,11.7627610767853,25.8894109300792,0.7,644.918201857472,656.680962934258,0.3,0.379746835443038,737.450287342072
313,2,0.4,0.5,0,13500,100000,100,294.83001075399,312.740460131458,17.910449377468,27.6555837254658,0.76,636.812108028397,654.722557405865,0.3,0.416666666666667,763.688704490662
314,2,0.5,0.5,0,13500,100000,100,302.517099981067,321.852032078514,19.3349320974469,26.0810861131294,0.73,645.532331027303,664.86726312475,0.3,0.461538461538462,760.871767282486
315,2,0.1,0.6,0,13500,100000,100,284.088648484384,297.090781572922,13.0021330885377,29.3480888344812,0.69,628.726471536303,641.72860462484,0.3,0.32258064516129,817.642863273621
316,2,0.2,0.6,0,13500,100000,100,299.410809995208,311.747577576401,12.3367675811929,28.6404996317654,0.69,640.304713592933,652.641481174126,0.3,0.348837209302326,742.679085969925
317,2,0.3,0.6,0,13500,100000,100,286.246705224128,303.80124676297,17.5545415388419,31.1966063713786,0.66,634.625271498044,652.179813036886,0.3,0.379746835443038,762.831248998642
318,2,0.4,0.6,0,13500,100000,100,298.818714106981,314.724894842237,15.9061807352564,26.5742023555161,0.72,643.473807056706,659.379987791962,0.3,0.416666666666667,746.65138053894
319,2,0.5,0.6,0,13500,100000,100,292.492278335712,308.687746301578,16.1954679658652,28.8499884799666,0.67,639.199019069203,655.394487035068,0.3,0.461538461538462,739.283385038376
320,2,0.1,0.7,0,13500,100000,100,298.151780238701,310.348251822694,12.1964715839923,24.2707319651095,0.74,645.462111804979,657.658583388971,0.3,0.32258064516129,744.732356071472
321,2,0.2,0.7,0,13500,100000,100,291.931286052866,308.434876636049,16.5035905831833,24.1687529993319,0.73,639.718175453589,656.221766036772,0.3,0.348837209302326,779.43921661377
322,2,0.3,0.7,0,13500,100000,100,290.01237931755,310.748268809954,20.7358894924035,26.7218594549338,0.79,631.895967027819,652.631856520223,0.3,0.379746835443038,749.381295204163
323,2,0.4,0.7,0,13500,100000,100,294.090875012434,319.840659863962,25.749784851528,25.0585313234855,0.85,636.389756928299,662.139541779827,0.3,0.416666666666667,819.647834300995
324,2,0.5,0.7,0,13500,100000,100,297.420626982964,318.276904680446,20.8562776974812,29.1955415321763,0.75,644.852041648353,665.708319345834,0.3,0.461538461538462,822.881182909012
325,2,0.1,0.3,1,13500,100000,100,290.200787087855,295.909009878572,5.70822279071705,21.939382246463,0.6,638.352976902785,644.061199693503,0.3,0.32258064516129,744.090651750565
326,2,0.2,0.3,1,13500,100000,100,302.429380510904,308.63348637117,6.20410586026607,23.5826887687524,0.63,648.203249887387,654.407355747653,0.3,0.348837209302326,739.797139883041
327,2,0.3,0.3,1,13500,100000,100,290.595457149255,308.964031245997,18.3685740967423,29.2631862236991,0.75,635.566522024932,653.935096121674,0.3,0.379746835443038,742.954481124878
328,2,0.4,0.3,1,13500,100000,100,303.069839817959,317.879223336852,14.8093835188925,26.7224568599021,0.67,648.007856620694,662.817240139587,0.3,0.416666666666667,747.662519216538
329,2,0.5,0.3,1,13500,100000,100,288.114699126888,304.360490936661,16.2457918097731,27.5062867837384,0.74,630.923048286602,647.168840096375,0.3,0.461538461538462,774.571609973908
330,2,0.1,0.4,1,13500,100000,100,298.214888472356,309.186239705191,10.9713512328352,25.9090677565972,0.68,646.39646959459,657.367820827425,0.3,0.32258064516129,773.043921232224
331,2,0.2,0.4,1,13500,100000,100,295.777163600598,304.607264959495,8.83010135889622,22.2740913773677,0.65,639.784766176256,648.614867535152,0.3,0.348837209302326,820.039432764053
332,2,0.3,0.4,1,13500,100000,100,299.036229828214,315.749461620373,16.7132317921585,26.6258359405731,0.77,645.825151430589,662.538383222748,0.3,0.379746835443038,741.866123437882
333,2,0.4,0.4,1,13500,100000,100,293.426008848616,314.053921276234,20.6279124276183,31.2423760219148,0.75,640.403198585781,661.0311110134,0.3,0.416666666666667,768.753752470017
334,2,0.5,0.4,1,13500,100000,100,290.266439512267,308.467099537332,18.2006600250649,26.1193178125693,0.76,633.4127455629,651.613405587965,0.3,0.461538461538462,750.999500751495
335,2,0.1,0.5,1,13500,100000,100,299.006408052593,311.351769525554,12.3453614729606,26.5479414294368,0.72,643.162919502306,655.508280975267,0.3,0.32258064516129,778.795027017593
336,2,0.2,0.5,1,13500,100000,100,304.903794242897,316.977618381559,12.0738241386619,29.2407372946689,0.67,650.53278614712,662.606610285782,0.3,0.348837209302326,750.913699388504
337,2,0.3,0.5,1,13500,100000,100,292.35694734153,304.256029600373,11.8990822588434,26.2532230081194,0.69,635.588313478737,647.48739573758,0.3,0.379746835443038,778.577872037888
338,2,0.4,0.5,1,13500,100000,100,285.679246930304,305.532483888339,19.8532369580354,31.3527582279247,0.73,628.982256900667,648.835493858702,0.3,0.416666666666667,776.100376605988
339,2,0.5,0.5,1,13500,100000,100,299.145334025733,319.149934534928,20.0046005091949,28.2932682840403,0.8,643.384410060124,663.389010569319,0.3,0.461538461538462,823.311613082886
340,2,0.1,0.6,1,13500,100000,100,302.619999287778,314.124101793463,11.5041025056847,21.4773726338166,0.69,650.239069104191,661.743171609876,0.3,0.32258064516129,818.349224805832
341,2,0.2,0.6,1,13500,100000,100,295.897549066312,312.191181310879,16.2936322445673,29.7360125263385,0.7,639.101860889659,655.395493134226,0.3,0.348837209302326,739.541863918305
342,2,0.3,0.6,1,13500,100000,100,279.212512494881,302.646768571895,23.4342560770145,29.6676677377778,0.74,624.394499330793,647.828755407807,0.3,0.379746835443038,734.088651895523
343,2,0.4,0.6,1,13500,100000,100,293.743624503005,311.523793052943,17.7801685499382,29.193020199948,0.72,640.753881120211,658.534049670149,0.3,0.416666666666667,788.766014099121
344,2,0.5,0.6,1,13500,100000,100,295.235915291394,325.999686825829,30.7637715344349,32.0046211754374,0.81,640.845082601251,671.608854135686,0.3,0.461538461538462,739.138117074966
345,2,0.1,0.7,1,13500,100000,100,301.245526943506,309.664058902501,8.41853195899464,28.0987463431555,0.54,647.551395136422,655.969927095417,0.3,0.32258064516129,772.472444295883
346,2,0.2,0.7,1,13500,100000,100,292.283033706885,309.733681144205,17.4506474373201,35.2728084803283,0.63,638.654277705816,656.104925143137,0.3,0.348837209302326,769.583910465241
347,2,0.3,0.7,1,13500,100000,100,303.488371365695,315.574734981429,12.0863636157337,25.2454537188535,0.66,649.686281723369,661.772645339103,0.3,0.379746835443038,815.176821231842
348,2,0.4,0.7,1,13500,100000,100,303.142080560016,327.080383348366,23.9383027883497,27.5889676642457,0.78,647.18394320052,671.12224598887,0.3,0.416666666666667,741.723562240601
349,2,0.5,0.7,1,13500,100000,100,285.892575708963,307.123395824254,21.2308201152918,26.9134198571433,0.77,630.059408495956,651.290228611248,0.3,0.461538461538462,767.943398237228
350,2,0.1,0.3,2,13500,100000,100,293.416235797734,300.581620331461,7.1653845337272,22.7546503558943,0.57,642.562359940855,649.727744474582,0.3,0.32258064516129,751.375311136246
351,2,0.2,0.3,2,13500,100000,100,295.908112207056,301.032359121936,5.12424691488011,26.5056341981335,0.57,642.29838580089,647.42263271577,0.3,0.348837209302326,752.731692552567
352,2,0.3,0.3,2,13500,100000,100,289.525171830589,300.390555119686,10.8653832890966,25.4751669385646,0.69,636.094714769396,646.960098058493,0.3,0.379746835443038,750.12455868721
353,2,0.4,0.3,2,13500,100000,100,292.236793874536,308.95844347651,16.7216496019732,28.9202719977233,0.73,640.315765993077,657.03741559505,0.3,0.416666666666667,761.894061088562
354,2,0.5,0.3,2,13500,100000,100,288.085168773732,305.438623197858,17.3534544241261,22.3007999464059,0.77,639.205167491829,656.558621915955,0.3,0.461538461538462,790.247193336487
355,2,0.1,0.4,2,13500,100000,100,291.809970513931,296.255005847474,4.44503533354333,21.2895723632078,0.62,641.911084176044,646.356119509587,0.3,0.32258064516129,825.235946893692
356,2,0.2,0.4,2,13500,100000,100,286.323154691582,294.331943167812,8.00878847622994,27.7641797182748,0.59,633.839245102926,641.848033579156,0.3,0.348837209302326,826.661048412323
357,2,0.3,0.4,2,13500,100000,100,299.30975024844,311.096322765064,11.786572516624,30.2092962889627,0.65,638.297856831014,650.084429347638,0.3,0.379746835443038,758.632384777069
358,2,0.4,0.4,2,13500,100000,100,297.9423351655,314.76294410389,16.8206089383908,31.914739358906,0.72,643.171308026679,659.991916965069,0.3,0.416666666666667,742.79058432579
359,2,0.5,0.4,2,13500,100000,100,292.106618113576,313.599148104837,21.4925299912615,30.1928492250785,0.76,637.228880625716,658.721410616978,0.3,0.461538461538462,739.099865913391
360,2,0.1,0.5,2,13500,100000,100,308.912655762696,317.018508415909,8.10585265321288,28.352080794528,0.55,652.619469176155,660.725321829368,0.3,0.32258064516129,735.257332801819
361,2,0.2,0.5,2,13500,100000,100,298.811148465521,307.83426188501,9.02311341948833,28.6009237449628,0.6,643.319840636614,652.342954056102,0.3,0.348837209302326,876.96817278862
362,2,0.3,0.5,2,13500,100000,100,296.851933211763,310.010982451506,13.1590492397436,30.6593951181147,0.65,640.546256200389,653.705305440133,0.3,0.379746835443038,770.203258275986
363,2,0.4,0.5,2,13500,100000,100,288.655261260356,308.880818745014,20.2255574846574,27.1032809717047,0.81,635.017396109778,655.242953594436,0.3,0.416666666666667,759.744118452072
364,2,0.5,0.5,2,13500,100000,100,286.239941600831,313.494467784196,27.2545261833658,29.3226667419177,0.75,631.118672320962,658.373198504328,0.3,0.461538461538462,737.78201174736
365,2,0.1,0.6,2,13500,100000,100,289.347997635941,305.094175053834,15.7461774178926,28.9702667248986,0.69,633.234546575941,648.980723993834,0.3,0.32258064516129,779.832367420197
366,2,0.2,0.6,2,13500,100000,100,297.932113746225,312.740543993965,14.8084302477403,25.105706260777,0.71,645.611228965755,660.419659213495,0.3,0.348837209302326,748.044349908829
367,2,0.3,0.6,2,13500,100000,100,291.702139455459,308.458466576959,16.7563271214998,26.6271264315255,0.71,641.065893028634,657.822220150134,0.3,0.379746835443038,779.876903772354
368,2,0.4,0.6,2,13500,100000,100,291.600692722398,311.618724517234,20.0180317948356,26.5745214927553,0.77,636.587739401983,656.605771196819,0.3,0.416666666666667,746.470660209656
369,2,0.5,0.6,2,13500,100000,100,287.683896318303,305.034784704696,17.3508883863936,26.6969508085609,0.74,638.432549021802,655.783437408196,0.3,0.461538461538462,758.62720823288
370,2,0.1,0.7,2,13500,100000,100,293.76562802412,305.510271314701,11.7446432905808,31.1390542627506,0.65,640.705566504014,652.450209794595,0.3,0.32258064516129,747.276300907135
371,2,0.2,0.7,2,13500,100000,100,292.499588037055,309.496796451563,16.9972084145077,29.0633096082164,0.69,636.044398329895,653.041606744403,0.3,0.348837209302326,818.748483657837
372,2,0.3,0.7,2,13500,100000,100,302.466632539755,316.197751655332,13.7311191155774,32.4953660072619,0.64,643.490224720964,657.221343836541,0.3,0.379746835443038,820.028469562531
373,2,0.4,0.7,2,13500,100000,100,291.458833427326,315.123211211806,23.66437778448,30.2654209444496,0.75,633.688619688034,657.352997472514,0.3,0.416666666666667,745.449781179428
374,2,0.5,0.7,2,13500,100000,100,294.017409953963,320.498470195681,26.4810602417183,28.292403679407,0.81,642.255433567497,668.736493809215,0.3,0.461538461538462,738.637241840363
375,2,0.1,0.3,3,13500,100000,100,297.882969771274,304.349046008239,6.46607623696506,29.7189918751259,0.56,645.679534061079,652.145610298044,0.3,0.32258064516129,798.768231153488
376,2,0.2,0.3,3,13500,100000,100,303.950834658986,311.381278198071,7.43044353908544,26.3735524070955,0.62,649.554440031684,656.984883570769,0.3,0.348837209302326,738.548423290253
377,2,0.3,0.3,3,13500,100000,100,299.237749850354,314.689608063693,15.4518582133388,30.2860564366775,0.7,640.16990304275,655.621761256089,0.3,0.379746835443038,789.920396089554
378,2,0.4,0.3,3,13500,100000,100,292.214818154084,312.258097321776,20.0432791676928,28.6893843170893,0.78,637.110270725535,657.153549893228,0.3,0.416666666666667,770.728466510773
379,2,0.5,0.3,3,13500,100000,100,291.013961485795,307.88379643074,16.869834944945,28.6010987794819,0.67,636.824741050259,653.694575995204,0.3,0.461538461538462,823.416033267975
380,2,0.1,0.4,3,13500,100000,100,298.307400665751,307.069393163659,8.76199249790773,29.9534285403684,0.6,641.805269400821,650.567261898729,0.3,0.32258064516129,745.576098203659
381,2,0.2,0.4,3,13500,100000,100,295.574524569352,306.75654797947,11.1820234101176,29.5227141019248,0.65,641.839322152075,653.021345562192,0.3,0.348837209302326,783.925937175751
382,2,0.3,0.4,3,13500,100000,100,292.609052105504,307.465356638259,14.8563045327544,26.29177140156,0.69,638.622351272069,653.478655804823,0.3,0.379746835443038,750.403493881226
383,2,0.4,0.4,3,13500,100000,100,287.618555981764,305.415705032775,17.7971490510106,30.1689537935825,0.73,637.169002055993,654.966151107004,0.3,0.416666666666667,787.096449375153
384,2,0.5,0.4,3,13500,100000,100,299.602671002954,316.265305019414,16.6626340164596,26.2405307580102,0.76,644.327867650416,660.990501666876,0.3,0.461538461538462,759.018700122833
385,2,0.1,0.5,3,13500,100000,100,291.088999681248,304.859569513432,13.7705698321836,32.6153263382457,0.66,638.161935299489,651.932505131672,0.3,0.32258064516129,758.946658849716
386,2,0.2,0.5,3,13500,100000,100,294.798243056469,305.001460050498,10.2032169940288,26.5910529223223,0.64,644.23510349723,654.438320491259,0.3,0.348837209302326,785.193009614945
387,2,0.3,0.5,3,13500,100000,100,294.010992634807,308.265175054132,14.2541824193251,28.1748360889934,0.63,637.500455953273,651.754638372598,0.3,0.379746835443038,819.035480499268
388,2,0.4,0.5,3,13500,100000,100,295.432219591285,309.014216472777,13.5819968814915,27.2997922780037,0.65,638.569946091609,652.1519429731,0.3,0.416666666666667,822.946123838425
389,2,0.5,0.5,3,13500,100000,100,293.905039001499,315.76343358394,21.8583945824412,25.8101318115966,0.74,640.121668263947,661.980062846388,0.3,0.461538461538462,740.356483697891
390,2,0.1,0.6,3,13500,100000,100,295.871810024387,309.243969222236,13.3721591978499,31.0177620841303,0.67,642.22153436939,655.59369356724,0.3,0.32258064516129,739.821285009384
391,2,0.2,0.6,3,13500,100000,100,296.534028707644,306.638466033709,10.1044373260649,28.2084308600799,0.65,647.890148868256,657.994586194321,0.3,0.348837209302326,740.784925699234
392,2,0.3,0.6,3,13500,100000,100,302.599971902092,318.841610396045,16.2416384939525,23.8094732606203,0.77,647.949986297332,664.191624791284,0.3,0.379746835443038,735.067428827286
393,2,0.4,0.6,3,13500,100000,100,303.338294336177,318.232650038351,14.8943557021743,26.4086394245791,0.67,642.78983194764,657.684187649815,0.3,0.416666666666667,767.147654056549
394,2,0.5,0.6,3,13500,100000,100,300.069235264672,320.137730215957,20.0684949512852,30.1108056997482,0.74,640.503723417911,660.572218369196,0.3,0.461538461538462,752.110998153687
395,2,0.1,0.7,3,13500,100000,100,301.710366845865,312.606935096924,10.8965682510593,25.8015804925091,0.63,643.883811338654,654.780379589713,0.3,0.32258064516129,747.595939159393
396,2,0.2,0.7,3,13500,100000,100,287.904702567917,299.719315851785,11.8146132838683,28.9985416942558,0.6,638.168768133279,649.983381417148,0.3,0.348837209302326,738.867200374603
397,2,0.3,0.7,3,13500,100000,100,279.762671787198,297.549045806374,17.7863740191756,29.7734953240294,0.75,633.6980112488,651.484385267975,0.3,0.379746835443038,738.721857786179
398,2,0.4,0.7,3,13500,100000,100,286.395942486993,308.165631723687,21.7696892366934,31.0802628334286,0.8,633.099221416421,654.868910653114,0.3,0.416666666666667,742.791101455689
399,2,0.5,0.7,3,13500,100000,100,294.818518046955,319.750297171757,24.9317791248017,29.6360021484088,0.82,642.213795469674,667.145574594476,0.3,0.461538461538462,734.534826755524
400,2,0.1,0.3,0,17000,100000,100,284.545602038412,293.158147537039,8.61254549862659,26.97561443779,0.6,628.706175270003,637.31872076863,0.3,0.32258064516129,758.771153926849
401,2,0.2,0.3,0,17000,100000,100,293.050099391753,300.689929270991,7.63982987923756,27.1944320484832,0.54,639.341292295607,646.981122174844,0.3,0.348837209302326,779.985478639603
402,2,0.3,0.3,0,17000,100000,100,302.79494946994,312.706456297645,9.91150682770473,26.9558362936892,0.61,648.387108974985,658.29861580269,0.3,0.379746835443038,749.949260950089
403,2,0.4,0.3,0,17000,100000,100,288.198375505879,306.881851528472,18.6834760225923,26.9865882122855,0.74,637.608420097028,656.29189611962,0.3,0.416666666666667,824.069865703583
404,2,0.5,0.3,0,17000,100000,100,289.795232331458,307.860355211512,18.0651228800541,26.2615792167565,0.76,635.818644530884,653.883767410938,0.3,0.461538461538462,820.466557025909
405,2,0.1,0.4,0,17000,100000,100,291.587220394669,297.916344457546,6.32912406287707,30.0570609274348,0.55,640.481586774711,646.810710837588,0.3,0.32258064516129,739.267148494721
406,2,0.2,0.4,0,17000,100000,100,281.049713245144,298.609328699899,17.5596154547545,30.7428759380265,0.71,629.644017784841,647.203633239596,0.3,0.348837209302326,737.799386739731
407,2,0.3,0.4,0,17000,100000,100,296.253220794796,311.951048211787,15.6978274169906,26.3051556270508,0.72,640.472741805378,656.170569222368,0.3,0.379746835443038,736.803454637528
408,2,0.4,0.4,0,17000,100000,100,294.428299546919,311.052846833768,16.6245472868491,25.2785608640829,0.7,643.376702221972,660.001249508822,0.3,0.416666666666667,735.344832181931
409,2,0.5,0.4,0,17000,100000,100,290.390715592094,307.664531375415,17.2738157833217,28.41185788259,0.72,637.28112380451,654.554939587832,0.3,0.461538461538462,768.114575147629
410,2,0.1,0.5,0,17000,100000,100,283.210394084197,290.644091418629,7.4336973344321,27.7822656103538,0.58,632.937594422748,640.37129175718,0.3,0.32258064516129,751.516185998917
411,2,0.2,0.5,0,17000,100000,100,298.890740929648,309.681109057811,10.7903681281627,25.1453218898773,0.64,645.194327926151,655.984696054314,0.3,0.348837209302326,746.531032562256
412,2,0.3,0.5,0,17000,100000,100,290.646588039145,307.694775441723,17.0481874025784,29.0881484966006,0.72,637.612798072201,654.660985474779,0.3,0.379746835443038,740.001756906509
413,2,0.4,0.5,0,17000,100000,100,286.493753775173,305.302596423422,18.8088426482491,25.7906967189847,0.75,633.74498379159,652.553826439839,0.3,0.416666666666667,768.68257856369
414,2,0.5,0.5,0,17000,100000,100,292.170421541576,314.270291790323,22.0998702487464,28.8904459848611,0.8,636.478526440149,658.578396688896,0.3,0.461538461538462,744.894554376602
415,2,0.1,0.6,0,17000,100000,100,301.220431400123,309.805688308559,8.58525690843598,31.7223528003242,0.61,645.08566826264,653.670925171076,0.3,0.32258064516129,736.53973865509
416,2,0.2,0.6,0,17000,100000,100,296.902841742252,306.35973696236,9.45689522010896,25.0723152179486,0.64,640.092548884443,649.549444104552,0.3,0.348837209302326,762.706412792206
417,2,0.3,0.6,0,17000,100000,100,287.616364184668,302.64372211027,15.0273579256018,27.9772385545487,0.7,634.278541742195,649.305899667797,0.3,0.379746835443038,782.075681686401
418,2,0.4,0.6,0,17000,100000,100,289.794881460319,305.941241798156,16.1463603378375,27.1453777581573,0.68,643.457929870351,659.604290208188,0.3,0.416666666666667,766.157049417496
419,2,0.5,0.6,0,17000,100000,100,282.596618646826,305.773277583119,23.1766589362931,28.4914142887926,0.78,634.001477761297,657.17813669759,0.3,0.461538461538462,824.700735330582
420,2,0.1,0.7,0,17000,100000,100,286.787108592415,298.184517423728,11.3974088313136,29.0020625250892,0.64,635.421307576493,646.818716407807,0.3,0.32258064516129,820.76596903801
421,2,0.2,0.7,0,17000,100000,100,284.949535396863,299.415296085544,14.4657606886816,33.3539372845353,0.67,633.157920141833,647.623680830515,0.3,0.348837209302326,752.14235663414
422,2,0.3,0.7,0,17000,100000,100,297.985671130367,304.711992959879,6.72632182951248,30.0176394338227,0.57,643.06948011291,649.795801942423,0.3,0.379746835443038,738.156178951263
423,2,0.4,0.7,0,17000,100000,100,296.092513307825,316.27054160356,20.1780282957345,29.7446359063598,0.74,645.953532878373,666.131561174108,0.3,0.416666666666667,741.109820127487
424,2,0.5,0.7,0,17000,100000,100,282.487308826989,301.414596147334,18.9272873203445,29.3938532886649,0.69,631.568247114802,650.495534435146,0.3,0.461538461538462,743.358951568604
425,2,0.1,0.3,1,17000,100000,100,295.008939615565,302.660444873395,7.65150525783042,26.8111201396165,0.57,643.256698124523,650.908203382354,0.3,0.32258064516129,746.589221477509
426,2,0.2,0.3,1,17000,100000,100,288.81921562288,299.075773881807,10.2565582589276,26.4224646516583,0.66,632.764849741383,643.021408000311,0.3,0.348837209302326,751.467537879944
427,2,0.3,0.3,1,17000,100000,100,298.167603779779,312.32777578265,14.1601720028707,28.3281352058139,0.69,640.634747581608,654.794919584478,0.3,0.379746835443038,747.272601127625
428,2,0.4,0.3,1,17000,100000,100,296.116801837427,315.058564193946,18.9417623565196,25.0205649489946,0.8,642.241904871724,661.183667228243,0.3,0.416666666666667,737.095859766006
429,2,0.5,0.3,1,17000,100000,100,298.141536639037,316.713096080489,18.5715594414526,28.0786137924129,0.76,644.076805387607,662.648364829059,0.3,0.461538461538462,753.324157714844
430,2,0.1,0.4,1,17000,100000,100,297.30920424368,304.685910154405,7.37670591072508,30.7558538537226,0.55,640.307939955007,647.684645865733,0.3,0.32258064516129,745.660429000855
431,2,0.2,0.4,1,17000,100000,100,296.2889561884,309.909546130393,13.6205899419932,27.6665306984627,0.64,638.313341663251,651.933931605244,0.3,0.348837209302326,736.488318681717
432,2,0.3,0.4,1,17000,100000,100,301.582913326547,316.446370257819,14.8634569312715,31.0365502633605,0.69,645.261577104687,660.125034035958,0.3,0.379746835443038,756.003364086151
433,2,0.4,0.4,1,17000,100000,100,301.824829859054,317.443817446224,15.6189875871698,29.22832757972,0.75,647.013264573369,662.632252160539,0.3,0.416666666666667,762.107694625855
434,2,0.5,0.4,1,17000,100000,100,282.601309532339,305.686358478763,23.0850489464241,31.3284214098663,0.78,631.635568995233,654.720617941657,0.3,0.461538461538462,773.146288633347
435,2,0.1,0.5,1,17000,100000,100,287.337915474538,298.835019004046,11.4971035295074,26.4278732331661,0.62,631.702053739046,643.199157268553,0.3,0.32258064516129,821.122142791748
436,2,0.2,0.5,1,17000,100000,100,291.501417368923,299.985300165752,8.48388279682861,26.2481578045392,0.66,634.609763378019,643.093646174847,0.3,0.348837209302326,820.665293931961
437,2,0.3,0.5,1,17000,100000,100,297.183647392737,315.781880466609,18.5982330738716,25.9217270541706,0.76,641.962960981987,660.561194055858,0.3,0.379746835443038,747.096316337585
438,2,0.4,0.5,1,17000,100000,100,290.806918886558,308.751185351336,17.9442664647787,29.6123483244806,0.73,638.203790748608,656.148057213387,0.3,0.416666666666667,738.744947910309
439,2,0.5,0.5,1,17000,100000,100,297.075027320648,318.737889752622,21.6628624319743,25.6970713023071,0.79,644.259059692358,665.921922124333,0.3,0.461538461538462,736.837012052536
440,2,0.1,0.6,1,17000,100000,100,293.997576835206,305.755877639727,11.7583008045216,29.8544604284282,0.65,637.919228320529,649.677529125051,0.3,0.32258064516129,738.606257915497
441,2,0.2,0.6,1,17000,100000,100,281.655475367911,299.103799897245,17.4483245293341,28.0921205552495,0.74,628.95236545018,646.400689979514,0.3,0.348837209302326,765.479820251465
442,2,0.3,0.6,1,17000,100000,100,292.664492269215,309.467258275402,16.8027660061871,27.1297184937511,0.75,640.412100253222,657.214866259409,0.3,0.379746835443038,751.681301355362
443,2,0.4,0.6,1,17000,100000,100,295.354739601737,312.128212871746,16.773473270009,28.7313655730617,0.67,641.598069616614,658.371542886623,0.3,0.416666666666667,794.421369075775
444,2,0.5,0.6,1,17000,100000,100,293.302339954401,315.508832317317,22.2064923629163,26.9857643256207,0.8,637.631210132982,659.837702495899,0.3,0.461538461538462,741.364297151566
445,2,0.1,0.7,1,17000,100000,100,298.10475388921,308.630003951783,10.5252500625734,28.3092221776695,0.66,642.275236932269,652.800486994843,0.3,0.32258064516129,764.275331020355
446,2,0.2,0.7,1,17000,100000,100,290.924202519544,303.207332843233,12.283130323689,28.1735870089362,0.68,640.891777459087,653.174907782776,0.3,0.348837209302326,742.419618606567
447,2,0.3,0.7,1,17000,100000,100,294.721099294953,308.247111855238,13.5260125602845,27.768305299091,0.66,644.207391471923,657.733404032208,0.3,0.379746835443038,737.521006345749
448,2,0.4,0.7,1,17000,100000,100,299.452364421743,318.971524427084,19.5191600053406,29.8110468114049,0.73,643.143858540204,662.663018545545,0.3,0.416666666666667,754.241468191147
449,2,0.5,0.7,1,17000,100000,100,298.073946922238,318.818301842326,20.7443549200876,25.829231328644,0.78,645.72203739777,666.466392317857,0.3,0.461538461538462,764.564872741699
450,2,0.1,0.3,2,17000,100000,100,291.343729255571,298.739453444479,7.3957241889085,26.9149731259741,0.58,637.564159917818,644.959884106726,0.3,0.32258064516129,774.674233675003
451,2,0.2,0.3,2,17000,100000,100,289.749694703039,304.952605115522,15.2029104124828,24.8299092289164,0.73,639.651387670671,654.854298083154,0.3,0.348837209302326,822.928776741028
452,2,0.3,0.3,2,17000,100000,100,291.034204187184,307.772786497682,16.7385823104983,31.2704629412257,0.71,635.905293368212,652.64387567871,0.3,0.379746835443038,819.747729063034
453,2,0.4,0.3,2,17000,100000,100,294.217868861509,312.096462487183,17.8785936256744,25.8113853322158,0.76,639.07642207644,656.955015702114,0.3,0.416666666666667,741.809677124024
454,2,0.5,0.3,2,17000,100000,100,309.1229872066,323.665337433054,14.5423502264541,26.0071500546174,0.69,650.89507605916,665.437426285614,0.3,0.461538461538462,740.607972621918
455,2,0.1,0.4,2,17000,100000,100,288.210294806182,293.587450147937,5.37715534175404,23.4181265265949,0.58,634.572107521735,639.949262863489,0.3,0.32258064516129,739.212420225143
456,2,0.2,0.4,2,17000,100000,100,290.730265308942,301.415162111116,10.6848968021745,29.9697774732152,0.62,637.078253699209,647.763150501383,0.3,0.348837209302326,734.604022264481
457,2,0.3,0.4,2,17000,100000,100,291.245084171343,306.264140837477,15.0190566661333,27.2701251461432,0.62,636.244611956203,651.263668622336,0.3,0.379746835443038,764.768067121506
458,2,0.4,0.4,2,17000,100000,100,297.99356981225,314.603248853842,16.6096790415921,25.0616293517967,0.72,645.176652192191,661.786331233783,0.3,0.416666666666667,751.161620616913
459,2,0.5,0.4,2,17000,100000,100,288.092174363238,306.718463996666,18.6262896334284,28.9204879002406,0.7,635.087946358822,653.71423599225,0.3,0.461538461538462,748.967408895493
460,2,0.1,0.5,2,17000,100000,100,288.575203501765,297.219869824881,8.64466632311594,28.0377273522115,0.62,633.048858300904,641.69352462402,0.3,0.32258064516129,738.967872858048
461,2,0.2,0.5,2,17000,100000,100,292.81844965171,304.201163284333,11.3827136326239,24.8295693910715,0.65,638.012822790957,649.395536423581,0.3,0.348837209302326,748.244867563248
462,2,0.3,0.5,2,17000,100000,100,286.290923002064,304.241702677034,17.9507796749698,30.4976765183748,0.7,636.473445501092,654.424225176061,0.3,0.379746835443038,744.147784233093
463,2,0.4,0.5,2,17000,100000,100,308.809263712725,328.211615684804,19.402351972079,28.1388219011101,0.77,649.395747676273,668.798099648352,0.3,0.416666666666667,740.202969312668
464,2,0.5,0.5,2,17000,100000,100,296.955543496046,317.900953010774,20.9454095147283,28.0312340054698,0.81,640.727703250365,661.673112765094,0.3,0.461538461538462,756.918760299683
465,2,0.1,0.6,2,17000,100000,100,285.603444534869,300.224621256887,14.621176722018,29.2802367589822,0.69,629.872996769289,644.494173491307,0.3,0.32258064516129,761.425300836563
466,2,0.2,0.6,2,17000,100000,100,286.834769285628,299.47158137779,12.6368120921623,26.9912358346826,0.64,629.324375485129,641.961187577291,0.3,0.348837209302326,772.373325824738
467,2,0.3,0.6,2,17000,100000,100,298.929701235871,313.219673524963,14.2899722890919,28.2646818104618,0.68,643.425330422581,657.715302711673,0.3,0.379746835443038,820.815459728241
468,2,0.4,0.6,2,17000,100000,100,291.424885848449,307.157027070408,15.7321412219585,26.563928070898,0.73,636.742436234218,652.474577456176,0.3,0.416666666666667,824.024788141251
469,2,0.5,0.6,2,17000,100000,100,293.612906820844,314.878381524243,21.2654747033994,25.4408727791158,0.74,640.22744864827,661.49292335167,0.3,0.461538461538462,754.970136165619
470,2,0.1,0.7,2,17000,100000,100,296.742866332112,309.259228468157,12.5163621360449,32.7171272150986,0.62,638.031274982418,650.547637118463,0.3,0.32258064516129,736.406332492828
471,2,0.2,0.7,2,17000,100000,100,291.790291943997,307.838100404331,16.0478084603344,27.7796118608038,0.69,634.980627136188,651.028435596522,0.3,0.348837209302326,737.794293642044
472,2,0.3,0.7,2,17000,100000,100,294.525616732305,310.381852617308,15.8562358850023,31.3967336245332,0.68,642.288869195705,658.145105080707,0.3,0.379746835443038,744.05907702446
473,2,0.4,0.7,2,17000,100000,100,285.508021148569,303.565685866995,18.0576647184258,29.9544539135684,0.78,632.340398394743,650.398063113169,0.3,0.416666666666667,773.291572570801
474,2,0.5,0.7,2,17000,100000,100,285.780642721135,312.03565681131,26.255014090175,29.9188873869506,0.81,631.532353079909,657.787367170084,0.3,0.461538461538462,750.905121564865
475,2,0.1,0.3,3,17000,100000,100,289.384001082606,297.477930593369,8.09392951076335,28.4181229978239,0.65,636.980145166174,645.074074676937,0.3,0.32258064516129,795.275871515274
476,2,0.2,0.3,3,17000,100000,100,291.572884826518,306.544485464884,14.971600638366,26.650518550953,0.7,635.646035076645,650.617635715011,0.3,0.348837209302326,737.482254981995
477,2,0.3,0.3,3,17000,100000,100,302.704497540385,318.839930528681,16.1354329882962,24.3635686449775,0.73,648.893632024701,665.029065012997,0.3,0.379746835443038,744.195259809494
478,2,0.4,0.3,3,17000,100000,100,290.300659203821,304.047096944369,13.7464377405474,29.5345053893407,0.62,637.220332946356,650.966770686903,0.3,0.416666666666667,744.947550296784
479,2,0.5,0.3,3,17000,100000,100,298.950881386817,322.477396141788,23.5265147549708,31.7883394977809,0.78,644.731466398429,668.2579811534,0.3,0.461538461538462,736.081584215164
480,2,0.1,0.4,3,17000,100000,100,299.381686947466,306.06089559702,6.67920864955414,29.6500093091805,0.64,646.181804471111,652.861013120665,0.3,0.32258064516129,760.51598072052
481,2,0.2,0.4,3,17000,100000,100,283.246996125702,295.992717354672,12.7457212289691,28.6588752618893,0.62,632.610746544518,645.356467773487,0.3,0.348837209302326,760.918452739716
482,2,0.3,0.4,3,17000,100000,100,296.535348950874,310.569068631549,14.0337196806745,28.165307847383,0.64,643.075537142776,657.109256823451,0.3,0.379746835443038,777.42457485199
483,2,0.4,0.4,3,17000,100000,100,305.175845347795,316.807026738703,11.6311813909081,28.2265158998739,0.67,647.913872051577,659.545053442486,0.3,0.416666666666667,832.810035467148
484,2,0.5,0.4,3,17000,100000,100,293.612195960465,316.465751285204,22.8535553247392,29.8194838062785,0.79,637.690163182425,660.543718507164,0.3,0.461538461538462,820.762051343918
485,2,0.1,0.5,3,17000,100000,100,296.160200954284,306.121951916453,9.96175096216807,25.0978639690774,0.62,635.75041731731,645.712168279478,0.3,0.32258064516129,741.648217201233
486,2,0.2,0.5,3,17000,100000,100,289.211738032923,306.319355325603,17.1076172926804,28.583815718093,0.72,638.233626022315,655.341243314995,0.3,0.348837209302326,738.904331684113
487,2,0.3,0.5,3,17000,100000,100,293.996331092288,312.949231082331,18.9528999900429,31.9012233708523,0.77,635.959624330763,654.912524320806,0.3,0.379746835443038,784.71829533577
488,2,0.4,0.5,3,17000,100000,100,296.903073054965,315.134604515105,18.23153146014,28.2115481310302,0.72,645.501453679631,663.732985139771,0.3,0.416666666666667,740.463240385056
489,2,0.5,0.5,3,17000,100000,100,295.67311793521,319.749304802035,24.0761868668259,32.3255816813261,0.8,641.632658332479,665.708845199304,0.3,0.461538461538462,785.723230361939
490,2,0.1,0.6,3,17000,100000,100,291.297886681505,302.118839049244,10.8209523677388,25.9313862104263,0.64,635.488404012747,646.309356380486,0.3,0.32258064516129,768.796338558197
491,2,0.2,0.6,3,17000,100000,100,303.525516173899,315.226610354126,11.7010941802272,23.9638325305237,0.69,646.172821213381,657.873915393608,0.3,0.348837209302326,802.804254055023
492,2,0.3,0.6,3,17000,100000,100,293.039197492435,306.718981876442,13.6797843840069,29.359517768139,0.69,635.176926361339,648.856710745346,0.3,0.379746835443038,737.392059087753
493,2,0.4,0.6,3,17000,100000,100,292.178242433446,306.840499304441,14.6622568709952,29.2398352779566,0.71,636.396004624887,651.058261495883,0.3,0.416666666666667,753.264631032944
494,2,0.5,0.6,3,17000,100000,100,289.974295471561,310.67408221271,20.699786741149,31.1899474080497,0.75,631.517168244703,652.216954985852,0.3,0.461538461538462,744.160695791245
495,2,0.1,0.7,3,17000,100000,100,296.213641669867,310.528758649545,14.315116979678,27.2075447737749,0.7,649.417259464269,663.732376443947,0.3,0.32258064516129,743.020265340805
496,2,0.2,0.7,3,17000,100000,100,303.397671742012,318.247403613872,14.8497318718607,25.2243327162107,0.73,651.187513012011,666.037244883872,0.3,0.348837209302326,759.933955192566
497,2,0.3,0.7,3,17000,100000,100,302.258483149895,315.664205709427,13.4057225595316,28.3726397155984,0.58,643.97685970693,657.382582266462,0.3,0.379746835443038,761.300585031509
498,2,0.4,0.7,3,17000,100000,100,290.233869892495,308.944824153799,18.7109542613035,26.8048117050857,0.8,638.928563663394,657.639517924697,0.3,0.416666666666667,747.552374362946
499,2,0.5,0.7,3,17000,100000,100,295.885234482092,315.542298242528,19.6570637604362,34.448306529267,0.68,639.918682206086,659.575745966522,0.3,0.461538461538462,822.859259128571
500,2,0.1,0.3,0,20000,100000,100,302.234384556476,308.128714102007,5.89432954553043,25.0538202758574,0.57,647.642262602116,653.536592147646,0.3,0.32258064516129,827.205025434494
501,2,0.2,0.3,0,20000,100000,100,297.245017939825,305.420473285727,8.1754553459018,25.5802851811202,0.59,643.611881970853,651.787337316755,0.3,0.348837209302326,742.690693855286
502,2,0.3,0.3,0,20000,100000,100,295.780364335643,309.11732692324,13.3369625875973,28.342657256901,0.67,643.619934172372,656.95689675997,0.3,0.379746835443038,744.416766881943
503,2,0.4,0.3,0,20000,100000,100,289.773191412405,304.214511151872,14.4413197394672,29.0990600036057,0.7,634.645943985618,649.087263725085,0.3,0.416666666666667,746.310738325119
504,2,0.5,0.3,0,20000,100000,100,299.155267779915,314.011844648213,14.8565768682977,22.9633372125257,0.7,647.198284312952,662.054861181249,0.3,0.461538461538462,747.500902891159
505,2,0.1,0.4,0,20000,100000,100,296.198111686887,304.860524382241,8.66241269535462,27.2592797924573,0.64,640.633244255112,649.295656950466,0.3,0.32258064516129,767.617780208588
506,2,0.2,0.4,0,20000,100000,100,296.252398266394,307.042142045602,10.789743779208,29.3186006907389,0.68,640.497100606804,651.286844386012,0.3,0.348837209302326,758.280455350876
507,2,0.3,0.4,0,20000,100000,100,292.123484562198,308.320111160074,16.1966265978753,27.13261367348,0.71,640.945101189268,657.141727787143,0.3,0.379746835443038,749.024476766586
508,2,0.4,0.4,0,20000,100000,100,284.205926037107,301.915713941856,17.7097879047488,26.4559388001537,0.78,625.372082177443,643.081870082192,0.3,0.416666666666667,742.169410705566
509,2,0.5,0.4,0,20000,100000,100,298.36233701547,317.685751709683,19.3234146942134,26.0845633862401,0.79,644.51324265313,663.836657347344,0.3,0.461538461538462,749.205404758453
510,2,0.1,0.5,0,20000,100000,100,290.791225601555,299.90644617131,9.11522056975543,23.5767955455108,0.64,640.680097686987,649.795318256743,0.3,0.32258064516129,744.111191511154
511,2,0.2,0.5,0,20000,100000,100,296.376074294842,311.413434743777,15.0373604489358,28.6862097200429,0.67,643.307259159406,658.344619608342,0.3,0.348837209302326,734.806082725525
512,2,0.3,0.5,0,20000,100000,100,292.903980802646,307.505787584576,14.6018067819302,27.3384938758667,0.71,641.437467692632,656.039274474562,0.3,0.379746835443038,767.813015699387
513,2,0.4,0.5,0,20000,100000,100,300.413145472629,320.539655854859,20.1265103822297,29.7287575995565,0.78,645.718701680501,665.84521206273,0.3,0.416666666666667,779.107867479324
514,2,0.5,0.5,0,20000,100000,100,308.487686135071,324.678323623786,16.1906374887144,21.5025979517376,0.75,652.017254729203,668.207892217917,0.3,0.461538461538462,779.718638181686
515,2,0.1,0.6,0,20000,100000,100,287.373787863067,297.695783413686,10.3219955506186,28.6896093926887,0.64,635.941572090522,646.26356764114,0.3,0.32258064516129,824.872371435165
516,2,0.2,0.6,0,20000,100000,100,285.645783406173,304.750267386693,19.1044839805196,30.2927131350907,0.72,638.469470988475,657.573954968994,0.3,0.348837209302326,821.944210767746
517,2,0.3,0.6,0,20000,100000,100,283.181564321941,296.83744503333,13.6558807113897,28.0503926906962,0.7,630.563806120571,644.219686831961,0.3,0.379746835443038,741.346529006958
518,2,0.4,0.6,0,20000,100000,100,289.371294863336,309.205690484269,19.8343956209335,29.9047362746134,0.75,633.592281248198,653.426676869131,0.3,0.416666666666667,740.140562772751
519,2,0.5,0.6,0,20000,100000,100,289.202774856974,306.936811011769,17.7340361547947,25.7739015754858,0.8,632.881555524527,650.615591679322,0.3,0.461538461538462,737.08500623703
520,2,0.1,0.7,0,20000,100000,100,299.830243039708,308.886812606984,9.05656956727621,29.250216626443,0.59,643.516670951435,652.573240518711,0.3,0.32258064516129,747.04517698288
521,2,0.2,0.7,0,20000,100000,100,288.444769019807,297.974964630481,9.53019561067328,26.0873322162199,0.63,634.450361266896,643.980556877569,0.3,0.348837209302326,771.753366470337
522,2,0.3,0.7,0,20000,100000,100,296.978626855411,313.537958757871,16.5593319024598,28.2048228012719,0.7,639.059825721779,655.619157624238,0.3,0.379746835443038,767.024425983429
523,2,0.4,0.7,0,20000,100000,100,291.321990730509,317.976230479214,26.6542397487056,29.9495920229868,0.83,639.244318662201,665.898558410907,0.3,0.416666666666667,800.98645567894
524,2,0.5,0.7,0,20000,100000,100,297.167787798653,319.216267789336,22.0484799906827,26.4867250753996,0.79,642.004227767254,664.052707757937,0.3,0.461538461538462,738.401821136475
525,2,0.1,0.3,1,20000,100000,100,295.438622423519,303.009064772433,7.57044234891384,25.9990027642776,0.62,637.926625923819,645.497068272732,0.3,0.32258064516129,738.973329782486
526,2,0.2,0.3,1,20000,100000,100,293.044366521176,301.444892065716,8.40052554454038,23.758166847533,0.61,640.441741631984,648.842267176524,0.3,0.348837209302326,747.099922418594
527,2,0.3,0.3,1,20000,100000,100,296.323484914668,304.648131505579,8.32464659091144,27.8020828081716,0.55,644.449618163223,652.774264754135,0.3,0.379746835443038,779.145606279373
528,2,0.4,0.3,1,20000,100000,100,289.403871694251,310.582085152793,21.1782134585423,31.2272091850008,0.68,631.770186196675,652.948399655217,0.3,0.416666666666667,759.17527961731
529,2,0.5,0.3,1,20000,100000,100,290.825042455903,313.170856941322,22.3458144854187,28.4837947433627,0.79,633.868252264435,656.214066749853,0.3,0.461538461538462,764.034013748169
530,2,0.1,0.4,1,20000,100000,100,291.016475727581,299.018539687235,8.0020639596544,25.4836376793171,0.55,634.581236315651,642.583300275306,0.3,0.32258064516129,752.060534477234
531,2,0.2,0.4,1,20000,100000,100,298.159597805828,304.630123929589,6.47052612376101,25.9039771658268,0.55,647.323608136542,653.794134260303,0.3,0.348837209302326,825.307808399201
532,2,0.3,0.4,1,20000,100000,100,293.877806870711,306.289343407491,12.4115365367806,26.4446131840502,0.64,642.813456189506,655.224992726287,0.3,0.379746835443038,832.984493017197
533,2,0.4,0.4,1,20000,100000,100,295.904219265178,310.3504183622,14.4461990970223,23.9817006285737,0.71,637.191568412481,651.637767509503,0.3,0.416666666666667,757.642092227936
534,2,0.5,0.4,1,20000,100000,100,292.263001436737,316.340470548942,24.0774691122051,32.9091709050843,0.75,636.665492494149,660.742961606354,0.3,0.461538461538462,744.1851375103
535,2,0.1,0.5,1,20000,100000,100,286.600648069798,293.927486688717,7.3268386189196,26.878478712352,0.63,631.827161279797,639.153999898716,0.3,0.32258064516129,739.077411413193
536,2,0.2,0.5,1,20000,100000,100,288.755955959334,302.749530576681,13.9935746173471,31.4133935109985,0.62,631.769783496603,645.763358113951,0.3,0.348837209302326,737.685762643814
537,2,0.3,0.5,1,20000,100000,100,294.981022636979,312.366641938418,17.3856193014388,29.1091936502843,0.73,638.588536070894,655.974155372333,0.3,0.379746835443038,746.458542585373
538,2,0.4,0.5,1,20000,100000,100,287.403176327225,298.589500226062,11.1863238988376,22.0325990093219,0.67,632.728301736933,643.91462563577,0.3,0.416666666666667,752.072612285614
539,2,0.5,0.5,1,20000,100000,100,294.115493137666,315.013267691496,20.89777455383,29.0307155309184,0.73,633.687622369328,654.585396923158,0.3,0.461538461538462,802.416738986969
540,2,0.1,0.6,1,20000,100000,100,290.385630217028,301.502862038136,11.1172318211082,28.8921781616142,0.65,637.717530337634,648.834762158742,0.3,0.32258064516129,742.725512504578
541,2,0.2,0.6,1,20000,100000,100,298.86181951379,305.092216968833,6.2303974550428,25.1583316639341,0.58,646.163741480959,652.394138936002,0.3,0.348837209302326,749.80721616745
542,2,0.3,0.6,1,20000,100000,100,286.327053846296,299.75116788271,13.4241140364142,30.3661382168409,0.62,632.43159413819,645.855708174604,0.3,0.379746835443038,744.216476917267
543,2,0.4,0.6,1,20000,100000,100,297.635598541566,317.591502823155,19.9559042815886,29.9683324728499,0.76,641.283270315011,661.239174596599,0.3,0.416666666666667,762.187502384186
544,2,0.5,0.6,1,20000,100000,100,289.789539721518,312.394197647392,22.6046579258746,28.8163052061225,0.83,634.128832600091,656.733490525965,0.3,0.461538461538462,756.992277622223
545,2,0.1,0.7,1,20000,100000,100,293.831595642732,304.721704448186,10.8901088054534,25.0721236501077,0.71,641.09584955668,651.985958362133,0.3,0.32258064516129,777.269804477692
546,2,0.2,0.7,1,20000,100000,100,300.099398782151,312.701914050886,12.6025152687356,26.4089111306261,0.68,647.891838007983,660.494353276719,0.3,0.348837209302326,773.990823745728
547,2,0.3,0.7,1,20000,100000,100,286.833109652119,308.610667147307,21.777557495188,29.507496902467,0.76,635.767818400793,657.545375895981,0.3,0.379746835443038,822.09897184372
548,2,0.4,0.7,1,20000,100000,100,298.340745986426,317.39925099951,19.0585050130844,28.3940633972154,0.76,642.965173782152,662.023678795236,0.3,0.416666666666667,823.771747589111
549,2,0.5,0.7,1,20000,100000,100,299.385940266545,318.107334696309,18.7213944297641,28.3863574599914,0.7,646.360893453467,665.082287883231,0.3,0.461538461538462,739.898404359818
550,2,0.1,0.3,2,20000,100000,100,307.511624415891,309.472135732169,1.96051131627834,24.2505778443986,0.48,648.062918221969,650.023429538248,0.3,0.32258064516129,743.196593761444
551,2,0.2,0.3,2,20000,100000,100,294.041285920231,305.433507216224,11.3922212959924,27.9812857365866,0.65,639.153465622553,650.545686918546,0.3,0.348837209302326,803.913014650345
552,2,0.3,0.3,2,20000,100000,100,290.403291461457,303.190622717807,12.7873312563504,30.5584693129235,0.64,634.634086175237,647.421417431588,0.3,0.379746835443038,738.458037853241
553,2,0.4,0.3,2,20000,100000,100,296.605508357583,314.449146763489,17.8436384059056,26.3608500515039,0.79,640.119390622825,657.963029028731,0.3,0.416666666666667,794.873168468475
554,2,0.5,0.3,2,20000,100000,100,292.211273449024,311.583793724527,19.3725202755033,29.2997896136521,0.76,638.784975796837,658.157496072341,0.3,0.461538461538462,768.661797761917
555,2,0.1,0.4,2,20000,100000,100,301.650140066849,305.007827081417,3.35768701456863,25.597170523716,0.57,642.855345767132,646.213032781701,0.3,0.32258064516129,748.104196548462
556,2,0.2,0.4,2,20000,100000,100,290.647247008077,301.819381590052,11.1721345819751,28.2877167069902,0.65,641.946540925589,653.118675507564,0.3,0.348837209302326,740.976738929749
557,2,0.3,0.4,2,20000,100000,100,297.062590702083,309.859024229071,12.7964335269881,28.3680591490227,0.69,647.528251094334,660.324684621322,0.3,0.379746835443038,746.587084770203
558,2,0.4,0.4,2,20000,100000,100,289.596390644645,307.419466301516,17.8230756568713,25.4579858625219,0.73,637.919913378643,655.742989035514,0.3,0.416666666666667,746.035985708237
559,2,0.5,0.4,2,20000,100000,100,294.388657311452,316.72247779848,22.3338204870274,29.8204465808221,0.77,640.06044449245,662.394264979478,0.3,0.461538461538462,737.701212406159
560,2,0.1,0.5,2,20000,100000,100,296.824464461968,304.63827379962,7.81380933765128,31.1696659009614,0.6,638.481069366547,646.294878704199,0.3,0.32258064516129,756.664424419403
561,2,0.2,0.5,2,20000,100000,100,288.936902644769,304.83612766448,15.8992250197118,27.902008404939,0.69,638.561930139375,654.461155159087,0.3,0.348837209302326,769.125507354736
562,2,0.3,0.5,2,20000,100000,100,298.814889863638,314.592623116129,15.7777332524913,27.323279094099,0.69,643.991787046783,659.769520299274,0.3,0.379746835443038,772.301694154739
563,2,0.4,0.5,2,20000,100000,100,295.502037184203,315.473398156705,19.9713609725022,24.71224985259,0.78,642.216103715913,662.187464688415,0.3,0.416666666666667,824.447590112686
564,2,0.5,0.5,2,20000,100000,100,305.167789739815,318.836481217328,13.6686914775126,25.8131173010984,0.7,649.374198281481,663.042889758994,0.3,0.461538461538462,825.53074669838
565,2,0.1,0.6,2,20000,100000,100,285.930988216091,303.505760209457,17.5747719933664,30.9911185664898,0.71,634.929532455278,652.504304448644,0.3,0.32258064516129,746.087905645371
566,2,0.2,0.6,2,20000,100000,100,292.449926417294,304.823168422042,12.3732420047479,29.1512345407099,0.68,633.069503250272,645.44274525502,0.3,0.348837209302326,741.682190656662
567,2,0.3,0.6,2,20000,100000,100,289.551672238142,301.830727588217,12.2790553500753,24.594039959237,0.66,637.832051906518,650.111107256594,0.3,0.379746835443038,802.004497289658
568,2,0.4,0.6,2,20000,100000,100,297.606331251256,317.038095016762,19.431763765506,29.231197548927,0.74,645.171731568132,664.603495333638,0.3,0.416666666666667,739.886739492416
569,2,0.5,0.6,2,20000,100000,100,303.492714047443,320.208263605186,16.7155495577435,26.3768910610879,0.72,650.449667177569,667.165216735313,0.3,0.461538461538462,766.383952617645
570,2,0.1,0.7,2,20000,100000,100,292.361736176258,299.614061894831,7.2523257185729,26.0411971630645,0.61,638.770851689521,646.023177408094,0.3,0.32258064516129,767.758291959763
571,2,0.2,0.7,2,20000,100000,100,297.081677490817,310.979555610328,13.8978781195104,25.6525549894557,0.73,643.106349341465,657.004227460975,0.3,0.348837209302326,741.71871137619
572,2,0.3,0.7,2,20000,100000,100,294.186041361942,312.209477379762,18.0234360178198,26.1818669716595,0.73,642.256173924191,660.279609942011,0.3,0.379746835443038,737.578742027283
573,2,0.4,0.7,2,20000,100000,100,289.042144382002,303.979838625024,14.937694243022,29.3013129794906,0.67,636.911454127843,651.849148370865,0.3,0.416666666666667,737.918205022812
574,2,0.5,0.7,2,20000,100000,100,287.452919522487,315.422095578315,27.9691760558283,35.3905456672674,0.78,626.8478719016,654.817047957428,0.3,0.461538461538462,741.110415458679
575,2,0.1,0.3,3,20000,100000,100,302.079066839348,304.379338379302,2.30027153995377,24.6449703174388,0.54,648.508461817907,650.808733357861,0.3,0.32258064516129,781.710787057877
576,2,0.2,0.3,3,20000,100000,100,291.12001896917,296.966294896144,5.8462759269745,23.7611099603608,0.57,635.567390673552,641.413666600527,0.3,0.348837209302326,758.677395582199
577,2,0.3,0.3,3,20000,100000,100,283.757080363064,297.56095736658,13.8038770035152,27.7162066859605,0.75,628.89951531921,642.703392322725,0.3,0.379746835443038,759.89470410347
578,2,0.4,0.3,3,20000,100000,100,290.525064089751,306.772068892241,16.2470048024893,23.5158674511019,0.73,635.841838989912,652.088843792401,0.3,0.416666666666667,750.87862443924
579,2,0.5,0.3,3,20000,100000,100,288.617968490011,306.036212332795,17.4182438427835,29.4492174193834,0.65,632.077436373581,649.495680216364,0.3,0.461538461538462,820.968479156494
580,2,0.1,0.4,3,20000,100000,100,287.043153901623,294.060440365025,7.01728646340229,29.5106297944378,0.59,637.792439589131,644.809726052533,0.3,0.32258064516129,823.461796760559
581,2,0.2,0.4,3,20000,100000,100,291.715001988357,298.447170211398,6.73216822304122,27.3480542475906,0.57,637.537496085113,644.269664308155,0.3,0.348837209302326,746.173576116562
582,2,0.3,0.4,3,20000,100000,100,301.204342277622,314.427417805845,13.2230755282227,25.869066232386,0.67,646.93923571961,660.162311247833,0.3,0.379746835443038,746.199022054672
583,2,0.4,0.4,3,20000,100000,100,300.630913775376,316.655554646385,16.0246408710088,30.0597919329974,0.65,645.445790420489,661.470431291498,0.3,0.416666666666667,794.418878078461
584,2,0.5,0.4,3,20000,100000,100,295.941751443835,313.473492895739,17.5317414519047,24.7816871200279,0.75,645.849184611221,663.380926063125,0.3,0.461538461538462,738.808345317841
585,2,0.1,0.5,3,20000,100000,100,294.953022364436,303.694657109743,8.74163474530749,27.9149442757795,0.59,639.27982694094,648.021461686247,0.3,0.32258064516129,765.458450317383
586,2,0.2,0.5,3,20000,100000,100,297.450259366019,306.675421344667,9.22516197864829,24.6169975118339,0.66,640.429628169582,649.654790148231,0.3,0.348837209302326,736.630797147751
587,2,0.3,0.5,3,20000,100000,100,292.192476017053,305.124420945749,12.9319449286959,24.9609442572933,0.69,634.814320709037,647.746265637733,0.3,0.379746835443038,739.033144950867
588,2,0.4,0.5,3,20000,100000,100,288.297737290355,308.899180337905,20.6014430475502,28.8012413798095,0.79,632.601895978587,653.203339026137,0.3,0.416666666666667,736.719651699066
589,2,0.5,0.5,3,20000,100000,100,292.31016319692,310.740506070151,18.4303428732311,26.926438171369,0.77,636.057319572284,654.487662445515,0.3,0.461538461538462,738.570178508759
590,2,0.1,0.6,3,20000,100000,100,290.197794356225,305.928138259721,15.7303439034968,24.6960337597304,0.74,637.514585178473,653.24492908197,0.3,0.32258064516129,743.137620449066
591,2,0.2,0.6,3,20000,100000,100,294.851326925364,311.752289273118,16.9009623477538,27.4415613258804,0.72,639.428885148481,656.329847496235,0.3,0.348837209302326,735.835459947586
592,2,0.3,0.6,3,20000,100000,100,293.539993207075,310.159764078272,16.6197708711963,27.9559926245133,0.71,637.573792554295,654.193563425491,0.3,0.379746835443038,755.028955221176
593,2,0.4,0.6,3,20000,100000,100,286.265080707439,309.461177498875,23.1960967914356,29.282958099511,0.8,630.573203603615,653.769300395051,0.3,0.416666666666667,776.472971200943
594,2,0.5,0.6,3,20000,100000,100,287.562153768061,305.695570910538,18.1334171424774,26.6585712526416,0.73,630.590981598599,648.724398741076,0.3,0.461538461538462,763.773362636566
595,2,0.1,0.7,3,20000,100000,100,293.032596846314,303.600929739631,10.5683328933165,28.1526538570082,0.64,639.909245813684,650.477578707001,0.3,0.32258064516129,818.867810726166
596,2,0.2,0.7,3,20000,100000,100,289.756830263433,303.499898339015,13.743068075582,30.5307355021743,0.63,631.407987404646,645.151055480228,0.3,0.348837209302326,819.122873067856
597,2,0.3,0.7,3,20000,100000,100,288.951450445555,303.637874671752,14.6864242261977,26.4285173431352,0.74,635.724430526946,650.410854753144,0.3,0.379746835443038,736.824541091919
598,2,0.4,0.7,3,20000,100000,100,289.618733810912,309.404493218588,19.7857594076762,29.9291409954378,0.7,632.778543229986,652.564302637662,0.3,0.416666666666667,753.6733481884
599,2,0.5,0.7,3,20000,100000,100,299.725016618323,322.739604076715,23.0145874583914,30.4001258435605,0.78,642.2823305576,665.296918015991,0.3,0.461538461538462,739.87631893158
600,2,0.1,0.3,0,3000,150000,100,297.792861789157,295.817418498589,-1.97544329056852,25.5814177508436,0.41,640.919620659996,638.944177369428,0.3,0.32258064516129,736.204064130783
601,2,0.2,0.3,0,3000,150000,100,293.981388665883,302.461755699569,8.48036703368588,25.3485196293041,0.64,643.511337190889,651.991704224575,0.3,0.348837209302326,760.397723197937
602,2,0.3,0.3,0,3000,150000,100,301.912736800473,310.11715252125,8.20441572077701,23.9254105380829,0.64,649.114908088237,657.319323809014,0.3,0.379746835443038,733.596521854401
603,2,0.4,0.3,0,3000,150000,100,299.023982120707,313.39716812618,14.3731860054724,25.68409379143,0.69,645.496337338879,659.869523344351,0.3,0.416666666666667,735.316024541855
604,2,0.5,0.3,0,3000,150000,100,298.046159459408,311.664035816497,13.6178763570891,22.9206814810399,0.71,642.26235914574,655.880235502829,0.3,0.461538461538462,739.344872474671
605,2,0.1,0.4,0,3000,150000,100,288.827448894355,304.302413323432,15.474964429077,26.864551924957,0.7,635.269723672057,650.744688101134,0.3,0.32258064516129,749.745408535004
606,2,0.2,0.4,0,3000,150000,100,310.082980746589,317.112207017788,7.02922627119827,26.4537439385186,0.61,658.172322364411,665.20154863561,0.3,0.348837209302326,743.236873626709
607,2,0.3,0.4,0,3000,150000,100,293.397734662119,304.644107471622,11.2463728095031,25.7551081334079,0.59,641.658153397933,652.904526207436,0.3,0.379746835443038,738.817910194397
608,2,0.4,0.4,0,3000,150000,100,302.68347374983,322.142190845465,19.4587170956358,25.8327895731539,0.75,648.752282395659,668.210999491295,0.3,0.416666666666667,753.986315965653
609,2,0.5,0.4,0,3000,150000,100,296.241346624842,316.01121116357,19.7698645387283,25.3546954578882,0.8,645.579468003498,665.349332542227,0.3,0.461538461538462,759.291853666306
610,2,0.1,0.5,0,3000,150000,100,295.12933905285,302.725616447845,7.59627739499526,25.4219075296026,0.61,642.303477096103,649.899754491098,0.3,0.32258064516129,771.36071395874
611,2,0.2,0.5,0,3000,150000,100,294.227905751155,302.066588687231,7.83868293607563,25.893582176788,0.61,642.307115916145,650.14579885222,0.3,0.348837209302326,818.644999980927
612,2,0.3,0.5,0,3000,150000,100,298.016290192682,312.5159854695,14.4996952768184,30.009944716948,0.64,639.183471813272,653.683167090091,0.3,0.379746835443038,819.27668094635
613,2,0.4,0.5,0,3000,150000,100,301.326153709871,314.448432252617,13.122278542746,25.188896414717,0.7,648.286905270981,661.409183813727,0.3,0.416666666666667,749.820366621017
614,2,0.5,0.5,0,3000,150000,100,301.679607067294,319.753735754117,18.0741286868238,28.7347413274903,0.69,646.611016887515,664.685145574339,0.3,0.461538461538462,760.598765134811
615,2,0.1,0.6,0,3000,150000,100,296.569007187318,303.449809825858,6.88080263854028,23.2234616897385,0.6,641.504532508616,648.385335147157,0.3,0.32258064516129,739.47168469429
616,2,0.2,0.6,0,3000,150000,100,306.452646622666,315.295354148199,8.84270752553333,26.9925899011033,0.61,648.052313819288,656.895021344821,0.3,0.348837209302326,734.620067119598
617,2,0.3,0.6,0,3000,150000,100,293.999198594053,309.647032774624,15.6478341805714,31.384018533493,0.66,640.85642688147,656.504261062041,0.3,0.379746835443038,770.589595317841
618,2,0.4,0.6,0,3000,150000,100,308.650895157315,320.246574064658,11.5956789073424,22.6434871695792,0.68,657.404495994767,669.000174902109,0.3,0.416666666666667,731.914002656937
619,2,0.5,0.6,0,3000,150000,100,301.143987659951,319.81029938733,18.6663117273797,24.3393083378104,0.79,646.531442624139,665.197754351518,0.3,0.461538461538462,735.450791597366
620,2,0.1,0.7,0,3000,150000,100,295.374336802105,305.312128328251,9.93779152614622,24.3544034867658,0.66,641.93523544364,651.873026969786,0.3,0.32258064516129,741.621948003769
621,2,0.2,0.7,0,3000,150000,100,303.66881301071,314.476553698655,10.807740687945,29.2471313063615,0.62,657.391741080749,668.199481768694,0.3,0.348837209302326,746.477171182633
622,2,0.3,0.7,0,3000,150000,100,297.246103794554,311.705531236135,14.459427441581,26.774677810357,0.69,649.659390532422,664.118817974003,0.3,0.379746835443038,746.854842185974
623,2,0.4,0.7,0,3000,150000,100,302.86760673752,318.925450886346,16.057844148826,29.2941503613168,0.71,643.611954285639,659.669798434465,0.3,0.416666666666667,733.959509134293
624,2,0.5,0.7,0,3000,150000,100,300.139612743936,317.008001357808,16.8683886138725,25.4839298730444,0.71,648.138844617004,665.007233230877,0.3,0.461538461538462,754.530372619629
625,2,0.1,0.3,1,3000,150000,100,297.034708990492,303.330858917283,6.29614992679132,24.2409547928855,0.62,640.659408380602,646.955558307394,0.3,0.32258064516129,757.183657169342
626,2,0.2,0.3,1,3000,150000,100,294.94552573885,300.508355232608,5.56282949375755,24.1216609076231,0.58,638.435554821391,643.998384315148,0.3,0.348837209302326,770.974254131317
627,2,0.3,0.3,1,3000,150000,100,301.051197810412,314.074546267533,13.0233484571215,24.3368049513306,0.7,641.798486690411,654.821835147533,0.3,0.379746835443038,822.115345478058
628,2,0.4,0.3,1,3000,150000,100,292.925402037836,311.516499514661,18.5910974768251,28.1184546409223,0.69,635.73554160802,654.326639084845,0.3,0.416666666666667,819.617645025253
629,2,0.5,0.3,1,3000,150000,100,303.893739716147,316.145402560459,12.2516628443113,26.0282750440541,0.64,646.926283467341,659.177946311653,0.3,0.461538461538462,753.195110797882
630,2,0.1,0.4,1,3000,150000,100,298.485463649717,302.449551851662,3.96408820194431,23.742995449804,0.57,644.42020242942,648.384290631364,0.3,0.32258064516129,764.79714345932
631,2,0.2,0.4,1,3000,150000,100,292.356147206541,299.114972194793,6.75882498825155,25.7830094449066,0.56,638.455433062911,645.214258051163,0.3,0.348837209302326,739.739412784576
632,2,0.3,0.4,1,3000,150000,100,300.651917816132,309.794111681874,9.14219386574131,25.578621435524,0.61,643.132625975148,652.274819840889,0.3,0.379746835443038,732.355430603027
633,2,0.4,0.4,1,3000,150000,100,300.052509925046,315.014833317918,14.962323392872,23.4853327911361,0.76,646.774881349839,661.737204742711,0.3,0.416666666666667,759.383278131485
634,2,0.5,0.4,1,3000,150000,100,302.514937251152,317.405579341635,14.8906420904837,23.7526245067534,0.73,646.332541001163,661.223183091646,0.3,0.461538461538462,733.645513534546
635,2,0.1,0.5,1,3000,150000,100,294.334326339926,301.144071658189,6.80974531826296,23.0266480926652,0.61,640.950578236862,647.760323555125,0.3,0.32258064516129,738.931280851364
636,2,0.2,0.5,1,3000,150000,100,298.860234082813,304.148873009217,5.28863892640406,27.5735923949784,0.59,643.09422433652,648.382863262924,0.3,0.348837209302326,737.313046693802
637,2,0.3,0.5,1,3000,150000,100,298.393615742299,305.77723578312,7.38362004082142,25.1835481882213,0.59,647.221724770374,654.605344811195,0.3,0.379746835443038,745.135446310043
638,2,0.4,0.5,1,3000,150000,100,311.970493033504,325.11556232436,13.1450692908565,30.2111940296657,0.62,653.202589718339,666.347659009196,0.3,0.416666666666667,743.65642619133
639,2,0.5,0.5,1,3000,150000,100,296.352350224341,310.985624674443,14.6332744501023,24.2142964209528,0.72,636.084810718212,650.718085168314,0.3,0.461538461538462,736.906289339066
640,2,0.1,0.6,1,3000,150000,100,288.892289933137,297.909131503691,9.01684157055366,29.445831079177,0.59,637.339094835658,646.355936406212,0.3,0.32258064516129,759.627363920212
641,2,0.2,0.6,1,3000,150000,100,298.403590863661,306.783614095053,8.38002323139168,24.7357455343699,0.64,642.250046224115,650.630069455506,0.3,0.348837209302326,757.786008834839
642,2,0.3,0.6,1,3000,150000,100,299.914415363771,311.380346051428,11.4659306876564,26.243177325146,0.67,647.740448105217,659.206378792873,0.3,0.379746835443038,783.895482301712
643,2,0.4,0.6,1,3000,150000,100,295.103146661913,311.104398135237,16.0012514733242,26.5373932733787,0.72,642.928273276938,658.929524750262,0.3,0.416666666666667,821.014950037003
644,2,0.5,0.6,1,3000,150000,100,302.697723147421,321.448111727486,18.7503885800657,24.4738753146418,0.77,649.284347671484,668.03473625155,0.3,0.461538461538462,818.090717554092
645,2,0.1,0.7,1,3000,150000,100,305.195197320035,313.17812428599,7.98292696595432,30.6220879601998,0.56,652.467389431405,660.45031639736,0.3,0.32258064516129,748.517924785614
646,2,0.2,0.7,1,3000,150000,100,297.437518198893,306.114679206153,8.67716100726074,27.9586740310933,0.59,643.697317858157,652.374478865418,0.3,0.348837209302326,740.919192790985
647,2,0.3,0.7,1,3000,150000,100,299.984059055237,308.894281706138,8.91022265090096,22.9484055539714,0.59,644.297206083724,653.207428734624,0.3,0.379746835443038,739.874391794205
648,2,0.4,0.7,1,3000,150000,100,297.834328170141,310.788651624203,12.9543234540624,29.2240233133255,0.69,641.913464741173,654.867788195235,0.3,0.416666666666667,743.967695474625
649,2,0.5,0.7,1,3000,150000,100,300.608889766302,318.517029152417,17.908139386115,28.4592282320018,0.7,649.227062300498,667.135201686613,0.3,0.461538461538462,776.791263103485
650,2,0.1,0.3,2,3000,150000,100,299.062990306845,305.360781064574,6.29779075772889,25.867765222962,0.64,644.407318825857,650.705109583586,0.3,0.32258064516129,733.171745300293
651,2,0.2,0.3,2,3000,150000,100,293.047963540064,301.938727347401,8.89076380733661,31.1473021180626,0.6,639.345922839895,648.236686647232,0.3,0.348837209302326,736.03741645813
652,2,0.3,0.3,2,3000,150000,100,304.440358155448,315.787071369083,11.3467132136351,30.449367522649,0.67,647.754802755236,659.101515968871,0.3,0.379746835443038,740.90727686882
653,2,0.4,0.3,2,3000,150000,100,294.091133828154,311.121685412008,17.0305515838538,28.9242095967738,0.74,644.261921820599,661.292473404453,0.3,0.416666666666667,766.967352390289
654,2,0.5,0.3,2,3000,150000,100,298.588022365891,318.123831287545,19.535808921654,22.788553587865,0.82,647.691643978813,667.227452900467,0.3,0.461538461538462,743.437345266342
655,2,0.1,0.4,2,3000,150000,100,305.593216695553,310.42682714861,4.83361045305656,26.1458627894022,0.55,646.862128665393,651.695739118449,0.3,0.32258064516129,764.11664056778
656,2,0.2,0.4,2,3000,150000,100,292.870464147233,299.436514570448,6.5660504232149,25.1422677409715,0.63,640.646018887643,647.212069310858,0.3,0.348837209302326,760.015588283539
657,2,0.3,0.4,2,3000,150000,100,293.525858186406,308.358266690641,14.8324085042349,27.6347668322135,0.74,637.00130456732,651.833713071555,0.3,0.379746835443038,757.579441785812
658,2,0.4,0.4,2,3000,150000,100,297.873854564798,310.072377067478,12.1985225026796,28.5843977060324,0.63,645.223270693997,657.421793196676,0.3,0.416666666666667,777.999569177628
659,2,0.5,0.4,2,3000,150000,100,299.527168126279,316.720264517931,17.1930963916519,25.4315563974511,0.72,643.854624284432,661.047720676084,0.3,0.461538461538462,819.771416187286
660,2,0.1,0.5,2,3000,150000,100,300.663596703977,305.137050757801,4.47345405382342,30.0496693697844,0.58,644.430144547825,648.903598601648,0.3,0.32258064516129,818.500559568405
661,2,0.2,0.5,2,3000,150000,100,300.039799897658,309.66473475972,9.62493486206189,25.3081201336583,0.6,648.408634578925,658.033569440987,0.3,0.348837209302326,739.577448368073
662,2,0.3,0.5,2,3000,150000,100,302.399847485161,312.2222641429,9.8224166577396,27.3050494086449,0.63,644.809726021077,654.632142678817,0.3,0.379746835443038,761.60159277916
663,2,0.4,0.5,2,3000,150000,100,303.978372796167,319.837440380994,15.8590675848268,31.2097302553385,0.67,648.561756071607,664.420823656434,0.3,0.416666666666667,738.498293638229
664,2,0.5,0.5,2,3000,150000,100,295.49716570555,312.980152725946,17.4829870203958,25.8453129374115,0.77,638.387640945496,655.870627965892,0.3,0.461538461538462,742.252055644989
665,2,0.1,0.6,2,3000,150000,100,291.577807463443,299.464961659241,7.88715419579786,29.6396631640706,0.6,641.954780302191,649.841934497989,0.3,0.32258064516129,769.586466789246
666,2,0.2,0.6,2,3000,150000,100,297.688122962,308.163026272578,10.4749033105781,26.812793714212,0.65,642.138033742061,652.612937052639,0.3,0.348837209302326,735.168007850647
667,2,0.3,0.6,2,3000,150000,100,295.939754138278,310.531378072154,14.5916239338757,30.947771610462,0.69,643.263543694448,657.855167628324,0.3,0.379746835443038,802.792141199112
668,2,0.4,0.6,2,3000,150000,100,308.552719079602,320.462905700229,11.9101866206272,30.7599851664792,0.61,651.708467056304,663.618653676931,0.3,0.416666666666667,735.934670448303
669,2,0.5,0.6,2,3000,150000,100,298.439543502508,316.251831796464,17.8122882939563,25.5649698206234,0.77,645.158052259866,662.970340553822,0.3,0.461538461538462,764.802555084229
670,2,0.1,0.7,2,3000,150000,100,306.890657085581,314.46407721924,7.57342013365933,28.1236424919969,0.61,650.9605282719,658.53394840556,0.3,0.32258064516129,747.420574188232
671,2,0.2,0.7,2,3000,150000,100,299.191562141121,308.099940915867,8.9083787747461,27.5333252552468,0.6,645.231026591125,654.139405365871,0.3,0.348837209302326,741.830467939377
672,2,0.3,0.7,2,3000,150000,100,301.85959412346,313.94174226178,12.0821481383192,28.3016692238176,0.67,639.158105633193,651.240253771512,0.3,0.379746835443038,761.982560157776
673,2,0.4,0.7,2,3000,150000,100,309.147131887664,319.772030451826,10.6248985641615,28.3723087241052,0.62,653.955533755093,664.580432319254,0.3,0.416666666666667,761.785901546478
674,2,0.5,0.7,2,3000,150000,100,298.707585128047,315.884528443388,17.1769433153413,27.6382364468577,0.72,642.459702219785,659.636645535126,0.3,0.461538461538462,752.420993566513
675,2,0.1,0.3,3,3000,150000,100,303.808940115484,303.871387849398,0.062447733913375,24.7493587074543,0.53,649.786312781093,649.848760515007,0.3,0.32258064516129,821.1341381073
676,2,0.2,0.3,3,3000,150000,100,297.251154746435,306.951679820413,9.70052507397878,27.1606937674734,0.68,644.669212081099,654.369737155078,0.3,0.348837209302326,819.292104721069
677,2,0.3,0.3,3,3000,150000,100,305.10993781828,318.400549214797,13.2906113965163,27.9953794901964,0.71,650.321227617688,663.611839014205,0.3,0.379746835443038,740.566374540329
678,2,0.4,0.3,3,3000,150000,100,296.26264235662,309.585767088465,13.323124731845,24.9341795547634,0.66,640.688532255304,654.011656987149,0.3,0.416666666666667,738.956248760223
679,2,0.5,0.3,3,3000,150000,100,293.869288781015,307.397278291044,13.5279895100284,27.7699034940737,0.67,639.035273041467,652.563262551496,0.3,0.461538461538462,739.691346406937
680,2,0.1,0.4,3,3000,150000,100,298.919688574144,304.39840731554,5.47871874139602,22.6006470885607,0.6,648.538926872238,654.017645613634,0.3,0.32258064516129,743.780315160751
681,2,0.2,0.4,3,3000,150000,100,287.950953769468,297.829345389082,9.87839161961411,28.7368923863197,0.64,636.480164349894,646.358555969509,0.3,0.348837209302326,761.884245872498
682,2,0.3,0.4,3,3000,150000,100,300.938112075223,310.173628034187,9.23551595896393,26.6539482955222,0.63,646.090820213674,655.326336172638,0.3,0.379746835443038,740.027879953384
683,2,0.4,0.4,3,3000,150000,100,298.058201956202,312.745731886337,14.6875299301346,23.0696409761204,0.74,645.015648903149,659.703178833283,0.3,0.416666666666667,802.327197790146
684,2,0.5,0.4,3,3000,150000,100,306.116936099157,321.213544433691,15.0966083345346,30.4008258108523,0.69,654.588287220976,669.684895555511,0.3,0.461538461538462,740.0427339077
685,2,0.1,0.5,3,3000,150000,100,304.161112012662,310.732751006512,6.57163899384935,24.2087664564649,0.59,653.134087078811,659.70572607266,0.3,0.32258064516129,741.973739385605
686,2,0.2,0.5,3,3000,150000,100,292.415545024248,307.091979273499,14.6764342492514,25.9603872647499,0.73,639.560679988856,654.237114238108,0.3,0.348837209302326,742.457001447678
687,2,0.3,0.5,3,3000,150000,100,303.899571340874,314.107452764223,10.2078814233494,27.3843555308336,0.66,650.452549435305,660.660430858654,0.3,0.379746835443038,744.401535987854
688,2,0.4,0.5,3,3000,150000,100,292.234652474811,304.326521012581,12.0918685377698,27.7472342166786,0.7,638.637965129157,650.729833666927,0.3,0.416666666666667,752.553597211838
689,2,0.5,0.5,3,3000,150000,100,296.244667709937,311.153376823652,14.9087091137146,28.6286797687908,0.74,643.578969033957,658.487678147672,0.3,0.461538461538462,758.995456695557
690,2,0.1,0.6,3,3000,150000,100,290.94370824768,300.070294183894,9.12658593621406,26.8461379967091,0.56,640.578993851438,649.705579787652,0.3,0.32258064516129,773.127823829651
691,2,0.2,0.6,3,3000,150000,100,296.227155594866,305.065189321815,8.83803372694926,29.964411592731,0.64,639.528262220034,648.366295946984,0.3,0.348837209302326,821.785118341446
692,2,0.3,0.6,3,3000,150000,100,289.582094311543,301.133134097017,11.5510397854742,27.7573280175332,0.64,635.580868378214,647.131908163688,0.3,0.379746835443038,817.506610155106
693,2,0.4,0.6,3,3000,150000,100,294.64049263358,306.119350902782,11.4788582692017,24.7068619025207,0.67,644.296757125651,655.775615394853,0.3,0.416666666666667,741.157003164291
694,2,0.5,0.6,3,3000,150000,100,296.894651202972,314.950895503813,18.0562443008406,24.8355115606195,0.74,639.890789451278,657.947033752119,0.3,0.461538461538462,755.035145044327
695,2,0.1,0.7,3,3000,150000,100,300.349434426605,305.629366922114,5.27993249550972,25.7290278007915,0.54,645.734095526991,651.014028022501,0.3,0.32258064516129,738.795433759689
696,2,0.2,0.7,3,3000,150000,100,307.215435263911,318.588005565045,11.3725703011345,27.7506308860481,0.65,650.985888592421,662.358458893556,0.3,0.348837209302326,738.115347146988
697,2,0.3,0.7,3,3000,150000,100,299.134934035448,311.830085772137,12.6951517366892,26.2838774775316,0.74,645.131443756089,657.826595492779,0.3,0.379746835443038,768.81134057045
698,2,0.4,0.7,3,3000,150000,100,302.741736846653,318.535775714856,15.7940388682033,26.8833109082961,0.73,647.085796462252,662.879835330455,0.3,0.416666666666667,733.840817451477
699,2,0.5,0.7,3,3000,150000,100,295.097038382763,314.523195287992,19.4261569052291,27.5069709798472,0.77,640.077447940898,659.503604846127,0.3,0.461538461538462,810.184079885483
700,2,0.1,0.3,0,6500,150000,100,295.076622048702,303.140764316954,8.06414226825141,25.3343543205382,0.58,645.448416275035,653.512558543286,0.3,0.32258064516129,739.461376428604
701,2,0.2,0.3,0,6500,150000,100,309.535308869619,312.694355852008,3.15904698238865,23.3468844464238,0.5,652.714392493265,655.873439475654,0.3,0.348837209302326,743.645021438599
702,2,0.3,0.3,0,6500,150000,100,300.034375633624,311.061500553881,11.0271249202576,24.1648364319077,0.7,650.310265866596,661.337390786854,0.3,0.379746835443038,741.149434328079
703,2,0.4,0.3,0,6500,150000,100,304.307741252979,319.145518572347,14.8377773193683,25.393721394477,0.79,651.106516629017,665.944293948385,0.3,0.416666666666667,766.115551710129
704,2,0.5,0.3,0,6500,150000,100,307.035289074751,323.662693347867,16.6274042731159,28.2727690970289,0.68,650.906932378844,667.534336651959,0.3,0.461538461538462,752.838934183121
705,2,0.1,0.4,0,6500,150000,100,307.071418170627,310.003447670127,2.9320294995006,26.2234265594996,0.52,656.664367906314,659.596397405814,0.3,0.32258064516129,775.149276733399
706,2,0.2,0.4,0,6500,150000,100,307.144186584212,315.220530850863,8.07634426665162,21.8563403029168,0.67,654.325831167366,662.402175434018,0.3,0.348837209302326,772.32871222496
707,2,0.3,0.4,0,6500,150000,100,299.99713068057,311.035341970691,11.0382112901207,30.0500134526183,0.63,646.086682330105,657.124893620225,0.3,0.379746835443038,822.31302857399
708,2,0.4,0.4,0,6500,150000,100,291.50465814983,303.784020706545,12.2793625567153,25.0225490554199,0.65,636.258204561836,648.537567118552,0.3,0.416666666666667,826.207071065903
709,2,0.5,0.4,0,6500,150000,100,292.827301077875,308.262816071395,15.4355149935195,28.0782329731493,0.72,640.400655044915,655.836170038434,0.3,0.461538461538462,752.784855604172
710,2,0.1,0.5,0,6500,150000,100,299.907873091304,305.546909844869,5.63903675356549,28.5288575297632,0.54,643.91703124018,649.556067993746,0.3,0.32258064516129,739.045371294022
711,2,0.2,0.5,0,6500,150000,100,301.75552884109,308.968522753456,7.21299391236606,24.9865733555914,0.62,648.220778046413,655.433771958779,0.3,0.348837209302326,787.127216339111
712,2,0.3,0.5,0,6500,150000,100,295.744443219426,312.070896500271,16.3264532808452,28.7801339197602,0.69,641.319842825752,657.646296106597,0.3,0.379746835443038,741.363748788834
713,2,0.4,0.5,0,6500,150000,100,304.520241059001,321.271510910654,16.7512698516526,26.1912033904004,0.77,648.094765440594,664.846035292247,0.3,0.416666666666667,736.837491989136
714,2,0.5,0.5,0,6500,150000,100,298.070879678511,317.852042990064,19.7811633115535,27.4868574183988,0.72,643.487742014887,663.268905326441,0.3,0.461538461538462,737.819789409638
715,2,0.1,0.6,0,6500,150000,100,299.185312629692,302.038599440755,2.85328681106316,26.683705954789,0.51,643.097279584166,645.95056639523,0.3,0.32258064516129,734.354618787766
716,2,0.2,0.6,0,6500,150000,100,292.29859915578,303.424821551264,11.1262223954843,28.0397294170089,0.63,640.509969568888,651.636191964373,0.3,0.348837209302326,736.543079614639
717,2,0.3,0.6,0,6500,150000,100,290.114648062331,305.48564837325,15.3710003109192,25.9442898122477,0.76,638.510334191095,653.881334502014,0.3,0.379746835443038,741.919943809509
718,2,0.4,0.6,0,6500,150000,100,294.668452651633,308.232122578276,13.5636699266433,26.6159361317748,0.71,638.688637387677,652.252307314321,0.3,0.416666666666667,742.608740568161
719,2,0.5,0.6,0,6500,150000,100,297.67166817047,313.507296372689,15.8356282022187,26.0762198983082,0.66,639.333884434416,655.169512636635,0.3,0.461538461538462,767.229243755341
720,2,0.1,0.7,0,6500,150000,100,289.664491984055,304.739843113437,15.075351129382,30.4088950938878,0.67,635.827799552582,650.903150681964,0.3,0.32258064516129,757.497277259827
721,2,0.2,0.7,0,6500,150000,100,295.326069479138,303.926524332223,8.60045485308456,21.4400845774128,0.64,636.934074646566,645.53452949965,0.3,0.348837209302326,777.403290271759
722,2,0.3,0.7,0,6500,150000,100,294.98510389787,306.968702138072,11.9835982402023,29.6642352181163,0.66,641.943935439077,653.92753367928,0.3,0.379746835443038,775.282424449921
723,2,0.4,0.7,0,6500,150000,100,292.893515082203,308.181848369397,15.2883332871942,26.7776175630479,0.69,638.923464644665,654.211797931859,0.3,0.416666666666667,823.308842897415
724,2,0.5,0.7,0,6500,150000,100,298.362700292343,314.505337975105,16.142637682762,26.79246643323,0.76,642.295355198169,658.437992880931,0.3,0.461538461538462,826.220628976822
725,2,0.1,0.3,1,6500,150000,100,301.098587981845,309.254194285717,8.15560630387272,27.0617416502966,0.59,646.890657520754,655.046263824627,0.3,0.32258064516129,737.719324588776
726,2,0.2,0.3,1,6500,150000,100,291.865832201239,303.641980309718,11.7761481084787,25.4316211863347,0.61,639.75429123077,651.530439339249,0.3,0.348837209302326,741.137956380844
727,2,0.3,0.3,1,6500,150000,100,286.099099455723,297.883077797411,11.7839783416882,24.8876129600422,0.66,632.489334446852,644.273312788541,0.3,0.379746835443038,734.316669464111
728,2,0.4,0.3,1,6500,150000,100,308.626768837422,324.353566549513,15.7267977120919,26.923955175047,0.72,652.42197561985,668.148773331942,0.3,0.416666666666667,747.59167599678
729,2,0.5,0.3,1,6500,150000,100,293.886454415774,310.908894023756,17.022439607982,24.0059369223456,0.75,640.951026061939,657.973465669921,0.3,0.461538461538462,783.122563362122
730,2,0.1,0.4,1,6500,150000,100,294.171088028038,299.059000795338,4.88791276729983,25.9900860827982,0.54,641.406117521276,646.294030288576,0.3,0.32258064516129,733.554571390152
731,2,0.2,0.4,1,6500,150000,100,296.332654598231,304.051491914938,7.71883731670748,24.5783961241447,0.61,645.748101906225,653.466939222933,0.3,0.348837209302326,737.104802370071
732,2,0.3,0.4,1,6500,150000,100,302.410125582697,314.269842228374,11.8597166456769,28.4537987709655,0.64,643.225801095909,655.085517741586,0.3,0.379746835443038,738.636032581329
733,2,0.4,0.4,1,6500,150000,100,296.11537473679,310.780800364717,14.6654256279272,28.1600134189377,0.7,643.878977111617,658.544402739544,0.3,0.416666666666667,751.379752159119
734,2,0.5,0.4,1,6500,150000,100,302.023494783417,317.808836601843,15.7853418184261,25.6565661876143,0.74,644.896442526381,660.681784344807,0.3,0.461538461538462,742.518227815628
735,2,0.1,0.5,1,6500,150000,100,300.193690428113,307.689829043687,7.49613861557388,25.398867118463,0.65,646.877347880797,654.373486496371,0.3,0.32258064516129,734.612410306931
736,2,0.2,0.5,1,6500,150000,100,304.435461858591,316.488131221089,12.0526693624982,25.6379897753192,0.7,650.152539561974,662.205208924472,0.3,0.348837209302326,757.057383537293
737,2,0.3,0.5,1,6500,150000,100,302.641028867463,312.893061459447,10.2520325919839,27.1118684345257,0.63,643.232829689984,653.484862281968,0.3,0.379746835443038,761.845992803574
738,2,0.4,0.5,1,6500,150000,100,303.615544257933,320.137001699895,16.5214574419619,23.4807890871055,0.77,648.181483817543,664.702941259505,0.3,0.416666666666667,776.891829967499
739,2,0.5,0.5,1,6500,150000,100,297.582437760704,307.325697571097,9.74325981039256,22.9204145542107,0.68,640.131738854804,649.874998665197,0.3,0.461538461538462,821.446192502975
740,2,0.1,0.6,1,6500,150000,100,289.575669439844,300.109572575194,10.5339031353495,25.6565083594769,0.62,638.254378213062,648.788281348411,0.3,0.32258064516129,819.836591005325
741,2,0.2,0.6,1,6500,150000,100,309.711480201707,322.17438306903,12.4629028673224,27.1089489927297,0.68,652.122147836306,664.585050703629,0.3,0.348837209302326,750.31306052208
742,2,0.3,0.6,1,6500,150000,100,290.014104970894,307.060451900493,17.046346929599,30.1875771685315,0.67,637.398645871973,654.444992801572,0.3,0.379746835443038,748.719165086746
743,2,0.4,0.6,1,6500,150000,100,301.276937317914,318.089695005402,16.8127576874878,24.0630205010599,0.78,649.282793202175,666.095550889663,0.3,0.416666666666667,736.389570951462
744,2,0.5,0.6,1,6500,150000,100,303.425391746037,315.15151886783,11.7261271217934,22.1464575232438,0.7,651.907057331422,663.633184453215,0.3,0.461538461538462,737.931694746018
745,2,0.1,0.7,1,6500,150000,100,300.389294680372,306.092336602035,5.7030419216625,27.4376274169519,0.58,647.377771818248,653.080813739911,0.3,0.32258064516129,736.609465837479
746,2,0.2,0.7,1,6500,150000,100,299.842973548508,308.879839580957,9.03686603244907,26.0220436171939,0.57,650.456575792871,659.493441825321,0.3,0.348837209302326,736.172335624695
747,2,0.3,0.7,1,6500,150000,100,298.080485337852,316.062729659129,17.9822443212772,27.1792602966773,0.71,645.154858458463,663.13710277974,0.3,0.379746835443038,800.6585085392
748,2,0.4,0.7,1,6500,150000,100,300.827186476014,318.060162178402,17.232975702389,22.9044579631324,0.82,646.396207089925,663.629182792314,0.3,0.416666666666667,741.502269029617
749,2,0.5,0.7,1,6500,150000,100,297.782888971459,313.775726364234,15.9928373927746,28.7671385252784,0.72,644.47555682409,660.468394216865,0.3,0.461538461538462,753.888978481293
750,2,0.1,0.3,2,6500,150000,100,295.521608391269,300.53479665597,5.01318826470096,26.496520587025,0.57,644.049700352246,649.062888616947,0.3,0.32258064516129,743.166776180267
751,2,0.2,0.3,2,6500,150000,100,302.233196580675,307.764566566533,5.53136998585788,26.5342729153222,0.61,648.099165135747,653.630535121605,0.3,0.348837209302326,734.151485204697
752,2,0.3,0.3,2,6500,150000,100,297.270675643021,302.149802185317,4.87912654229616,24.9205049673197,0.54,643.15509884382,648.034225386116,0.3,0.379746835443038,754.433317184448
753,2,0.4,0.3,2,6500,150000,100,303.566132939561,317.28065075177,13.7145178122089,28.8564180707901,0.67,643.490038889075,657.204556701284,0.3,0.416666666666667,776.509821414948
754,2,0.5,0.3,2,6500,150000,100,295.419214322008,315.28146406681,19.8622497448026,29.0849033877497,0.73,643.346651433226,663.208901178029,0.3,0.461538461538462,746.095344305039
755,2,0.1,0.4,2,6500,150000,100,299.21587725467,304.785415707638,5.56953845296757,26.2448077534981,0.55,643.156202010579,648.725740463546,0.3,0.32258064516129,821.374750852585
756,2,0.2,0.4,2,6500,150000,100,308.683291852035,318.175248949348,9.4919570973129,24.8107380267304,0.62,658.734446762884,668.226403860197,0.3,0.348837209302326,822.871806144714
757,2,0.3,0.4,2,6500,150000,100,285.440873463992,300.679087117902,15.2382136539101,25.5259634928474,0.71,635.328524832188,650.566738486098,0.3,0.379746835443038,747.684918403626
758,2,0.4,0.4,2,6500,150000,100,293.439977730087,304.098637080501,10.6586593504148,27.3135285399577,0.7,641.830105701368,652.488765051783,0.3,0.416666666666667,739.914194345474
759,2,0.5,0.4,2,6500,150000,100,307.711094459304,325.779322144154,18.0682276848502,26.3969471367057,0.73,651.123344245838,669.191571930688,0.3,0.461538461538462,791.841896057129
760,2,0.1,0.5,2,6500,150000,100,299.660918750887,307.09846882614,7.43755007525328,25.1795050037819,0.66,645.33707865332,652.774628728573,0.3,0.32258064516129,742.703942775726
761,2,0.2,0.5,2,6500,150000,100,293.85740678162,306.016806928915,12.1594001472944,23.1610137057583,0.7,634.733164257026,646.89256440432,0.3,0.348837209302326,788.181890249252
762,2,0.3,0.5,2,6500,150000,100,288.621885839864,301.987313873464,13.3654280335997,26.9868245320391,0.71,635.371751397886,648.737179431486,0.3,0.379746835443038,739.044129371643
763,2,0.4,0.5,2,6500,150000,100,304.917919303402,320.539371730913,15.6214524275111,24.9895672132356,0.71,650.351058843873,665.972511271384,0.3,0.416666666666667,802.671760559082
764,2,0.5,0.5,2,6500,150000,100,294.373927456107,311.180228446855,16.8063009907473,28.5195682429173,0.69,639.625297780099,656.431598770846,0.3,0.461538461538462,739.731125354767
765,2,0.1,0.6,2,6500,150000,100,302.372980794876,308.532634637351,6.15965384247488,24.1093232006273,0.58,648.806366092066,654.966019934541,0.3,0.32258064516129,734.460941791534
766,2,0.2,0.6,2,6500,150000,100,300.648419748236,311.901580216084,11.2531604678481,28.11192444509,0.62,644.353696752578,655.606857220426,0.3,0.348837209302326,743.729383230209
767,2,0.3,0.6,2,6500,150000,100,301.325202101737,313.072926518777,11.7477244170397,25.2712918422149,0.64,644.211633615987,655.959358033026,0.3,0.379746835443038,734.04821395874
768,2,0.4,0.6,2,6500,150000,100,303.270910885172,313.547954703267,10.2770438180945,25.4118046759771,0.62,649.040149503215,659.317193321309,0.3,0.416666666666667,755.095132827759
769,2,0.5,0.6,2,6500,150000,100,296.188524512383,311.900316638995,15.711792126612,26.8855010230833,0.69,640.818924756124,656.530716882736,0.3,0.461538461538462,758.422970533371
770,2,0.1,0.7,2,6500,150000,100,309.026716484505,319.526746683399,10.5000301988941,30.0467063180928,0.62,654.602166665785,665.102196864679,0.3,0.32258064516129,769.050552845001
771,2,0.2,0.7,2,6500,150000,100,291.229427314266,303.28699171301,12.0575643987438,26.1242938777218,0.67,634.838377227,646.895941625744,0.3,0.348837209302326,819.915679693222
772,2,0.3,0.7,2,6500,150000,100,296.221537094492,311.174314426977,14.9527773324852,31.6026107522702,0.67,635.10092589878,650.053703231266,0.3,0.379746835443038,818.448060035706
773,2,0.4,0.7,2,6500,150000,100,300.268769996153,314.071186629106,13.8024166329531,26.217340186652,0.68,643.05611763189,656.858534264844,0.3,0.416666666666667,747.516365528107
774,2,0.5,0.7,2,6500,150000,100,296.267836399859,317.109828913897,20.8419925140376,26.9902728256084,0.79,642.542284186539,663.384276700577,0.3,0.461538461538462,744.463038682938
775,2,0.1,0.3,3,6500,150000,100,304.166954214815,304.436292694205,0.269338479390374,25.7522128594864,0.49,649.838312137277,650.107650616668,0.3,0.32258064516129,737.288226127625
776,2,0.2,0.3,3,6500,150000,100,297.025319429041,301.954178459203,4.92885903016237,26.4263106202994,0.63,642.339311972074,647.268171002236,0.3,0.348837209302326,743.210332393646
777,2,0.3,0.3,3,6500,150000,100,301.91117989264,314.263704796757,12.3525249041175,25.6491606489119,0.64,647.822792629511,660.175317533629,0.3,0.379746835443038,762.709827184677
778,2,0.4,0.3,3,6500,150000,100,294.213596532775,310.365144937748,16.1515484049739,24.8625990055012,0.7,641.774814194381,657.926362599355,0.3,0.416666666666667,732.282844543457
779,2,0.5,0.3,3,6500,150000,100,294.452444726474,308.881482021069,14.4290372945949,27.2759653129453,0.64,644.741541244874,659.170578539469,0.3,0.461538461538462,736.92046380043
780,2,0.1,0.4,3,6500,150000,100,293.54795398707,297.792116918492,4.24416293142277,25.0651002341571,0.52,641.876475284414,646.120638215837,0.3,0.32258064516129,741.472009420395
781,2,0.2,0.4,3,6500,150000,100,293.8131411075,302.656937301415,8.84379619391525,30.3208224224658,0.64,639.855870911255,648.69966710517,0.3,0.348837209302326,747.927926540375
782,2,0.3,0.4,3,6500,150000,100,297.940935344007,311.137055771262,13.1961204272543,26.6840274730532,0.65,642.684745103015,655.88086553027,0.3,0.379746835443038,743.887628078461
783,2,0.4,0.4,3,6500,150000,100,283.903018847119,298.562610688083,14.6595918409644,27.7796969518534,0.65,630.180817083229,644.840408924193,0.3,0.416666666666667,735.671273231506
784,2,0.5,0.4,3,6500,150000,100,304.447370119191,318.250758818375,13.8033886991835,27.7314583378926,0.64,650.034240772376,663.837629471559,0.3,0.461538461538462,750.732490539551
785,2,0.1,0.5,3,6500,150000,100,309.79702166139,319.214386022351,9.41736436096135,29.295945729422,0.58,653.596864594827,663.014228955788,0.3,0.32258064516129,760.094338417053
786,2,0.2,0.5,3,6500,150000,100,303.472702913996,314.660009742211,11.1873068282145,29.2058263092141,0.62,650.925167166534,662.112473994748,0.3,0.348837209302326,760.131346225739
787,2,0.3,0.5,3,6500,150000,100,298.914352478003,309.388414833065,10.4740623550616,25.5618669114328,0.62,640.698972489571,651.173034844633,0.3,0.379746835443038,818.509473562241
788,2,0.4,0.5,3,6500,150000,100,294.87454269423,310.41624544221,15.5417027479795,28.9121624989164,0.7,644.817755191545,660.359457939525,0.3,0.416666666666667,818.342490911484
789,2,0.5,0.5,3,6500,150000,100,303.132141864277,320.312233700153,17.1800918358761,27.005865315826,0.76,648.724596276957,665.904688112833,0.3,0.461538461538462,749.180797338486
790,2,0.1,0.6,3,6500,150000,100,295.606704581879,301.281947664986,5.67524308310703,31.5639260472281,0.6,642.638290521194,648.313533604301,0.3,0.32258064516129,744.482138633728
791,2,0.2,0.6,3,6500,150000,100,294.015123849271,303.715029087198,9.6999052379263,28.4524429110777,0.63,641.431932059564,651.13183729749,0.3,0.348837209302326,740.351063013077
792,2,0.3,0.6,3,6500,150000,100,299.48966230371,310.926736966996,11.4370746632864,26.3551315227577,0.68,642.338184073251,653.775258736537,0.3,0.379746835443038,803.376624584198
793,2,0.4,0.6,3,6500,150000,100,302.399183477528,314.373551612532,11.9743681350043,23.2114689919224,0.68,648.058374981252,660.032743116256,0.3,0.416666666666667,770.322041749954
794,2,0.5,0.6,3,6500,150000,100,298.98575357178,312.229392245305,13.2436386735255,30.8752912044854,0.64,646.931618667402,660.175257340927,0.3,0.461538461538462,733.814818143845
795,2,0.1,0.7,3,6500,150000,100,298.220740419858,304.916127719072,6.69538729921433,26.89111158638,0.6,646.434571881184,653.129959180398,0.3,0.32258064516129,736.566264152527
796,2,0.2,0.7,3,6500,150000,100,288.831279437558,302.916901370955,14.0856219333978,25.0350564877341,0.71,637.523038865393,651.608660798791,0.3,0.348837209302326,735.739770412445
797,2,0.3,0.7,3,6500,150000,100,304.01742879647,315.929631333488,11.9122025370183,26.9126143150221,0.67,644.516478517482,656.428681054501,0.3,0.379746835443038,761.827991247177
798,2,0.4,0.7,3,6500,150000,100,289.143409318952,306.867013684599,17.7236043656465,25.3858336702923,0.75,637.139197573872,654.862801939519,0.3,0.416666666666667,745.195984840393
799,2,0.5,0.7,3,6500,150000,100,297.452923194906,313.483067254781,16.0301440598748,26.9066083386212,0.72,643.039509065073,659.069653124947,0.3,0.461538461538462,734.893579959869
800,2,0.1,0.3,0,10000,150000,100,300.748721510403,303.216579935285,2.46785842488263,24.6080703379415,0.49,648.409490894381,650.877349319264,0.3,0.32258064516129,746.67551612854
801,2,0.2,0.3,0,10000,150000,100,295.781019549606,303.851611651845,8.07059210223885,22.3882742089945,0.61,637.030687724209,645.101279826448,0.3,0.348837209302326,758.57081246376
802,2,0.3,0.3,0,10000,150000,100,306.793922773172,316.689416911098,9.89549413792654,25.8400989167026,0.59,647.990658560646,657.886152698573,0.3,0.379746835443038,767.203897953034
803,2,0.4,0.3,0,10000,150000,100,296.936517585477,307.521831081371,10.5853134958945,26.3076040095275,0.69,643.418600514771,654.003914010666,0.3,0.416666666666667,815.160282850266
804,2,0.5,0.3,0,10000,150000,100,300.031943414003,312.569525487709,12.5375820737055,23.4336727629266,0.71,643.240880814672,655.778462888378,0.3,0.461538461538462,819.072358131409
805,2,0.1,0.4,0,10000,150000,100,299.482353489048,307.174173072039,7.6918195829907,27.3213416536907,0.61,640.530219613746,648.222039196737,0.3,0.32258064516129,740.212836742401
806,2,0.2,0.4,0,10000,150000,100,293.88692094652,300.093342689504,6.20642174298392,23.6576362865954,0.6,642.942198985871,649.148620728855,0.3,0.348837209302326,754.719440221787
807,2,0.3,0.4,0,10000,150000,100,301.682136597243,316.316932603567,14.6347960063241,28.0578043316599,0.71,643.846608939605,658.481404945929,0.3,0.379746835443038,736.515824794769
808,2,0.4,0.4,0,10000,150000,100,297.619797602373,306.875100940979,9.25530333860662,23.6173494781804,0.68,646.941836566883,656.19713990549,0.3,0.416666666666667,779.84566783905
809,2,0.5,0.4,0,10000,150000,100,296.566408609352,320.977686839089,24.411278229737,28.0553662007532,0.83,639.759939806622,664.171218036359,0.3,0.461538461538462,773.270682096481
810,2,0.1,0.5,0,10000,150000,100,299.92042501642,304.329978158871,4.40955314245019,27.4583030296961,0.5,647.46771229256,651.87726543501,0.3,0.32258064516129,736.686122655869
811,2,0.2,0.5,0,10000,150000,100,289.611291116012,304.031162084701,14.4198709686885,32.098165144689,0.64,633.475683966965,647.895554935653,0.3,0.348837209302326,737.766292333603
812,2,0.3,0.5,0,10000,150000,100,305.428889023907,314.22717813624,8.79828911233359,27.3754726097939,0.65,648.149809810072,656.948098922406,0.3,0.379746835443038,735.556689500809
813,2,0.4,0.5,0,10000,150000,100,295.61490371516,309.68549896599,14.0705952508302,26.0184299272337,0.7,636.614816586946,650.685411837776,0.3,0.416666666666667,743.221988677979
814,2,0.5,0.5,0,10000,150000,100,292.032074529253,305.964695368493,13.93262083924,26.7989929815463,0.65,643.553347755649,657.485968594889,0.3,0.461538461538462,744.280504703522
815,2,0.1,0.6,0,10000,150000,100,303.391912775491,311.036506551659,7.64459377616846,25.8979526558123,0.64,647.088440826964,654.733034603132,0.3,0.32258064516129,739.75531244278
816,2,0.2,0.6,0,10000,150000,100,294.261062216609,306.659030447911,12.3979682313019,30.1905835979432,0.63,637.924236993964,650.322205225266,0.3,0.348837209302326,752.266566038132
817,2,0.3,0.6,0,10000,150000,100,296.806442612871,311.960499489241,15.1540568763701,28.9060074471676,0.77,644.261558922923,659.415615799293,0.3,0.379746835443038,769.578104734421
818,2,0.4,0.6,0,10000,150000,100,302.015987672054,312.213095068677,10.1971073966234,27.0804105242015,0.61,645.938253978682,656.135361375305,0.3,0.416666666666667,761.677115678787
819,2,0.5,0.6,0,10000,150000,100,293.712293274122,312.69322474287,18.9809314687483,26.8595987256322,0.76,639.719943897621,658.700875366369,0.3,0.461538461538462,823.362731456757
820,2,0.1,0.7,0,10000,150000,100,299.172138518971,310.325315076565,11.1531765575944,27.1356055079316,0.64,643.823749794608,654.976926352202,0.3,0.32258064516129,827.096869468689
821,2,0.2,0.7,0,10000,150000,100,306.588510402937,313.098935126642,6.51042472370543,26.7490367809602,0.55,654.88982890361,661.400253627315,0.3,0.348837209302326,749.197809457779
822,2,0.3,0.7,0,10000,150000,100,297.557307893335,306.566383231736,9.00907533840078,29.0059961424717,0.67,641.456875820216,650.465951158617,0.3,0.379746835443038,739.546943187714
823,2,0.4,0.7,0,10000,150000,100,307.685328050212,321.451478410337,13.7661503601256,26.8558047888965,0.66,648.864789277194,662.63093963732,0.3,0.416666666666667,737.510866880417
824,2,0.5,0.7,0,10000,150000,100,306.867143686099,314.942967176696,8.07582349059726,21.6427861714236,0.61,649.787550128184,657.863373618781,0.3,0.461538461538462,740.907609939575
825,2,0.1,0.3,1,10000,150000,100,299.378206046472,306.864238421209,7.48603237473729,24.9743623270889,0.58,640.506699507631,647.992731882368,0.3,0.32258064516129,758.532510042191
826,2,0.2,0.3,1,10000,150000,100,294.745985957163,304.282242493621,9.5362565364582,27.8487646475107,0.57,637.975017870935,647.511274407393,0.3,0.348837209302326,747.639102697372
827,2,0.3,0.3,1,10000,150000,100,297.401691623791,308.650714513159,11.2490228893676,27.6778075128501,0.65,642.421509540115,653.670532429483,0.3,0.379746835443038,740.973344087601
828,2,0.4,0.3,1,10000,150000,100,291.923640591778,303.246401637997,11.3227610462195,23.9627362997743,0.69,641.133056888319,652.455817934538,0.3,0.416666666666667,736.748946428299
829,2,0.5,0.3,1,10000,150000,100,292.016033310009,305.042853186681,13.0268198766716,28.3579273349712,0.64,637.062920628665,650.089740505336,0.3,0.461538461538462,745.84715461731
830,2,0.1,0.4,1,10000,150000,100,292.934539765045,297.061227886187,4.12668812114233,26.2843607857197,0.52,640.246571026404,644.373259147547,0.3,0.32258064516129,746.868573904037
831,2,0.2,0.4,1,10000,150000,100,299.960144372347,309.186430173175,9.22628580082758,21.5344722179956,0.7,649.310669252892,658.53695505372,0.3,0.348837209302326,735.761693477631
832,2,0.3,0.4,1,10000,150000,100,294.934181006849,307.563702675039,12.62952166819,28.4159305498629,0.65,638.541799962297,651.171321630487,0.3,0.379746835443038,752.090677976608
833,2,0.4,0.4,1,10000,150000,100,304.873097717279,319.410271473803,14.5371737565245,28.7091429063657,0.72,648.418416079647,662.955589836171,0.3,0.416666666666667,759.909622192383
834,2,0.5,0.4,1,10000,150000,100,303.387719451253,315.881658845102,12.4939393938498,21.2930889349301,0.69,645.847497264646,658.341436658496,0.3,0.461538461538462,770.543296813965
835,2,0.1,0.5,1,10000,150000,100,298.637452962055,301.716910594947,3.07945763289184,26.3536892182394,0.55,642.995380989339,646.074838622231,0.3,0.32258064516129,821.687841892243
836,2,0.2,0.5,1,10000,150000,100,303.425547469381,311.892457118285,8.46690964890443,24.2786771958647,0.63,649.888887967044,658.355797615948,0.3,0.348837209302326,818.645828962326
837,2,0.3,0.5,1,10000,150000,100,294.810059375658,306.432179357272,11.622119981614,25.6847486681632,0.63,643.08212928765,654.704249269264,0.3,0.379746835443038,744.754620313645
838,2,0.4,0.5,1,10000,150000,100,288.185482715403,302.740084698085,14.5546019826819,25.0380481043163,0.71,635.031615575743,649.586217558425,0.3,0.416666666666667,754.401068925858
839,2,0.5,0.5,1,10000,150000,100,297.65123661,318.210256623504,20.5590200135041,24.5494564424234,0.79,643.297526478993,663.856546492497,0.3,0.461538461538462,737.927681207657
840,2,0.1,0.6,1,10000,150000,100,293.944558427962,304.115012706008,10.1704542780461,29.0987005934866,0.56,642.140149408218,652.310603686264,0.3,0.32258064516129,792.987755537033
841,2,0.2,0.6,1,10000,150000,100,305.566327339914,314.070790319522,8.50446297960771,25.3958631030685,0.59,648.961699277191,657.466162256799,0.3,0.348837209302326,771.564576387405
842,2,0.3,0.6,1,10000,150000,100,300.613507313824,313.811701638622,13.198194324798,26.2912944118792,0.7,646.047681018326,659.245875343124,0.3,0.379746835443038,738.221389293671
843,2,0.4,0.6,1,10000,150000,100,291.304072497163,309.536727771311,18.2326552741478,27.5902026444541,0.73,638.188248077605,656.420903351752,0.3,0.416666666666667,738.867598772049
844,2,0.5,0.6,1,10000,150000,100,302.090264651696,318.375918053572,16.2856534018756,24.6304993391207,0.7,648.599634606436,664.885288008311,0.3,0.461538461538462,738.495399475098
845,2,0.1,0.7,1,10000,150000,100,297.582078053703,303.376703045691,5.79462499198826,33.0900317774,0.59,645.597662292698,651.392287284686,0.3,0.32258064516129,745.845207452774
846,2,0.2,0.7,1,10000,150000,100,292.351327489891,306.346370745554,13.995043255663,27.667767619551,0.7,641.572536683978,655.567579939641,0.3,0.348837209302326,743.682455301285
847,2,0.3,0.7,1,10000,150000,100,294.125535931896,306.202239099586,12.0767031676899,25.673551700026,0.66,637.404089528164,649.480792695854,0.3,0.379746835443038,735.451167106628
848,2,0.4,0.7,1,10000,150000,100,297.646562171281,307.756739664278,10.1101774929971,29.4836015949447,0.63,647.085061973437,657.195239466434,0.3,0.416666666666667,757.507300138474
849,2,0.5,0.7,1,10000,150000,100,298.549633468555,314.54592849093,15.9962950223749,25.5464488750984,0.71,641.923283439276,657.919578461651,0.3,0.461538461538462,761.351329088211
850,2,0.1,0.3,2,10000,150000,100,293.967793570855,301.934563074001,7.96676950314624,24.4890613492233,0.64,643.151638049544,651.11840755269,0.3,0.32258064516129,776.489327669144
851,2,0.2,0.3,2,10000,150000,100,294.09248783447,303.834337956951,9.74185012248066,28.2055730044864,0.66,644.901427456181,654.643277578661,0.3,0.348837209302326,816.518772602081
852,2,0.3,0.3,2,10000,150000,100,299.618065668583,310.701932840418,11.083867171835,25.7836775507627,0.69,645.694851666786,656.778718838621,0.3,0.379746835443038,820.053206443787
853,2,0.4,0.3,2,10000,150000,100,298.865464432682,310.234408229346,11.3689437966633,25.4584463290139,0.64,643.489634528322,654.858578324986,0.3,0.416666666666667,743.099648475647
854,2,0.5,0.3,2,10000,150000,100,299.334338543103,316.536729716493,17.2023911733895,23.7698355373641,0.73,647.256209725333,664.458600898723,0.3,0.461538461538462,743.997760295868
855,2,0.1,0.4,2,10000,150000,100,298.261519412704,305.829810090953,7.56829067824826,24.0396011349349,0.61,642.60031413859,650.168604816838,0.3,0.32258064516129,753.745299100876
856,2,0.2,0.4,2,10000,150000,100,300.528970916614,307.595627521826,7.06665660521162,25.2844208535717,0.65,646.476401513047,653.543058118259,0.3,0.348837209302326,784.908409118652
857,2,0.3,0.4,2,10000,150000,100,284.844142334752,295.865980687099,11.0218383523469,27.0543879837181,0.64,632.452577168585,643.474415520932,0.3,0.379746835443038,763.393557071686
858,2,0.4,0.4,2,10000,150000,100,311.510947390002,323.428133540037,11.9171861500351,23.5258071303482,0.66,661.127466432498,673.044652582533,0.3,0.416666666666667,735.036383867264
859,2,0.5,0.4,2,10000,150000,100,303.094035128056,319.494418357142,16.400383229086,24.6575856377415,0.74,646.406757571515,662.807140800601,0.3,0.461538461538462,737.015148878098
860,2,0.1,0.5,2,10000,150000,100,298.092675302709,304.339651418789,6.24697611607987,22.7600270255358,0.59,642.116346799578,648.363322915658,0.3,0.32258064516129,738.998735427856
861,2,0.2,0.5,2,10000,150000,100,302.189960769615,306.045839605073,3.85587883545849,28.6430689081148,0.51,651.204926591666,655.060805427124,0.3,0.348837209302326,775.435856342316
862,2,0.3,0.5,2,10000,150000,100,301.145135848093,312.509446406011,11.3643105579178,27.5587152016692,0.61,646.985499001526,658.349809559443,0.3,0.379746835443038,743.797142744064
863,2,0.4,0.5,2,10000,150000,100,294.700094389744,311.041206181501,16.3411117917563,25.616943252186,0.72,639.930811437246,656.271923229002,0.3,0.416666666666667,741.360859155655
864,2,0.5,0.5,2,10000,150000,100,296.777288878852,312.075393847136,15.2981049682843,27.112746947688,0.68,642.77728922685,658.075394195134,0.3,0.461538461538462,755.871160268784
865,2,0.1,0.6,2,10000,150000,100,296.662115140034,303.756473398333,7.09435825829945,28.4678437399746,0.65,645.135354796713,652.229713055013,0.3,0.32258064516129,783.919348955154
866,2,0.2,0.6,2,10000,150000,100,300.08783208203,312.126149207543,12.0383171255128,27.9903898612609,0.68,644.911951857374,656.950268982886,0.3,0.348837209302326,773.387906551361
867,2,0.3,0.6,2,10000,150000,100,295.124284083802,308.041948962226,12.9176648784242,27.6740526022168,0.61,642.015128273973,654.932793152398,0.3,0.379746835443038,819.467700481415
868,2,0.4,0.6,2,10000,150000,100,302.567139194423,315.522303077654,12.9551638832307,22.8507974318419,0.73,645.514110901148,658.469274784378,0.3,0.416666666666667,824.044361114502
869,2,0.5,0.6,2,10000,150000,100,297.498054058201,313.554595680972,16.0565416227704,27.372356352635,0.71,641.913642366301,657.970183989071,0.3,0.461538461538462,747.459584236145
870,2,0.1,0.7,2,10000,150000,100,291.089398155043,297.797834426799,6.70843627175599,28.426394571461,0.57,637.544080882256,644.252517154011,0.3,0.32258064516129,743.15139913559
871,2,0.2,0.7,2,10000,150000,100,311.869790599047,322.849115741009,10.979325141962,26.7456592212443,0.65,651.871144472841,662.850469614803,0.3,0.348837209302326,734.371839046478
872,2,0.3,0.7,2,10000,150000,100,291.678999391796,302.940344026699,11.2613446349037,28.5358630335822,0.61,638.310754349798,649.572098984701,0.3,0.379746835443038,743.376749992371
873,2,0.4,0.7,2,10000,150000,100,298.759868363328,312.200771025079,13.4409026617512,25.6142776897225,0.7,647.632759956764,661.073662618515,0.3,0.416666666666667,761.644131660462
874,2,0.5,0.7,2,10000,150000,100,299.551281287266,311.728697198152,12.1774159108853,25.8139370695589,0.66,644.804791474723,656.982207385609,0.3,0.461538461538462,738.857158899307
875,2,0.1,0.3,3,10000,150000,100,290.059137417265,297.910266665887,7.85112924862273,31.6350658271427,0.56,637.761415793566,645.612545042189,0.3,0.32258064516129,794.908227920532
876,2,0.2,0.3,3,10000,150000,100,297.954902881253,303.797517253322,5.84261437206879,26.2505000752206,0.58,640.350317768425,646.192932140494,0.3,0.348837209302326,737.640261650085
877,2,0.3,0.3,3,10000,150000,100,305.103346255417,314.556868258931,9.45352200351417,27.2188402614785,0.63,649.669502118001,659.123024121515,0.3,0.379746835443038,739.260554552078
878,2,0.4,0.3,3,10000,150000,100,294.221086392686,307.493098209165,13.2720118164788,25.3802073568331,0.68,636.740160299931,650.01217211641,0.3,0.416666666666667,742.273072242737
879,2,0.5,0.3,3,10000,150000,100,304.329228055008,322.949319006389,18.6200909513817,25.5092774062582,0.79,647.947577260138,666.567668211519,0.3,0.461538461538462,768.954273223877
880,2,0.1,0.4,3,10000,150000,100,316.329878306262,323.174875461488,6.84499715522507,27.7556629703658,0.62,658.387588318716,665.232585473942,0.3,0.32258064516129,749.144566059113
881,2,0.2,0.4,3,10000,150000,100,305.499256929328,314.475318043294,8.97606111396638,24.7432043665976,0.6,647.592523310045,656.568584424012,0.3,0.348837209302326,759.616250276566
882,2,0.3,0.4,3,10000,150000,100,286.389538889516,301.254459461633,14.864920572117,24.4064196717935,0.69,634.588452476976,649.453373049093,0.3,0.379746835443038,760.261553287506
883,2,0.4,0.4,3,10000,150000,100,300.185119648799,315.662874007482,15.4777543586831,23.8815559375968,0.73,646.303434926073,661.781189284756,0.3,0.416666666666667,820.766658782959
884,2,0.5,0.4,3,10000,150000,100,294.503404241421,312.966899216623,18.4634949752013,26.2280739570007,0.74,641.210499202125,659.673994177327,0.3,0.461538461538462,817.870643854141
885,2,0.1,0.5,3,10000,150000,100,294.901816991715,299.540546850007,4.63872985829184,25.5878044981968,0.58,642.220264684141,646.858994542433,0.3,0.32258064516129,749.27165389061
886,2,0.2,0.5,3,10000,150000,100,300.747382507977,307.460525510758,6.71314300278118,22.2502265385177,0.59,641.467794547354,648.180937550135,0.3,0.348837209302326,743.368249893189
887,2,0.3,0.5,3,10000,150000,100,299.965386952107,309.010974737424,9.04558778531685,26.913003238858,0.64,647.155057245822,656.200645031139,0.3,0.379746835443038,735.850899457932
888,2,0.4,0.5,3,10000,150000,100,289.978026421814,309.625281253962,19.6472548321476,30.4385902904529,0.73,639.664729058487,659.311983890634,0.3,0.416666666666667,767.109129190445
889,2,0.5,0.5,3,10000,150000,100,300.166827714531,315.333543964802,15.1667162502713,30.7643672484647,0.73,647.386723546174,662.553439796445,0.3,0.461538461538462,740.817383527756
890,2,0.1,0.6,3,10000,150000,100,296.373947529244,305.221413786171,8.84746625692716,25.3693832582729,0.63,633.647758294039,642.495224550966,0.3,0.32258064516129,736.545286417007
891,2,0.2,0.6,3,10000,150000,100,307.677294344476,316.574935445876,8.89764110139904,25.9560061268255,0.56,651.392337799475,660.289978900874,0.3,0.348837209302326,739.104637384415
892,2,0.3,0.6,3,10000,150000,100,306.074182570055,311.071698352255,4.99751578219979,31.1381124756598,0.57,649.857644083259,654.855159865458,0.3,0.379746835443038,742.667433261871
893,2,0.4,0.6,3,10000,150000,100,294.034958102765,305.801330869628,11.7663727668634,23.8105704829656,0.66,640.546958580238,652.313331347101,0.3,0.416666666666667,780.240401029587
894,2,0.5,0.6,3,10000,150000,100,289.640625309972,307.809882523094,18.1692572131212,29.5132472167527,0.72,636.812978805373,654.982236018494,0.3,0.461538461538462,738.477421045303
895,2,0.1,0.7,3,10000,150000,100,291.874996225983,306.479445887962,14.6044496619787,31.0477542402103,0.65,640.025913299552,654.630362961531,0.3,0.32258064516129,780.003781557083
896,2,0.2,0.7,3,10000,150000,100,307.234340030195,313.020323098424,5.78598306822881,23.1981187676516,0.57,655.653497569895,661.439480638124,0.3,0.348837209302326,749.538277387619
897,2,0.3,0.7,3,10000,150000,100,288.875255533742,301.333983767006,12.4587282332639,27.4884168362006,0.63,636.807669238561,649.266397471825,0.3,0.379746835443038,778.106258869171
898,2,0.4,0.7,3,10000,150000,100,294.37579419296,307.477994082182,13.1021998892224,27.1507760482488,0.65,635.66626869139,648.768468580613,0.3,0.416666666666667,749.117512702942
899,2,0.5,0.7,3,10000,150000,100,295.373721908571,314.088146075331,18.7144241667603,28.423678188567,0.7,645.40925840456,664.12368257132,0.3,0.461538461538462,821.185401678085
900,2,0.1,0.3,0,13500,150000,100,300.722533033446,301.68106761429,0.958534580844689,29.3777433961033,0.47,645.473489435082,646.432024015926,0.3,0.32258064516129,818.638494968414
901,2,0.2,0.3,0,13500,150000,100,309.393813764868,314.842555967841,5.448742202973,22.2720107051255,0.59,654.728453111403,660.177195314376,0.3,0.348837209302326,747.969574451447
902,2,0.3,0.3,0,13500,150000,100,306.836684564107,317.248032811133,10.4113482470262,23.3278144412127,0.67,650.874259381355,661.285607628382,0.3,0.379746835443038,743.89843583107
903,2,0.4,0.3,0,13500,150000,100,303.70745537533,314.820038505789,11.1125831304592,26.7759951812144,0.64,651.742107442654,662.854690573113,0.3,0.416666666666667,787.288043022156
904,2,0.5,0.3,0,13500,150000,100,293.441286957123,308.432060423655,14.9907734665323,26.4676640970524,0.73,640.297480366181,655.288253832713,0.3,0.461538461538462,742.421060562134
905,2,0.1,0.4,0,13500,150000,100,292.265808834706,300.067817065598,7.80200823089136,24.8593408389559,0.64,639.691938349677,647.493946580568,0.3,0.32258064516129,764.822885274887
906,2,0.2,0.4,0,13500,150000,100,300.216160431562,307.535795569587,7.31963513802523,25.8794154582727,0.66,643.987612004872,651.307247142898,0.3,0.348837209302326,736.659514427185
907,2,0.3,0.4,0,13500,150000,100,299.590809602326,312.982587606189,13.3917780038626,31.0923079043839,0.65,642.810488056836,656.202266060698,0.3,0.379746835443038,800.461765527725
908,2,0.4,0.4,0,13500,150000,100,284.472393589372,302.173020122064,17.7006265326921,27.0419711585558,0.77,630.791679368243,648.492305900935,0.3,0.416666666666667,735.934295654297
909,2,0.5,0.4,0,13500,150000,100,311.016275034755,324.854202519322,13.837927484567,27.0991722392046,0.72,651.208643544332,665.046571028899,0.3,0.461538461538462,744.303281068802
910,2,0.1,0.5,0,13500,150000,100,304.416416029076,309.67434635214,5.25793032306387,26.5679873608392,0.57,649.571078657688,654.829008980751,0.3,0.32258064516129,743.690446615219
911,2,0.2,0.5,0,13500,150000,100,298.547991610167,310.664028739685,12.1160371295171,29.7555174031589,0.67,645.298376931765,657.414414061282,0.3,0.348837209302326,734.944951057434
912,2,0.3,0.5,0,13500,150000,100,299.380791484766,308.225698302003,8.8449068172369,28.9747754604335,0.62,647.245889951518,656.090796768755,0.3,0.379746835443038,748.75416302681
913,2,0.4,0.5,0,13500,150000,100,303.438691450056,322.451452762388,19.0127613123327,25.3762833851648,0.78,646.267760504654,665.280521816986,0.3,0.416666666666667,761.890271425247
914,2,0.5,0.5,0,13500,150000,100,300.249195894764,316.39876208038,16.1495661856156,24.5456755540636,0.75,648.728725489879,664.878291675494,0.3,0.461538461538462,772.076873779297
915,2,0.1,0.6,0,13500,150000,100,288.601050895146,293.425793080386,4.82474218524071,28.9500160713359,0.57,633.27066548959,638.095407674831,0.3,0.32258064516129,821.16509103775
916,2,0.2,0.6,0,13500,150000,100,292.341108770809,304.011636860893,11.6705280900845,28.6706912078371,0.64,642.936820771221,654.607348861305,0.3,0.348837209302326,820.515284061432
917,2,0.3,0.6,0,13500,150000,100,305.598112477025,319.09259181583,13.4944793388052,22.464437671248,0.69,645.193956182281,658.688435521086,0.3,0.379746835443038,746.870046138763
918,2,0.4,0.6,0,13500,150000,100,298.149102235813,315.935371454979,17.7862692191653,29.0478392210676,0.71,646.456547044147,664.242816263313,0.3,0.416666666666667,751.290303707123
919,2,0.5,0.6,0,13500,150000,100,295.738299796061,312.527264842679,16.7889650466181,26.3044352545826,0.76,642.282396645535,659.071361692153,0.3,0.461538461538462,796.50617146492
920,2,0.1,0.7,0,13500,150000,100,290.164021835615,302.034391386177,11.8703695505617,26.5192145720965,0.65,637.086317302293,648.956686852855,0.3,0.32258064516129,797.933712482452
921,2,0.2,0.7,0,13500,150000,100,301.477871369168,310.314875164668,8.83700379549998,26.4166370823871,0.6,649.739041378724,658.576045174224,0.3,0.348837209302326,785.301768541336
922,2,0.3,0.7,0,13500,150000,100,294.375998146233,311.098222639558,16.7222244933255,22.4032503887985,0.79,638.001114789386,654.723339282711,0.3,0.379746835443038,734.11465883255
923,2,0.4,0.7,0,13500,150000,100,296.028872601493,310.009451199296,13.9805785978026,24.3884181965676,0.72,639.700338132598,653.680916730401,0.3,0.416666666666667,799.621463060379
924,2,0.5,0.7,0,13500,150000,100,296.58448987278,311.164097513223,14.5796076404431,25.3204624743141,0.72,643.053642371044,657.633250011488,0.3,0.461538461538462,736.312010765076
925,2,0.1,0.3,1,13500,150000,100,289.821503469988,294.334877189144,4.51337371915593,23.0910442392309,0.49,634.140196270054,638.65356998921,0.3,0.32258064516129,764.627206087113
926,2,0.2,0.3,1,13500,150000,100,299.361118430235,305.42813822679,6.06701979655527,25.2683691590863,0.56,641.039775447548,647.106795244103,0.3,0.348837209302326,742.802310466766
927,2,0.3,0.3,1,13500,150000,100,297.742782127034,311.922063863219,14.1792817361852,27.2305833039426,0.68,645.347008138928,659.526289875114,0.3,0.379746835443038,732.538385391235
928,2,0.4,0.3,1,13500,150000,100,301.772423934917,312.686106870875,10.9136829359583,27.03167581329,0.66,650.961217268424,661.874900204382,0.3,0.416666666666667,745.270882129669
929,2,0.5,0.3,1,13500,150000,100,293.75188182224,311.556435246956,17.8045534247163,25.1308476685628,0.75,638.945988143466,656.750541568182,0.3,0.461538461538462,777.360465526581
930,2,0.1,0.4,1,13500,150000,100,296.271260653517,307.381514322773,11.1102536692556,29.9069173010281,0.64,645.324640205881,656.434893875137,0.3,0.32258064516129,773.881487607956
931,2,0.2,0.4,1,13500,150000,100,303.3921794763,308.795793503283,5.40361402698281,27.1721972360601,0.57,643.321539624347,648.72515365133,0.3,0.348837209302326,820.171457529068
932,2,0.3,0.4,1,13500,150000,100,301.298741497489,312.486964280718,11.1882227832294,24.1128654422542,0.7,641.166003235325,652.354226018554,0.3,0.379746835443038,818.409746646881
933,2,0.4,0.4,1,13500,150000,100,299.990125151795,315.761980350082,15.7718551982867,20.57585828798,0.77,647.573385298481,663.345240496768,0.3,0.416666666666667,746.173090696335
934,2,0.5,0.4,1,13500,150000,100,299.251819427146,313.747063506133,14.495244078987,27.5134851379646,0.67,642.279770982835,656.775015061823,0.3,0.461538461538462,753.746011734009
935,2,0.1,0.5,1,13500,150000,100,301.653877833384,308.51070989347,6.85683206008589,23.3020478841571,0.63,647.218227608826,654.075059668912,0.3,0.32258064516129,748.080315828323
936,2,0.2,0.5,1,13500,150000,100,305.873238370779,314.040559464642,8.16732109386302,23.7642644913154,0.64,651.14038682267,659.307707916533,0.3,0.348837209302326,815.83326625824
937,2,0.3,0.5,1,13500,150000,100,300.406312914945,311.312265299385,10.90595238444,29.7286639548481,0.61,644.179331506432,655.085283890872,0.3,0.379746835443038,744.002582073212
938,2,0.4,0.5,1,13500,150000,100,298.938325217686,313.084203912493,14.145878694807,29.1556028817704,0.68,644.023266274773,658.16914496958,0.3,0.416666666666667,735.275530815125
939,2,0.5,0.5,1,13500,150000,100,304.870110019152,317.246368541446,12.3762585222937,25.4755990086849,0.69,650.87236677835,663.248625300644,0.3,0.461538461538462,793.688999176025
940,2,0.1,0.6,1,13500,150000,100,298.062326351437,304.540736937819,6.47841058638171,28.125662596571,0.59,645.659863601567,652.138274187949,0.3,0.32258064516129,738.857911586762
941,2,0.2,0.6,1,13500,150000,100,297.181147022091,307.299947044274,10.1188000221829,28.6267762352128,0.64,642.661950835393,652.780750857575,0.3,0.348837209302326,740.664932727814
942,2,0.3,0.6,1,13500,150000,100,303.336272052701,312.309812878284,8.9735408255833,26.206230063962,0.58,649.024379340331,657.997920165914,0.3,0.379746835443038,745.188535451889
943,2,0.4,0.6,1,13500,150000,100,296.340131998149,315.173312152737,18.8331801545881,26.8310620124323,0.75,638.649911783492,657.48309193808,0.3,0.416666666666667,768.544534921646
944,2,0.5,0.6,1,13500,150000,100,298.857081557199,319.324223448624,20.4671418914251,26.9547856069788,0.78,643.036261282437,663.503403173862,0.3,0.461538461538462,748.105669736862
945,2,0.1,0.7,1,13500,150000,100,302.266999205104,313.283378760454,11.0163795553502,26.4737518611264,0.65,643.690696169583,654.707075724934,0.3,0.32258064516129,776.213789224625
946,2,0.2,0.7,1,13500,150000,100,295.575068295709,302.618206956644,7.04313866093502,21.910183431687,0.59,639.83510269504,646.878241355975,0.3,0.348837209302326,768.86808514595
947,2,0.3,0.7,1,13500,150000,100,294.044471507309,308.384666892163,14.3401953848537,27.3017397618724,0.64,639.533280885513,653.873476270367,0.3,0.379746835443038,822.396584272385
948,2,0.4,0.7,1,13500,150000,100,292.951418600561,303.283521567493,10.3321029669312,23.3489704518721,0.66,638.941628377452,649.273731344383,0.3,0.416666666666667,819.543374300003
949,2,0.5,0.7,1,13500,150000,100,277.072766974859,291.110783540508,14.0380165656488,25.1756595589905,0.71,627.892096275456,641.930112841105,0.3,0.461538461538462,741.246397972107
950,2,0.1,0.3,2,13500,150000,100,303.766137627259,306.554909976998,2.78877234973926,21.2181354626553,0.6,650.765438757614,653.554211107354,0.3,0.32258064516129,751.884035825729
951,2,0.2,0.3,2,13500,150000,100,293.124106748274,295.250263025955,2.12615627768103,23.4507239608852,0.49,642.281381787822,644.407538065503,0.3,0.348837209302326,786.615621805191
952,2,0.3,0.3,2,13500,150000,100,290.414125822951,297.247902487689,6.83377666473871,25.855342124012,0.55,630.779687372917,637.613464037656,0.3,0.379746835443038,738.62476348877
953,2,0.4,0.3,2,13500,150000,100,304.767946685413,317.283603265306,12.5156565798931,27.7898151268474,0.66,645.844076180333,658.359732760226,0.3,0.416666666666667,784.521754741669
954,2,0.5,0.3,2,13500,150000,100,291.790944540485,311.293290612195,19.5023460717097,27.7650947670396,0.77,642.521538555401,662.02388462711,0.3,0.461538461538462,740.846807003021
955,2,0.1,0.4,2,13500,150000,100,297.100760776902,307.629026967733,10.528266190831,27.8990589348902,0.67,642.867492520756,653.395758711587,0.3,0.32258064516129,795.378539323807
956,2,0.2,0.4,2,13500,150000,100,294.897921477865,304.977762066088,10.0798405882233,24.3656832715947,0.66,638.518052425677,648.5978930139,0.3,0.348837209302326,736.250236272812
957,2,0.3,0.4,2,13500,150000,100,297.738807211357,315.095673656408,17.3568664450508,27.5844852746585,0.72,643.910581477596,661.267447922647,0.3,0.379746835443038,765.517692327499
958,2,0.4,0.4,2,13500,150000,100,293.29061954842,310.42148194964,17.1308624012197,28.0688368869923,0.66,635.765785972658,652.896648373877,0.3,0.416666666666667,743.83082818985
959,2,0.5,0.4,2,13500,150000,100,313.058289367563,327.126285084864,14.067995717301,28.1220226668855,0.69,654.866733141444,668.934728858745,0.3,0.461538461538462,733.677802324295
960,2,0.1,0.5,2,13500,150000,100,303.778789556495,310.942811134235,7.16402157773915,26.5833239994112,0.56,651.043938904987,658.207960482726,0.3,0.32258064516129,767.348431348801
961,2,0.2,0.5,2,13500,150000,100,295.964492447277,302.454514136389,6.4900216891115,25.0592684296809,0.55,644.736371713082,651.226393402193,0.3,0.348837209302326,757.941254138947
962,2,0.3,0.5,2,13500,150000,100,299.865990158751,305.711008058403,5.84501789965197,28.5823321869039,0.59,645.772343482675,651.617361382327,0.3,0.379746835443038,776.992814302445
963,2,0.4,0.5,2,13500,150000,100,300.033421532136,316.853334006417,16.8199124742814,27.8981173179737,0.69,646.349200530413,663.169113004694,0.3,0.416666666666667,818.866285324097
964,2,0.5,0.5,2,13500,150000,100,298.754639415959,316.962766465887,18.2081270499282,28.5911758745788,0.72,647.407840938523,665.615967988451,0.3,0.461538461538462,819.943671226502
965,2,0.1,0.6,2,13500,150000,100,301.985368325205,309.98649291358,8.00112458837444,27.0021157722114,0.6,646.884873353201,654.885997941576,0.3,0.32258064516129,739.821722984314
966,2,0.2,0.6,2,13500,150000,100,319.25189053115,324.873324591961,5.6214340608114,24.5136911319382,0.59,660.585774684162,666.207208744974,0.3,0.348837209302326,738.456926822662
967,2,0.3,0.6,2,13500,150000,100,297.480169721195,306.071444482784,8.59127476158893,24.2824501985967,0.6,646.70564124669,655.296916008279,0.3,0.379746835443038,735.973923444748
968,2,0.4,0.6,2,13500,150000,100,301.303806023841,313.139262379766,11.8354563559256,26.3429352823879,0.68,645.964129080815,657.79958543674,0.3,0.416666666666667,737.422395467758
969,2,0.5,0.6,2,13500,150000,100,295.237261065811,309.330130294211,14.0928692283998,24.4594378172138,0.72,643.008433401728,657.101302630128,0.3,0.461538461538462,759.687798976898
970,2,0.1,0.7,2,13500,150000,100,296.463167148062,308.358153743454,11.8949865953924,29.7096069745069,0.6,640.802146860476,652.697133455868,0.3,0.32258064516129,732.603199481964
971,2,0.2,0.7,2,13500,150000,100,294.38781723955,305.921963051332,11.5341458117819,25.9236324050221,0.64,642.840986056141,654.375131867923,0.3,0.348837209302326,740.451591491699
972,2,0.3,0.7,2,13500,150000,100,299.017879269313,314.5943315633,15.576452293987,26.8007054111781,0.66,646.910568376823,662.48702067081,0.3,0.379746835443038,736.080776453018
973,2,0.4,0.7,2,13500,150000,100,303.275181146268,321.237347002543,17.9621658562752,27.8660696830827,0.73,648.928360083007,666.890525939282,0.3,0.416666666666667,744.887424468994
974,2,0.5,0.7,2,13500,150000,100,298.964229127453,314.133806323887,15.169577196434,23.3212939390512,0.76,645.776098907019,660.945676103453,0.3,0.461538461538462,743.013430833817
975,2,0.1,0.3,3,13500,150000,100,289.909120467574,296.883653639112,6.9745331715387,25.3919392612121,0.6,639.174064098105,646.148597269644,0.3,0.32258064516129,735.046918153763
976,2,0.2,0.3,3,13500,150000,100,304.089384390987,309.288059953305,5.1986755623183,26.3941103402101,0.52,644.593611073953,649.792286636271,0.3,0.348837209302326,766.270004034042
977,2,0.3,0.3,3,13500,150000,100,295.499466707001,306.400008693822,10.9005419868212,23.3554752781335,0.73,640.417155618461,651.317697605282,0.3,0.379746835443038,760.772359371185
978,2,0.4,0.3,3,13500,150000,100,287.554469336307,296.321805819221,8.76733648291414,25.1984421057802,0.66,639.467100882249,648.234437365163,0.3,0.416666666666667,771.445222854614
979,2,0.5,0.3,3,13500,150000,100,295.661544607947,314.740808958944,19.0792643509967,29.7138001751986,0.72,644.558624053614,663.63788840461,0.3,0.461538461538462,819.682231426239
980,2,0.1,0.4,3,13500,150000,100,298.094097285004,305.703865669528,7.60976838452377,25.2426121703281,0.66,643.248995008182,650.858763392705,0.3,0.32258064516129,821.238363981247
981,2,0.2,0.4,3,13500,150000,100,299.208565560711,310.577316634579,11.3687510738683,24.5332812039697,0.61,649.278845495625,660.647596569493,0.3,0.348837209302326,741.023847103119
982,2,0.3,0.4,3,13500,150000,100,299.486523283582,307.455567471443,7.96904418786091,28.5519127051164,0.59,644.453048934427,652.422093122288,0.3,0.379746835443038,744.300849676132
983,2,0.4,0.4,3,13500,150000,100,300.054117232552,317.730033496572,17.6759162640207,28.01819282534,0.79,648.163098308864,665.839014572885,0.3,0.416666666666667,740.371550798416
984,2,0.5,0.4,3,13500,150000,100,295.729504775837,314.09232704036,18.3628222645231,26.3362146269416,0.78,637.65329806875,656.016120333273,0.3,0.461538461538462,736.65803027153
985,2,0.1,0.5,3,13500,150000,100,303.643367865801,306.878254174474,3.23488630867223,24.1812756263596,0.55,645.759961676117,648.99484798479,0.3,0.32258064516129,782.870992422104
986,2,0.2,0.5,3,13500,150000,100,305.778295276402,314.881286927807,9.10299165140411,25.5049804093582,0.61,654.223178498208,663.326170149612,0.3,0.348837209302326,732.713200330734
987,2,0.3,0.5,3,13500,150000,100,298.947125200588,311.999991595873,13.0528663952853,26.4898268710613,0.71,646.95315321251,660.006019607795,0.3,0.379746835443038,738.670781135559
988,2,0.4,0.5,3,13500,150000,100,304.528196258653,320.48781256615,15.9596163074979,24.6757346522534,0.8,650.123030924496,666.082647231994,0.3,0.416666666666667,734.079880237579
989,2,0.5,0.5,3,13500,150000,100,287.865250994696,304.134184022583,16.2689330278868,25.7998207658493,0.71,637.792299674249,654.061232702136,0.3,0.461538461538462,774.848923444748
990,2,0.1,0.6,3,13500,150000,100,307.943371974975,311.201508027533,3.25813605255807,23.6603300697633,0.56,653.807636452216,657.065772504774,0.3,0.32258064516129,744.337990760803
991,2,0.2,0.6,3,13500,150000,100,295.90304270438,308.861470332667,12.9584276282872,30.9761510895699,0.63,642.531000763202,655.489428391489,0.3,0.348837209302326,733.728387355805
992,2,0.3,0.6,3,13500,150000,100,302.015202998154,308.772188683461,6.75698568530767,29.118918034141,0.58,648.031638119393,654.7886238047,0.3,0.379746835443038,765.233822345734
993,2,0.4,0.6,3,13500,150000,100,303.791726515627,318.388674631218,14.5969481155914,24.8820383522042,0.64,648.964818784977,663.561766900569,0.3,0.416666666666667,760.021988630295
994,2,0.5,0.6,3,13500,150000,100,294.606609457576,314.576666617119,19.9700571595434,28.9877913098411,0.77,642.598230415334,662.568287574877,0.3,0.461538461538462,769.347319602966
995,2,0.1,0.7,3,13500,150000,100,308.509814844095,317.641635914031,9.13182106993585,24.6660343493759,0.6,652.841969599343,661.973790669279,0.3,0.32258064516129,821.307328224182
996,2,0.2,0.7,3,13500,150000,100,291.214847763608,305.985602322318,14.7707545587106,26.8583977833065,0.73,641.695243780062,656.465998338772,0.3,0.348837209302326,817.492379426956
997,2,0.3,0.7,3,13500,150000,100,311.429275461518,320.558744760038,9.12946929851999,23.6511451822333,0.67,653.929064953257,663.058534251777,0.3,0.379746835443038,749.818561077118
998,2,0.4,0.7,3,13500,150000,100,302.922933488006,316.949784091081,14.0268506030755,28.007428149702,0.66,651.385710743846,665.412561346921,0.3,0.416666666666667,741.380967617035
999,2,0.5,0.7,3,13500,150000,100,302.031273265144,317.989012715764,15.9577394506203,26.7608388007753,0.72,650.522227362519,666.479966813139,0.3,0.461538461538462,737.735005378723
1000,2,0.1,0.3,0,17000,150000,100,300.073863816902,305.245239299726,5.17137548282416,27.8246712720023,0.51,645.294881406717,650.466256889541,0.3,0.32258064516129,743.086160182953
1001,2,0.2,0.3,0,17000,150000,100,297.021953355546,300.797962948916,3.77600959336963,26.8933399708826,0.53,644.092639690845,647.868649284214,0.3,0.348837209302326,768.132476091385
1002,2,0.3,0.3,0,17000,150000,100,302.463236172174,315.621383541534,13.1581473693606,28.0921816521622,0.62,647.868353538354,661.026500907715,0.3,0.379746835443038,739.767293214798
1003,2,0.4,0.3,0,17000,150000,100,300.428503778288,315.009077656687,14.5805738783989,27.4201411313855,0.7,648.91159681601,663.492170694409,0.3,0.416666666666667,736.540726423264
1004,2,0.5,0.3,0,17000,150000,100,299.937579070537,319.574831559221,19.6372524886845,28.3748240017635,0.73,644.147831020487,663.785083509172,0.3,0.461538461538462,734.850801944733
1005,2,0.1,0.4,0,17000,150000,100,302.138395296645,309.898982755206,7.76058745856072,26.8875653573187,0.58,649.190799342341,656.951386800902,0.3,0.32258064516129,770.938633918762
1006,2,0.2,0.4,0,17000,150000,100,285.851223512173,294.965036887219,9.11381337504613,25.3644151131613,0.61,635.952591603456,645.066404978503,0.3,0.348837209302326,740.508019208908
1007,2,0.3,0.4,0,17000,150000,100,299.026222629649,305.170211394765,6.14398876511528,27.0594478529856,0.6,645.33768566592,651.481674431035,0.3,0.379746835443038,734.064053297043
1008,2,0.4,0.4,0,17000,150000,100,305.41528108154,312.197023402819,6.78174232127854,22.7612401177932,0.58,649.964520833343,656.746263154621,0.3,0.416666666666667,762.668167829514
1009,2,0.5,0.4,0,17000,150000,100,296.941644311769,311.545554992656,14.603910680887,26.5939728909218,0.71,643.742732026267,658.346642707154,0.3,0.461538461538462,760.855095863342
1010,2,0.1,0.5,0,17000,150000,100,306.00496937568,309.618473202443,3.6135038267631,26.5365672504061,0.55,655.92060269173,659.534106518494,0.3,0.32258064516129,761.584706544876
1011,2,0.2,0.5,0,17000,150000,100,301.278463507613,309.150233443717,7.87176993610418,26.980701592681,0.59,644.286933363891,652.158703299995,0.3,0.348837209302326,820.608905076981
1012,2,0.3,0.5,0,17000,150000,100,297.278268619273,310.958826490539,13.6805578712665,26.9897906125392,0.67,642.515526429915,656.196084301181,0.3,0.379746835443038,817.061509370804
1013,2,0.4,0.5,0,17000,150000,100,299.069258328263,313.781740056713,14.7124817284499,25.5875533744967,0.71,647.633471718441,662.345953446891,0.3,0.416666666666667,746.186921834946
1014,2,0.5,0.5,0,17000,150000,100,292.608933794972,304.057435122244,11.4485013272723,24.8250259698627,0.69,641.019807601242,652.468308928514,0.3,0.461538461538462,741.872385263443
1015,2,0.1,0.6,0,17000,150000,100,300.907192167626,309.599756367035,8.69256419940867,29.5956510728706,0.6,647.944082111397,656.636646310806,0.3,0.32258064516129,732.361783504486
1016,2,0.2,0.6,0,17000,150000,100,291.6623473445,305.497023143918,13.8346757994176,24.1393191472348,0.75,637.916880545097,651.751556344514,0.3,0.348837209302326,745.977954149246
1017,2,0.3,0.6,0,17000,150000,100,295.925149751871,307.519589067121,11.5944393152504,27.6634777868904,0.64,645.681697744001,657.276137059251,0.3,0.379746835443038,759.723195552826
1018,2,0.4,0.6,0,17000,150000,100,295.698201163456,309.652811355833,13.954610192377,28.7348903572978,0.65,639.986374713159,653.940984905536,0.3,0.416666666666667,734.282613754272
1019,2,0.5,0.6,0,17000,150000,100,300.761369980569,317.327628820212,16.5662588396427,26.6442468313754,0.75,646.142999355193,662.709258194835,0.3,0.461538461538462,740.839900255203
1020,2,0.1,0.7,0,17000,150000,100,298.427925826709,307.358264037923,8.93033821121443,27.8178545100764,0.56,642.094857869249,651.025196080463,0.3,0.32258064516129,737.813031673431
1021,2,0.2,0.7,0,17000,150000,100,311.849274185771,317.446191077802,5.59691689203084,28.0953656604386,0.59,653.47834240147,659.075259293501,0.3,0.348837209302326,740.165351867676
1022,2,0.3,0.7,0,17000,150000,100,300.572804663308,316.6451969432,16.072392279892,28.459251858625,0.71,644.917474366719,660.989866646611,0.3,0.379746835443038,742.144438028336
1023,2,0.4,0.7,0,17000,150000,100,297.516273564272,312.405193461689,14.8889198974164,24.0125538004797,0.75,644.242569437721,659.131489335138,0.3,0.416666666666667,734.543543815613
1024,2,0.5,0.7,0,17000,150000,100,307.072532626494,318.84695605668,11.7744234301853,26.8166188699472,0.65,651.892560138934,663.666983569119,0.3,0.461538461538462,767.835735082626
1025,2,0.1,0.3,1,17000,150000,100,304.458745981064,307.823524242284,3.36477826122037,21.2837268963305,0.54,645.870094044786,649.234872306006,0.3,0.32258064516129,775.538675069809
1026,2,0.2,0.3,1,17000,150000,100,300.635122118275,307.504639249942,6.8695171316671,29.2768631571516,0.58,650.448471094846,657.317988226513,0.3,0.348837209302326,772.714941978455
1027,2,0.3,0.3,1,17000,150000,100,287.323889717377,297.701170111694,10.377280394317,22.4749330965058,0.66,637.582103912959,647.959384307276,0.3,0.379746835443038,817.034216880798
1028,2,0.4,0.3,1,17000,150000,100,296.099964999692,311.489871653947,15.3899066542541,26.1723265139135,0.7,645.327820087475,660.717726741729,0.3,0.416666666666667,817.524123191834
1029,2,0.5,0.3,1,17000,150000,100,301.672736207903,319.418610012592,17.745873804689,27.9327398130986,0.67,643.132276432283,660.878150236972,0.3,0.461538461538462,742.224603652954
1030,2,0.1,0.4,1,17000,150000,100,307.600929756768,314.95052908684,7.349599330072,22.9868544840709,0.61,652.902637100849,660.252236430921,0.3,0.32258064516129,749.793515443802
1031,2,0.2,0.4,1,17000,150000,100,294.932760982677,302.445964873541,7.51320389086439,23.8074996338201,0.59,642.869830072239,650.383033963104,0.3,0.348837209302326,735.169370889664
1032,2,0.3,0.4,1,17000,150000,100,293.647105066984,306.1840283781,12.5369233111155,31.1925578787865,0.65,638.845922771877,651.382846082993,0.3,0.379746835443038,740.964997768402
1033,2,0.4,0.4,1,17000,150000,100,298.435018926225,308.68014368146,10.245124755235,27.6359384840389,0.62,642.118602261279,652.363727016514,0.3,0.416666666666667,775.15651679039
1034,2,0.5,0.4,1,17000,150000,100,308.181570423677,320.416711432244,12.2351410085671,24.3881053755663,0.68,653.140136958822,665.375277967389,0.3,0.461538461538462,733.31530714035
1035,2,0.1,0.5,1,17000,150000,100,297.147771260325,303.095133100777,5.94736184045277,21.8839390864082,0.55,639.605894878795,645.553256719248,0.3,0.32258064516129,737.858554124832
1036,2,0.2,0.5,1,17000,150000,100,291.389134838506,303.015978256536,11.6268434180297,27.3181150244996,0.66,640.79664331512,652.423486733149,0.3,0.348837209302326,736.993354558945
1037,2,0.3,0.5,1,17000,150000,100,301.656666675114,310.828198578496,9.17153190338171,23.8715957003246,0.61,645.578310083167,654.749841986549,0.3,0.379746835443038,747.92374753952
1038,2,0.4,0.5,1,17000,150000,100,291.316152357028,304.484825872271,13.1686735152431,27.1623651608292,0.69,643.114902569444,656.283576084687,0.3,0.416666666666667,743.731916666031
1039,2,0.5,0.5,1,17000,150000,100,295.026912900702,312.233630638698,17.2067177379966,26.6198692807293,0.71,641.815472532074,659.02219027007,0.3,0.461538461538462,764.716685056686
1040,2,0.1,0.6,1,17000,150000,100,292.811562303354,297.52575064901,4.71418834565669,30.7696913491368,0.58,637.196304511116,641.910492856772,0.3,0.32258064516129,762.181368589401
1041,2,0.2,0.6,1,17000,150000,100,289.700642579296,294.095281819622,4.39463924032574,27.8890421038102,0.53,637.436633500032,641.831272740358,0.3,0.348837209302326,762.154668092728
1042,2,0.3,0.6,1,17000,150000,100,293.758816542406,308.860229624364,15.1014130819585,28.4261030918381,0.68,638.151395176359,653.252808258318,0.3,0.379746835443038,749.769516468048
1043,2,0.4,0.6,1,17000,150000,100,292.907358216913,306.300821715857,13.3934634989437,26.400848920311,0.66,638.011791114547,651.405254613491,0.3,0.416666666666667,820.243492603302
1044,2,0.5,0.6,1,17000,150000,100,305.002503949689,323.195811054919,18.1933071052303,28.5222057167952,0.76,652.66467273226,670.857979837491,0.3,0.461538461538462,820.090754508972
1045,2,0.1,0.7,1,17000,150000,100,307.731093423514,317.585127070577,9.85403364706316,24.9123917152293,0.6,650.734482448873,660.588516095936,0.3,0.32258064516129,749.178927183151
1046,2,0.2,0.7,1,17000,150000,100,306.135983892922,315.35619099871,9.22020710578822,28.1855768858467,0.61,647.781476309446,657.001683415235,0.3,0.348837209302326,741.286417722702
1047,2,0.3,0.7,1,17000,150000,100,299.077832416493,316.368286638697,17.2904542222045,30.5182008490273,0.73,639.867116191584,657.157570413789,0.3,0.379746835443038,738.253751277924
1048,2,0.4,0.7,1,17000,150000,100,296.484074679393,310.250189107774,13.7661144283801,22.7080560069379,0.71,644.955918589665,658.722033018045,0.3,0.416666666666667,739.103203773499
1049,2,0.5,0.7,1,17000,150000,100,298.366181846556,311.826474033996,13.46029218744,26.3418419852727,0.68,649.784409014219,663.244701201659,0.3,0.461538461538462,741.811849594116
1050,2,0.1,0.3,2,17000,150000,100,300.337624111883,306.206033194099,5.86840908221612,28.0717330000438,0.52,638.40774166895,644.276150751166,0.3,0.32258064516129,735.456987857819
1051,2,0.2,0.3,2,17000,150000,100,307.884513441636,318.048356745401,10.1638433037646,25.4680349392372,0.61,649.956553293173,660.120396596937,0.3,0.348837209302326,735.639156103134
1052,2,0.3,0.3,2,17000,150000,100,305.768520906849,315.107820453742,9.33929954689253,23.0653043197409,0.64,646.90204800626,656.241347553152,0.3,0.379746835443038,737.334995031357
1053,2,0.4,0.3,2,17000,150000,100,291.797111603938,307.789202797403,15.9920911934653,24.6440111134338,0.72,640.592105982459,656.584197175925,0.3,0.416666666666667,740.624612808228
1054,2,0.5,0.3,2,17000,150000,100,300.269570023431,315.229188140042,14.9596181166102,24.2708193727815,0.73,645.32425875236,660.28387686897,0.3,0.461538461538462,741.564079999924
1055,2,0.1,0.4,2,17000,150000,100,301.806104107339,305.254042688461,3.44793858112202,23.0562101018889,0.58,648.122194317108,651.57013289823,0.3,0.32258064516129,740.063704013824
1056,2,0.2,0.4,2,17000,150000,100,296.486478036055,304.331085002774,7.84460696671896,23.0559381084893,0.57,641.621927215018,649.466534181737,0.3,0.348837209302326,767.977142333984
1057,2,0.3,0.4,2,17000,150000,100,305.169317288448,311.667638354243,6.49832106579519,27.0054495220239,0.62,648.300322383865,654.79864344966,0.3,0.379746835443038,759.882821559906
1058,2,0.4,0.4,2,17000,150000,100,303.712712491309,313.296476096411,9.58376360510153,25.7885618461115,0.67,654.170696816737,663.754460421838,0.3,0.416666666666667,768.139293432236
1059,2,0.5,0.4,2,17000,150000,100,303.755540055635,311.677529778926,7.92198972329105,21.1040876385206,0.61,649.139194655276,657.061184378567,0.3,0.461538461538462,824.252208948135
1060,2,0.1,0.5,2,17000,150000,100,301.628007316148,307.12861995854,5.50061264239211,25.8286733396965,0.58,648.457042217452,653.957654859844,0.3,0.32258064516129,822.890109062195
1061,2,0.2,0.5,2,17000,150000,100,303.667447351533,312.555047375907,8.88760002437402,26.5275093692122,0.62,646.411056247213,655.298656271588,0.3,0.348837209302326,742.426881313324
1062,2,0.3,0.5,2,17000,150000,100,295.160785164337,305.106688557128,9.94590339279126,28.3225276940545,0.63,642.649746429132,652.595649821923,0.3,0.379746835443038,738.550577402115
1063,2,0.4,0.5,2,17000,150000,100,302.077692596223,315.248887671596,13.1711950753729,22.6115988628527,0.73,649.795995902402,662.967190977775,0.3,0.416666666666667,739.712380647659
1064,2,0.5,0.5,2,17000,150000,100,286.815419140945,301.934300072579,15.1188809316343,27.2745576677616,0.68,642.527125292656,657.646006224291,0.3,0.461538461538462,744.03143620491
1065,2,0.1,0.6,2,17000,150000,100,306.039445401435,310.440060455531,4.40061505409571,27.9899670494982,0.52,652.561307258288,656.961922312384,0.3,0.32258064516129,759.530563831329
1066,2,0.2,0.6,2,17000,150000,100,298.824562738233,307.382294631081,8.55773189284794,27.4034243881793,0.6,642.474215316028,651.031947208876,0.3,0.348837209302326,733.360757350922
1067,2,0.3,0.6,2,17000,150000,100,302.953971794017,314.579071422382,11.6250996283655,26.7068212727534,0.72,647.164815549975,658.78991517834,0.3,0.379746835443038,735.672003030777
1068,2,0.4,0.6,2,17000,150000,100,291.751738811651,308.407955820437,16.6562170087859,25.6339107908884,0.72,631.972865418414,648.6290824272,0.3,0.416666666666667,733.812970876694
1069,2,0.5,0.6,2,17000,150000,100,309.023030798332,326.704451448018,17.6814206496857,29.1076769274984,0.76,652.718568190424,670.399988840109,0.3,0.461538461538462,740.934388637543
1070,2,0.1,0.7,2,17000,150000,100,288.479760456136,295.597378664303,7.1176182081666,26.5628793224834,0.58,631.702359726069,638.819977934235,0.3,0.32258064516129,743.411469459534
1071,2,0.2,0.7,2,17000,150000,100,300.579060833878,309.643290330547,9.06422949666849,28.4398584369968,0.57,648.597740913892,657.66197041056,0.3,0.348837209302326,733.872767925262
1072,2,0.3,0.7,2,17000,150000,100,304.855119416218,310.462549285717,5.60742986949807,27.1181838360485,0.59,650.659249230879,656.266679100377,0.3,0.379746835443038,765.550986051559
1073,2,0.4,0.7,2,17000,150000,100,302.200247726212,318.115126338246,15.9148786120347,26.4266083964636,0.77,646.0900754711,662.004954083135,0.3,0.416666666666667,779.482419013977
1074,2,0.5,0.7,2,17000,150000,100,290.167954708609,309.572346866343,19.4043921577343,29.3947207415287,0.71,634.058983002479,653.463375160213,0.3,0.461538461538462,747.161925077438
1075,2,0.1,0.3,3,17000,150000,100,287.384926828183,291.305271709508,3.92034488132519,27.3752648793782,0.48,632.539466385872,636.459811267197,0.3,0.32258064516129,820.912903785706
1076,2,0.2,0.3,3,17000,150000,100,295.392760528421,305.131748805348,9.73898827692702,25.1816274505185,0.67,640.352651491328,650.091639768255,0.3,0.348837209302326,820.326507806778
1077,2,0.3,0.3,3,17000,150000,100,285.893077597662,299.155134808176,13.2620572105136,26.8829304324767,0.67,635.481020195008,648.743077405521,0.3,0.379746835443038,741.805378437042
1078,2,0.4,0.3,3,17000,150000,100,292.171941631388,304.304180409783,12.1322387783952,25.3718588659072,0.66,639.149379530919,651.281618309314,0.3,0.416666666666667,738.2829246521
1079,2,0.5,0.3,3,17000,150000,100,303.512811450814,319.426645203175,15.9138337523615,24.1538282480196,0.7,645.66114512521,661.574978877571,0.3,0.461538461538462,737.928077697754
1080,2,0.1,0.4,3,17000,150000,100,294.685827521705,298.997488468947,4.31166094724262,27.4374835114595,0.58,637.227280735125,641.538941682368,0.3,0.32258064516129,736.382916688919
1081,2,0.2,0.4,3,17000,150000,100,300.786645407625,308.282619522516,7.49597411489012,25.4947906553065,0.59,650.63338666644,658.12936078133,0.3,0.348837209302326,762.552916049957
1082,2,0.3,0.4,3,17000,150000,100,300.104453473158,308.37029492603,8.265841452872,26.5496608279301,0.61,644.199290452993,652.465131905865,0.3,0.379746835443038,734.763182163239
1083,2,0.4,0.4,3,17000,150000,100,303.207668824328,316.245992911,13.0383240866716,20.5338667337537,0.77,645.320422231174,658.358746317845,0.3,0.416666666666667,800.489690065384
1084,2,0.5,0.4,3,17000,150000,100,300.520236136763,315.36973618006,14.8495000432969,24.6135487657863,0.74,642.810996544828,657.660496588125,0.3,0.461538461538462,736.174334287644
1085,2,0.1,0.5,3,17000,150000,100,294.763384961272,300.817930192355,6.05454523108307,27.8057155043147,0.59,644.68391960957,650.738464840653,0.3,0.32258064516129,769.841090917587
1086,2,0.2,0.5,3,17000,150000,100,300.603928606276,306.016816210808,5.41288760453216,23.7685453928644,0.62,645.206348097175,650.619235701707,0.3,0.348837209302326,740.515560388565
1087,2,0.3,0.5,3,17000,150000,100,295.981342344902,308.738195917874,12.756853572972,28.8550844379585,0.67,645.028651541865,657.785505114837,0.3,0.379746835443038,735.072572946549
1088,2,0.4,0.5,3,17000,150000,100,298.935069905455,311.749875552317,12.8148056468623,23.6047531706899,0.67,645.048478023469,657.863283670332,0.3,0.416666666666667,764.196458339691
1089,2,0.5,0.5,3,17000,150000,100,301.663320854835,318.207728146135,16.5444072913,29.7110165527903,0.7,648.706212004461,665.250619295762,0.3,0.461538461538462,761.324293375015
1090,2,0.1,0.6,3,17000,150000,100,295.821116800165,300.345552457575,4.52443565740964,24.1579855854061,0.55,643.496102064131,648.02053772154,0.3,0.32258064516129,772.922349691391
1091,2,0.2,0.6,3,17000,150000,100,299.332750247197,310.674746611569,11.3419963643717,25.4585260686955,0.65,644.357900310344,655.699896674716,0.3,0.348837209302326,820.854485750198
1092,2,0.3,0.6,3,17000,150000,100,303.711942781193,316.710698970544,12.9987561893506,29.3077492345877,0.68,647.993440953795,660.992197143145,0.3,0.379746835443038,819.642281770706
1093,2,0.4,0.6,3,17000,150000,100,306.048599064987,321.863770157437,15.8151710924501,26.0011952302372,0.72,647.276566046406,663.091737138856,0.3,0.416666666666667,739.019076347351
1094,2,0.5,0.6,3,17000,150000,100,293.450715650819,308.517601561072,15.0668859102533,28.0594347209775,0.69,639.024384621588,654.091270531841,0.3,0.461538461538462,749.688437223434
1095,2,0.1,0.7,3,17000,150000,100,306.235965295862,311.165466362505,4.92950106664348,29.1058529926348,0.54,647.46042152206,652.389922588703,0.3,0.32258064516129,792.049048185349
1096,2,0.2,0.7,3,17000,150000,100,298.825317879582,308.773777885452,9.94846000586984,26.4584821168775,0.59,641.308561087588,651.257021093458,0.3,0.348837209302326,746.882404088974
1097,2,0.3,0.7,3,17000,150000,100,298.836516362265,311.964462932379,13.1279465701139,23.076080972606,0.69,643.849090749811,656.977037319925,0.3,0.379746835443038,768.272221326828
1098,2,0.4,0.7,3,17000,150000,100,287.750090356817,305.452515360528,17.7024250037118,27.219590354761,0.79,634.951910560564,652.654335564276,0.3,0.416666666666667,734.721510410309
1099,2,0.5,0.7,3,17000,150000,100,298.180007661344,312.806323724811,14.626316063467,24.9201429513716,0.71,642.893587835033,657.5199038985,0.3,0.461538461538462,804.011735916138
1100,2,0.1,0.3,0,20000,150000,100,294.110128806042,296.014007935133,1.90387912909084,26.9937059206154,0.5,639.251760445311,641.155639574402,0.3,0.32258064516129,736.813646316528
1101,2,0.2,0.3,0,20000,150000,100,290.769362094005,297.648471009714,6.87910891570885,30.2534790818357,0.58,635.74152100816,642.620629923868,0.3,0.348837209302326,779.605109214783
1102,2,0.3,0.3,0,20000,150000,100,296.984920559814,309.614165867539,12.629245307725,28.1885349824154,0.69,646.647521556669,659.276766864394,0.3,0.379746835443038,741.831880331039
1103,2,0.4,0.3,0,20000,150000,100,292.393266776258,308.354180775458,15.9609139992001,26.2773706784096,0.74,637.806282933678,653.767196932879,0.3,0.416666666666667,732.859384298325
1104,2,0.5,0.3,0,20000,150000,100,311.230483096311,326.222057701338,14.9915746050279,27.1462701442574,0.7,652.798377467726,667.789952072754,0.3,0.461538461538462,767.944534063339
1105,2,0.1,0.4,0,20000,150000,100,302.936239647827,307.278940597243,4.34270094941629,28.6359479603024,0.53,650.29014660702,654.632847556436,0.3,0.32258064516129,758.812461614609
1106,2,0.2,0.4,0,20000,150000,100,293.290573645099,302.306971872333,9.01639822723367,23.2577274110603,0.65,638.788495915274,647.804894142508,0.3,0.348837209302326,771.185887813568
1107,2,0.3,0.4,0,20000,150000,100,287.807347974995,302.668397569253,14.8610495942577,28.2383724160596,0.69,634.252604425393,649.11365401965,0.3,0.379746835443038,820.911222219467
1108,2,0.4,0.4,0,20000,150000,100,299.612500194468,314.134160538669,14.5216603442007,25.929509789701,0.68,644.810846742058,659.332507086259,0.3,0.416666666666667,820.002038478851
1109,2,0.5,0.4,0,20000,150000,100,300.892542115358,317.791847785288,16.8993056699295,24.0640517471516,0.76,644.415062180732,661.314367850661,0.3,0.461538461538462,748.467195034027
1110,2,0.1,0.5,0,20000,150000,100,303.721010169882,311.139754282425,7.41874411254215,25.7854790562966,0.58,650.451549709919,657.870293822462,0.3,0.32258064516129,748.951128721237
1111,2,0.2,0.5,0,20000,150000,100,294.983997907495,304.716455982501,9.73245807500579,25.1035124059507,0.65,636.383225764383,646.115683839388,0.3,0.348837209302326,797.745510339737
1112,2,0.3,0.5,0,20000,150000,100,300.982811558488,308.280866978104,7.29805541961635,25.7173753072892,0.55,648.171699159861,655.469754579478,0.3,0.379746835443038,737.770898580551
1113,2,0.4,0.5,0,20000,150000,100,304.337772923676,315.650168013885,11.3123950902087,28.5905095867661,0.7,646.109264888953,657.421659979161,0.3,0.416666666666667,770.277256727219
1114,2,0.5,0.5,0,20000,150000,100,305.23128714363,318.327350048168,13.0960629045386,29.9055236979811,0.63,647.012778655166,660.108841559704,0.3,0.461538461538462,733.690114736557
1115,2,0.1,0.6,0,20000,150000,100,299.420231176568,305.836679589168,6.41644841259998,26.8327600981073,0.52,647.208124620216,653.624573032816,0.3,0.32258064516129,801.922659635544
1116,2,0.2,0.6,0,20000,150000,100,302.30749711008,310.179393860809,7.87189675072944,28.3782444357146,0.65,651.594862436648,659.466759187377,0.3,0.348837209302326,739.523992061615
1117,2,0.3,0.6,0,20000,150000,100,300.759008597128,313.143045618017,12.3840370208887,28.6693517342062,0.65,647.246987098029,659.631024118918,0.3,0.379746835443038,783.761891365051
1118,2,0.4,0.6,0,20000,150000,100,293.119098265719,308.252031312006,15.1329330462877,27.6278994980288,0.66,636.415426083732,651.548359130019,0.3,0.416666666666667,741.106271982193
1119,2,0.5,0.6,0,20000,150000,100,282.191874923473,297.547727574693,15.3558526512199,27.1850780233618,0.72,628.632369351797,643.988222003017,0.3,0.461538461538462,767.871204376221
1120,2,0.1,0.7,0,20000,150000,100,297.227425650413,301.041994799887,3.81456914947397,29.3157107202358,0.54,643.251628256296,647.06619740577,0.3,0.32258064516129,771.43515253067
1121,2,0.2,0.7,0,20000,150000,100,302.402343933347,315.480833159889,13.0784892265423,27.0956824455571,0.67,646.093222831898,659.17171205844,0.3,0.348837209302326,774.361019611359
1122,2,0.3,0.7,0,20000,150000,100,299.077711064036,306.931878419517,7.85416735548073,24.4267118135433,0.59,645.744666611453,653.598833966933,0.3,0.379746835443038,766.053211688995
1123,2,0.4,0.7,0,20000,150000,100,298.669268356648,312.134064081511,13.4647957248627,25.404985108725,0.69,642.409082104942,655.873877829805,0.3,0.416666666666667,819.640329837799
1124,2,0.5,0.7,0,20000,150000,100,296.591677668914,312.634947096787,16.0432694278733,28.2665034634745,0.7,648.664419048966,664.707688476839,0.3,0.461538461538462,821.144490480423
1125,2,0.1,0.3,1,20000,150000,100,294.485444570618,295.350903500205,0.865458929586628,26.9229755535991,0.49,637.723623403911,638.589082333498,0.3,0.32258064516129,739.467939376831
1126,2,0.2,0.3,1,20000,150000,100,289.934403719137,297.694634233343,7.76023051420519,27.5304031704702,0.58,632.284691349423,640.044921863628,0.3,0.348837209302326,749.35652756691
1127,2,0.3,0.3,1,20000,150000,100,310.330730420177,319.861388819963,9.53065839978525,24.458624836338,0.6,654.696694928621,664.227353328406,0.3,0.379746835443038,734.515756845474
1128,2,0.4,0.3,1,20000,150000,100,304.106329447417,317.936335078708,13.8300056312905,26.7084243965597,0.67,647.569339961518,661.399345592808,0.3,0.416666666666667,736.156321048737
1129,2,0.5,0.3,1,20000,150000,100,301.018820291132,315.795171132803,14.7763508416717,27.3994170970528,0.71,641.70498553714,656.481336378812,0.3,0.461538461538462,738.306343317032
1130,2,0.1,0.4,1,20000,150000,100,298.722925767613,305.560471054627,6.83754528701438,26.014487093147,0.63,648.246500054352,655.084045341367,0.3,0.32258064516129,736.807891368866
1131,2,0.2,0.4,1,20000,150000,100,298.145665021295,307.3762398,9.23057477870565,24.5618079442418,0.65,643.168072278614,652.398647057319,0.3,0.348837209302326,807.436963319779
1132,2,0.3,0.4,1,20000,150000,100,297.354233951478,308.518333813757,11.1640998622799,26.8757493703475,0.67,642.115566256299,653.279666118579,0.3,0.379746835443038,740.695909738541
1133,2,0.4,0.4,1,20000,150000,100,292.308843129521,305.50506090025,13.1962177707293,28.6234587035185,0.66,637.07643537079,650.272653141519,0.3,0.416666666666667,743.211822748184
1134,2,0.5,0.4,1,20000,150000,100,300.414232404341,317.807236326494,17.3930039221537,26.8212753935846,0.74,643.973064709687,661.36606863184,0.3,0.461538461538462,742.474331378937
1135,2,0.1,0.5,1,20000,150000,100,295.169319497364,303.222391295385,8.05307179802082,25.8030162546265,0.6,640.736873931504,648.789945729525,0.3,0.32258064516129,735.294102430344
1136,2,0.2,0.5,1,20000,150000,100,306.384027696499,316.36575382159,9.98172612509147,24.4537822067106,0.64,651.122313159707,661.104039284798,0.3,0.348837209302326,770.626515865326
1137,2,0.3,0.5,1,20000,150000,100,294.532558064939,305.607901373185,11.0753433082461,27.776731257951,0.65,638.453458014124,649.52880132237,0.3,0.379746835443038,776.700806379318
1138,2,0.4,0.5,1,20000,150000,100,296.122802191432,311.141112747713,15.0183105562807,26.9098793766628,0.68,640.819677167086,655.837987723366,0.3,0.416666666666667,751.378816366196
1139,2,0.5,0.5,1,20000,150000,100,291.433642159533,313.361623798242,21.9279816387096,24.9392628753865,0.84,639.043856039941,660.97183767865,0.3,0.461538461538462,822.501538515091
1140,2,0.1,0.6,1,20000,150000,100,285.159902787589,294.398867898856,9.23896511126707,25.6812910836157,0.65,634.012476259699,643.251441370966,0.3,0.32258064516129,823.570889949799
1141,2,0.2,0.6,1,20000,150000,100,297.736579170784,305.092734874636,7.35615570385166,22.4520469672021,0.65,647.596225946412,654.952381650263,0.3,0.348837209302326,750.408107757568
1142,2,0.3,0.6,1,20000,150000,100,297.076255755821,307.554972155994,10.4787164001728,28.2178925244895,0.61,640.688775970938,651.167492371111,0.3,0.379746835443038,748.336821317673
1143,2,0.4,0.6,1,20000,150000,100,297.369187245244,311.85368974238,14.4845024971366,27.6733411896681,0.69,641.814042049311,656.298544546448,0.3,0.416666666666667,788.857838869095
1144,2,0.5,0.6,1,20000,150000,100,295.739307989201,317.332309975687,21.5930019864852,24.3443069725724,0.83,639.497449555946,661.090451542431,0.3,0.461538461538462,741.366115808487
1145,2,0.1,0.7,1,20000,150000,100,297.843271516704,308.208417753224,10.3651462365193,24.2177804728055,0.72,640.967058353078,651.332204589598,0.3,0.32258064516129,788.374776124954
1146,2,0.2,0.7,1,20000,150000,100,293.197392583845,308.309575761582,15.1121831777368,29.3353804455528,0.68,644.370061079753,659.48224425749,0.3,0.348837209302326,731.553897619248
1147,2,0.3,0.7,1,20000,150000,100,297.531911440753,312.439529603045,14.9076181622915,29.1347370302917,0.68,646.388151665906,661.295769828197,0.3,0.379746835443038,804.414887189865
1148,2,0.4,0.7,1,20000,150000,100,292.546452932868,312.093154081626,19.546701148758,30.762152346164,0.74,635.001404834389,654.548105983147,0.3,0.416666666666667,737.195298671723
1149,2,0.5,0.7,1,20000,150000,100,296.149609793714,314.111194495657,17.9615847019431,28.6973994532532,0.76,644.299180289555,662.260764991498,0.3,0.461538461538462,740.368381023407
1150,2,0.1,0.3,2,20000,150000,100,299.99347310724,304.949746176078,4.95627306883834,26.6119805933283,0.58,645.236960877114,650.193233945952,0.3,0.32258064516129,740.625929832459
1151,2,0.2,0.3,2,20000,150000,100,290.356208058135,296.238989171709,5.88278111357333,23.9994879058592,0.6,633.347251822503,639.230032936076,0.3,0.348837209302326,770.70534324646
1152,2,0.3,0.3,2,20000,150000,100,305.874581496421,319.043403268347,13.1688217719256,27.8094127929321,0.68,652.048962250238,665.217784022164,0.3,0.379746835443038,765.421298027039
1153,2,0.4,0.3,2,20000,150000,100,304.838168155075,314.892447966418,10.0542798113434,25.3855716940814,0.63,643.814653436311,653.868933247655,0.3,0.416666666666667,758.17396235466
1154,2,0.5,0.3,2,20000,150000,100,306.47997208977,321.079917936091,14.5999458463209,24.4957983417293,0.69,652.823700346786,667.423646193107,0.3,0.461538461538462,739.458397626877
1155,2,0.1,0.4,2,20000,150000,100,308.88106523311,314.913955861505,6.03289062839508,29.2781840811831,0.6,650.556242857287,656.589133485682,0.3,0.32258064516129,737.546035528183
1156,2,0.2,0.4,2,20000,150000,100,301.60474443465,306.7822151381,5.17747070345024,26.2531155787729,0.62,645.762804873893,650.940275577343,0.3,0.348837209302326,736.292281627655
1157,2,0.3,0.4,2,20000,150000,100,297.528998827097,305.128983197116,7.59998437001866,25.5208810713119,0.56,642.486420362187,650.086404732206,0.3,0.379746835443038,737.747027635574
1158,2,0.4,0.4,2,20000,150000,100,305.478519956252,320.375032720895,14.8965127646426,25.6205559713588,0.75,650.083122929054,664.979635693696,0.3,0.416666666666667,742.781930446625
1159,2,0.5,0.4,2,20000,150000,100,291.807939464533,307.747660793112,15.9397213285785,27.4926130121054,0.73,631.105329234841,647.04505056342,0.3,0.461538461538462,738.233059883118
1160,2,0.1,0.5,2,20000,150000,100,300.601541170442,301.85086940993,1.24932823948888,28.8350050272835,0.48,645.907215313962,647.15654355345,0.3,0.32258064516129,734.698679447174
1161,2,0.2,0.5,2,20000,150000,100,304.459314931818,311.710706679587,7.25139174776945,24.5767192958542,0.62,648.778173040631,656.0295647884,0.3,0.348837209302326,765.660039901733
1162,2,0.3,0.5,2,20000,150000,100,296.109011498316,307.979609706071,11.8705982077551,28.329817236533,0.68,640.52685284747,652.397451055225,0.3,0.379746835443038,735.583373785019
1163,2,0.4,0.5,2,20000,150000,100,289.349072615376,300.498202713865,11.149130098489,25.9281412824095,0.67,638.615973921933,649.765104020422,0.3,0.416666666666667,739.686752080917
1164,2,0.5,0.5,2,20000,150000,100,297.736322217192,311.988414538651,14.2520923214589,28.4024444029639,0.67,644.28627402962,658.538366351079,0.3,0.461538461538462,740.508524179459
1165,2,0.1,0.6,2,20000,150000,100,299.172961022313,307.96799437783,8.79503335551657,27.2382736758921,0.68,643.405835912093,652.20086926761,0.3,0.32258064516129,742.724811792374
1166,2,0.2,0.6,2,20000,150000,100,301.62589485003,312.845398242105,11.219503392075,24.8375049665001,0.66,646.540316610335,657.75982000241,0.3,0.348837209302326,744.349100351334
1167,2,0.3,0.6,2,20000,150000,100,302.362146806643,309.642198155284,7.28005134864101,24.8480589074166,0.59,649.375082431305,656.655133779946,0.3,0.379746835443038,732.130759000778
1168,2,0.4,0.6,2,20000,150000,100,294.638312671276,309.328560857195,14.6902481859189,23.870826967075,0.76,639.206951802187,653.897199988106,0.3,0.416666666666667,761.609921216965
1169,2,0.5,0.6,2,20000,150000,100,296.06902606692,315.753525654094,19.6844995871742,25.0753918132352,0.76,643.623699920859,663.308199508033,0.3,0.461538461538462,773.685236215592
1170,2,0.1,0.7,2,20000,150000,100,307.289437571459,317.69424492236,10.404807350901,26.1535946649561,0.63,653.046339818625,663.451147169526,0.3,0.32258064516129,740.230674743652
1171,2,0.2,0.7,2,20000,150000,100,291.585093820938,306.194776800509,14.6096829795707,26.3805462590494,0.75,638.097784340113,652.707467319683,0.3,0.348837209302326,735.895701169968
1172,2,0.3,0.7,2,20000,150000,100,310.040459503162,317.543629035167,7.50316953200466,27.3916301079159,0.53,646.590253224312,654.093422756317,0.3,0.379746835443038,734.84262418747
1173,2,0.4,0.7,2,20000,150000,100,296.602018437704,315.94994191246,19.3479234747557,24.6671119329079,0.76,643.581913097891,662.929836572647,0.3,0.416666666666667,738.831910610199
1174,2,0.5,0.7,2,20000,150000,100,293.965410417329,308.157210695304,14.1918002779748,27.233449866184,0.68,640.362203874709,654.554004152684,0.3,0.461538461538462,743.097538948059
1175,2,0.1,0.3,3,20000,150000,100,305.920734686805,312.002790974357,6.08205628755226,21.6389814874238,0.63,650.559897931143,656.641954218695,0.3,0.32258064516129,737.836966991425
1176,2,0.2,0.3,3,20000,150000,100,295.798578342791,301.570501732238,5.77192338944707,26.3865854445679,0.6,642.208439179305,647.980362568752,0.3,0.348837209302326,746.1260035038
1177,2,0.3,0.3,3,20000,150000,100,305.394797035836,308.374583391071,2.97978635523505,24.4879117951352,0.54,649.249457189228,652.229243544464,0.3,0.379746835443038,768.191322088242
1178,2,0.4,0.3,3,20000,150000,100,305.22642717872,318.575184872968,13.3487576942489,24.8381823747896,0.69,648.106561644077,661.455319338326,0.3,0.416666666666667,733.745373010635
1179,2,0.5,0.3,3,20000,150000,100,298.592514268108,316.077017603118,17.4845033350097,27.4365990676939,0.72,639.278795077858,656.763298412868,0.3,0.461538461538462,736.259248733521
1180,2,0.1,0.4,3,20000,150000,100,293.399349793418,301.888191900175,8.4888421067575,25.7404896774343,0.56,641.9844312724,650.473273379157,0.3,0.32258064516129,737.797782182694
1181,2,0.2,0.4,3,20000,150000,100,298.911628402162,305.964067749657,7.05243934749478,22.799953087362,0.62,643.821142288065,650.87358163556,0.3,0.348837209302326,741.094545125961
1182,2,0.3,0.4,3,20000,150000,100,289.582944379018,303.608448388261,14.0255040092427,27.0736671998731,0.64,637.230510215038,651.256014224281,0.3,0.379746835443038,740.875328779221
1183,2,0.4,0.4,3,20000,150000,100,306.984503555154,318.772876655783,11.7883731006286,27.2516562199161,0.67,651.537967782934,663.326340883563,0.3,0.416666666666667,735.131190299988
1184,2,0.5,0.4,3,20000,150000,100,297.641126768031,311.500251710201,13.8591249421698,24.09455037323,0.71,640.985585326326,654.844710268496,0.3,0.461538461538462,760.34562420845
1185,2,0.1,0.5,3,20000,150000,100,302.351717521145,306.584834048918,4.23311652777351,24.6348891008602,0.59,650.30097249797,654.534089025744,0.3,0.32258064516129,760.568246364594
1186,2,0.2,0.5,3,20000,150000,100,301.451908764327,311.166526659267,9.71461789494013,27.9461307355397,0.54,645.985800826809,655.700418721749,0.3,0.348837209302326,742.415836811066
1187,2,0.3,0.5,3,20000,150000,100,292.846252915986,302.44160630136,9.59535338537401,27.4676623539832,0.62,637.391784763111,646.987138148485,0.3,0.379746835443038,733.40415096283
1188,2,0.4,0.5,3,20000,150000,100,291.450805077744,307.943744722779,16.4929396450357,27.5908932518118,0.71,637.148063547821,653.641003192857,0.3,0.416666666666667,736.75826215744
1189,2,0.5,0.5,3,20000,150000,100,302.684029041443,319.724460409637,17.0404313681942,26.0536003700232,0.75,652.73330657327,669.773737941464,0.3,0.461538461538462,752.662077903748
1190,2,0.1,0.6,3,20000,150000,100,297.712221945344,302.239560003703,4.52733805835882,27.5578483299652,0.62,639.656261738555,644.183599796913,0.3,0.32258064516129,738.712544202805
1191,2,0.2,0.6,3,20000,150000,100,306.996715427843,317.234873069094,10.2381576412511,26.779910504831,0.73,648.230445206682,658.468602847933,0.3,0.348837209302326,735.566428661346
1192,2,0.3,0.6,3,20000,150000,100,292.259183183061,300.698140477058,8.43895729399671,23.2012155986346,0.63,640.722550063354,649.161507357351,0.3,0.379746835443038,745.449980735779
1193,2,0.4,0.6,3,20000,150000,100,308.239263941395,320.833600626488,12.5943366850925,24.647743219453,0.63,653.935881415886,666.530218100979,0.3,0.416666666666667,787.04317522049
1194,2,0.5,0.6,3,20000,150000,100,306.094382855135,323.569659394757,17.4752765396224,30.1171674044079,0.71,649.307605209786,666.782881749409,0.3,0.461538461538462,734.061537027359
1195,2,0.1,0.7,3,20000,150000,100,304.546566718071,307.522597199304,2.9760304812327,22.86997853114,0.51,650.772058612366,653.748089093598,0.3,0.32258064516129,737.223135232925
1196,2,0.2,0.7,3,20000,150000,100,307.33250222266,317.064291745804,9.73178952314408,23.3979494890872,0.7,652.630428719236,662.36221824238,0.3,0.348837209302326,738.196712255478
1197,2,0.3,0.7,3,20000,150000,100,296.635203589898,312.949451840634,16.3142482507356,28.701165316382,0.72,646.19463111234,662.508879363075,0.3,0.379746835443038,765.7219414711
1198,2,0.4,0.7,3,20000,150000,100,286.016354200774,301.513450381199,15.497096180425,29.6153514823842,0.74,630.161018582887,645.658114763312,0.3,0.416666666666667,744.373720645905
1199,2,0.5,0.7,3,20000,150000,100,293.738751037629,311.179164782161,17.4404137445316,24.8366394353624,0.76,638.20611127144,655.646525015972,0.3,0.461538461538462,735.719352245331
1200,2,0.1,0.3,0,3000,200000,100,306.886237839379,311.210297136614,4.3240592972351,22.2482499592989,0.58,654.008058618407,658.332117915642,0.3,0.32258064516129,762.721927642822
1201,2,0.2,0.3,0,3000,200000,100,297.46186321951,299.729249876304,2.26738665679402,22.0700549559987,0.53,645.720523293406,647.9879099502,0.3,0.348837209302326,773.785913944244
1202,2,0.3,0.3,0,3000,200000,100,297.568663089069,304.628946827932,7.06028373886349,20.3007424533211,0.64,642.567576027072,649.627859765935,0.3,0.379746835443038,749.935346126556
1203,2,0.4,0.3,0,3000,200000,100,300.011852550877,310.16996729576,10.1581147448831,23.002667439269,0.69,643.308237926209,653.466352671092,0.3,0.416666666666667,738.010900735855
1204,2,0.5,0.3,0,3000,200000,100,309.677585177334,322.142404834829,12.464819657495,20.1339004850693,0.74,655.232610182901,667.697429840396,0.3,0.461538461538462,736.698684930801
1205,2,0.1,0.4,0,3000,200000,100,301.069348588112,305.722415972386,4.65306738427365,24.4495150153462,0.57,647.954289383287,652.607356767561,0.3,0.32258064516129,741.641954898834
1206,2,0.2,0.4,0,3000,200000,100,303.311197093187,313.23040984285,9.9192127496636,25.6523793160489,0.66,652.733278641325,662.652491390988,0.3,0.348837209302326,749.296554803848
1207,2,0.3,0.4,0,3000,200000,100,296.563167620608,304.535422421961,7.97225480135201,25.4196933172207,0.54,647.110537224435,655.082792025787,0.3,0.379746835443038,738.386112928391
1208,2,0.4,0.4,0,3000,200000,100,298.015523108036,308.891894899291,10.8763717912552,29.2497923281872,0.63,643.763185529624,654.639557320879,0.3,0.416666666666667,745.643837451935
1209,2,0.5,0.4,0,3000,200000,100,307.351060808819,320.072739694194,12.7216788853757,23.0933928052256,0.7,647.089109953676,659.810788839052,0.3,0.461538461538462,765.270336151123
1210,2,0.1,0.5,0,3000,200000,100,298.376890737785,303.399067726036,5.02217698825087,28.7769137225922,0.55,644.52573825633,649.547915244582,0.3,0.32258064516129,736.710537910462
1211,2,0.2,0.5,0,3000,200000,100,299.992612546745,306.799822767259,6.80721022051407,27.4739621200658,0.59,644.475147866072,651.282358086586,0.3,0.348837209302326,738.471326589584
1212,2,0.3,0.5,0,3000,200000,100,296.540689042599,308.656566949235,12.1158779066358,22.681866269573,0.7,644.886918905965,657.002796812601,0.3,0.379746835443038,739.213546037674
1213,2,0.4,0.5,0,3000,200000,100,305.554609860987,315.506914054509,9.95230419352243,25.0944742804136,0.72,651.541937681877,661.4942418754,0.3,0.416666666666667,741.495177030563
1214,2,0.5,0.5,0,3000,200000,100,294.562979375031,307.865930299896,13.302950924865,26.0577538432897,0.73,642.276088407203,655.579039332068,0.3,0.461538461538462,743.414901733399
1215,2,0.1,0.6,0,3000,200000,100,307.783993747329,311.187902994813,3.40390924748388,27.7465101778569,0.55,653.85978795659,657.263697204074,0.3,0.32258064516129,738.758609294891
1216,2,0.2,0.6,0,3000,200000,100,303.026429851917,308.227056764594,5.20062691267654,26.524377928883,0.56,646.532535146309,651.733162058986,0.3,0.348837209302326,763.678327322006
1217,2,0.3,0.6,0,3000,200000,100,299.456233423867,305.122110248981,5.66587682511457,24.8454041110858,0.52,640.244824851552,645.910701676666,0.3,0.379746835443038,768.831394672394
1218,2,0.4,0.6,0,3000,200000,100,315.376180805986,319.874830633041,4.49864982705527,23.6114272684303,0.61,660.183173714708,664.681823541763,0.3,0.416666666666667,745.815634727478
1219,2,0.5,0.6,0,3000,200000,100,299.254659218591,311.309124809069,12.0544655904783,23.0022279384072,0.73,651.25544746348,663.309913053959,0.3,0.461538461538462,768.377192497253
1220,2,0.1,0.7,0,3000,200000,100,300.198083801848,308.370676016652,8.1725922148037,25.3022228285663,0.59,646.734053555716,654.906645770519,0.3,0.32258064516129,742.542009353638
1221,2,0.2,0.7,0,3000,200000,100,300.812326395027,313.342456638098,12.5301302430707,26.0574179878385,0.71,646.34885230961,658.878982552681,0.3,0.348837209302326,743.523434877396
1222,2,0.3,0.7,0,3000,200000,100,305.826485426038,316.716385029935,10.8898996038969,25.8002154199022,0.61,652.10224688628,662.992146490177,0.3,0.379746835443038,749.83690905571
1223,2,0.4,0.7,0,3000,200000,100,306.821485083998,320.540493338408,13.71900825441,27.3230329028608,0.7,645.957373568722,659.676381823132,0.3,0.416666666666667,743.57249212265
1224,2,0.5,0.7,0,3000,200000,100,307.212757843829,320.823020940421,13.6102630965923,29.6952541948776,0.7,655.322694725413,668.932957822005,0.3,0.461538461538462,746.32422542572
1225,2,0.1,0.3,1,3000,200000,100,308.43357641859,311.370039253359,2.93646283476969,22.1558731342332,0.53,654.262832724136,657.199295558906,0.3,0.32258064516129,773.678661346436
1226,2,0.2,0.3,1,3000,200000,100,300.664648858301,303.608013915587,2.94336505728667,21.8176681516951,0.56,640.829796575323,643.77316163261,0.3,0.348837209302326,739.445012807846
1227,2,0.3,0.3,1,3000,200000,100,309.950551962146,314.912801974716,4.96225001256965,21.444136498987,0.52,654.904169345411,659.866419357981,0.3,0.379746835443038,742.03125333786
1228,2,0.4,0.3,1,3000,200000,100,301.601446204365,313.585287914737,11.983841710372,22.7196589222716,0.64,646.342037469968,658.32587918034,0.3,0.416666666666667,735.982539653778
1229,2,0.5,0.3,1,3000,200000,100,297.702344685633,314.678457610423,16.9761129247899,25.2066074437778,0.72,640.45251220651,657.4286251313,0.3,0.461538461538462,740.725276708603
1230,2,0.1,0.4,1,3000,200000,100,301.511140309385,302.497353346449,0.986213037063965,25.1030106700133,0.49,646.307334906095,647.293547943159,0.3,0.32258064516129,743.003713607788
1231,2,0.2,0.4,1,3000,200000,100,293.84081754875,297.479585671372,3.63876812262243,25.1484852536107,0.53,644.312277934494,647.951046057116,0.3,0.348837209302326,745.544122934341
1232,2,0.3,0.4,1,3000,200000,100,291.768018741725,301.082312223662,9.3142934819373,25.4117197212703,0.69,636.408104422629,645.722397904566,0.3,0.379746835443038,759.324958086014
1233,2,0.4,0.4,1,3000,200000,100,302.313983170987,312.397987922625,10.0840047516387,25.1937265881858,0.67,646.183085299975,656.267090051613,0.3,0.416666666666667,758.868158102036
1234,2,0.5,0.4,1,3000,200000,100,303.989303227258,315.376821858831,11.3875186315721,28.6127931782305,0.59,647.458361413261,658.845880044833,0.3,0.461538461538462,740.804230451584
1235,2,0.1,0.5,1,3000,200000,100,304.757984731786,314.557955010058,9.79997027827165,26.8089635206275,0.62,651.335781986988,661.13575226526,0.3,0.32258064516129,736.896944522858
1236,2,0.2,0.5,1,3000,200000,100,309.836034647154,315.150417585566,5.3143829384125,26.209636943488,0.62,651.86948400383,657.183866942243,0.3,0.348837209302326,735.627479076386
1237,2,0.3,0.5,1,3000,200000,100,307.192680148386,314.853538737175,7.66085858878917,25.5115474252361,0.62,652.099068049412,659.759926638201,0.3,0.379746835443038,742.007801532745
1238,2,0.4,0.5,1,3000,200000,100,304.847759675729,312.894093722861,8.04633404713125,24.019860843193,0.6,652.890721465667,660.937055512798,0.3,0.416666666666667,745.057143926621
1239,2,0.5,0.5,1,3000,200000,100,311.703592434217,327.204270230794,15.5006777965773,22.0524435751166,0.74,652.555689429846,668.056367226424,0.3,0.461538461538462,741.581499814987
1240,2,0.1,0.6,1,3000,200000,100,304.803214017146,308.476633547979,3.6734195308332,28.928112605424,0.53,646.888684504201,650.562104035034,0.3,0.32258064516129,740.853309392929
1241,2,0.2,0.6,1,3000,200000,100,307.357399730587,314.492374098067,7.13497436748012,28.0956513129021,0.57,652.704362411351,659.839336778831,0.3,0.348837209302326,779.921418905258
1242,2,0.3,0.6,1,3000,200000,100,304.169929413474,312.290948817321,8.12101940384624,28.8817304706987,0.59,647.365285135636,655.486304539482,0.3,0.379746835443038,740.822694778442
1243,2,0.4,0.6,1,3000,200000,100,301.244917317958,310.824643494301,9.57972617634299,22.0002817368356,0.61,649.4068812553,658.986607431643,0.3,0.416666666666667,739.470724582672
1244,2,0.5,0.6,1,3000,200000,100,313.9099460312,326.766164037581,12.8562180063808,25.807740109465,0.62,657.268684243324,670.124902249704,0.3,0.461538461538462,738.785011053085
1245,2,0.1,0.7,1,3000,200000,100,300.644635199012,303.38130109587,2.73666589685768,28.3401322158319,0.5,651.263731668884,654.000397565742,0.3,0.32258064516129,750.267371892929
1246,2,0.2,0.7,1,3000,200000,100,305.745369402884,317.978344728136,12.2329753252516,24.7223452370427,0.69,646.665629988927,658.898605314178,0.3,0.348837209302326,745.549134492874
1247,2,0.3,0.7,1,3000,200000,100,300.130998313905,314.885879426609,14.7548811127042,24.0435456178243,0.71,645.218648775465,659.973529888169,0.3,0.379746835443038,782.398197174072
1248,2,0.4,0.7,1,3000,200000,100,303.435463098106,316.708366463982,13.2729033658764,25.1051030526984,0.72,646.067693824761,659.340597190638,0.3,0.416666666666667,763.508983612061
1249,2,0.5,0.7,1,3000,200000,100,303.869346341937,319.140649531136,15.2713031891995,24.3268669684294,0.72,646.231783711366,661.503086900565,0.3,0.461538461538462,784.462131977081
1250,2,0.1,0.3,2,3000,200000,100,300.741305295143,299.904003579467,-0.837301715675958,22.378424216723,0.5,644.239034944211,643.401733228535,0.3,0.32258064516129,738.107805967331
1251,2,0.2,0.3,2,3000,200000,100,315.90509051625,317.841891923528,1.93680140727864,21.4285916557375,0.49,657.861884955059,659.798686362338,0.3,0.348837209302326,736.565451622009
1252,2,0.3,0.3,2,3000,200000,100,309.436940273307,315.363940011702,5.92699973839517,21.5170323858226,0.54,650.657853260687,656.584852999082,0.3,0.379746835443038,736.669394731522
1253,2,0.4,0.3,2,3000,200000,100,307.027867811205,314.874048576405,7.84618076520077,21.192353247118,0.67,654.223973449708,662.070154214908,0.3,0.416666666666667,755.33637714386
1254,2,0.5,0.3,2,3000,200000,100,312.293304598455,324.904523491702,12.6112188932475,20.0043394721734,0.72,656.892981017724,669.504199910972,0.3,0.461538461538462,744.332883119583
1255,2,0.1,0.4,2,3000,200000,100,302.974592052327,301.493540766263,-1.48105128606381,25.5530282682517,0.46,650.538408016906,649.057356730843,0.3,0.32258064516129,736.103186130524
1256,2,0.2,0.4,2,3000,200000,100,302.754299457106,307.62757555159,4.8732760944843,21.8439131384428,0.54,652.173072940188,657.046349034672,0.3,0.348837209302326,745.157587051392
1257,2,0.3,0.4,2,3000,200000,100,306.290745120861,317.348603234507,11.0578581136454,22.6709585977179,0.67,655.581544611466,666.639402725112,0.3,0.379746835443038,769.334991931915
1258,2,0.4,0.4,2,3000,200000,100,299.847929292763,307.71759330525,7.86966401248692,23.8542684679405,0.63,645.571031525423,653.44069553791,0.3,0.416666666666667,735.083564043045
1259,2,0.5,0.4,2,3000,200000,100,296.573746742687,314.483445397401,17.9096986547138,27.6668688354078,0.74,645.436717455422,663.346416110135,0.3,0.461538461538462,735.906370639801
1260,2,0.1,0.5,2,3000,200000,100,308.336214898689,311.43375291819,3.09753801950075,24.6345442810278,0.52,650.816729752568,653.914267772069,0.3,0.32258064516129,737.914302110672
1261,2,0.2,0.5,2,3000,200000,100,304.272610525332,313.749999357991,9.47738883265968,24.0923385450361,0.7,651.590496952717,661.067885785376,0.3,0.348837209302326,768.148781776428
1262,2,0.3,0.5,2,3000,200000,100,310.723146772288,315.96522634815,5.2420795758619,24.4121181348374,0.59,654.757013589174,659.999093165036,0.3,0.379746835443038,740.536713838577
1263,2,0.4,0.5,2,3000,200000,100,305.914505417096,319.059966567983,13.1454611508878,30.2719255899252,0.66,648.470770829627,661.616231980515,0.3,0.416666666666667,734.319537401199
1264,2,0.5,0.5,2,3000,200000,100,306.411669937531,318.59047653262,12.1788065950885,24.000151448709,0.62,647.366372805043,659.545179400132,0.3,0.461538461538462,757.094036340714
1265,2,0.1,0.6,2,3000,200000,100,311.476708100495,313.384449171344,1.90774107084944,26.7470352976094,0.55,660.021399541927,661.929140612776,0.3,0.32258064516129,767.699807882309
1266,2,0.2,0.6,2,3000,200000,100,302.328458210932,307.048216590813,4.71975837988068,23.2781427341472,0.63,649.145898263361,653.865656643242,0.3,0.348837209302326,744.972714662552
1267,2,0.3,0.6,2,3000,200000,100,297.213849314293,308.049142697064,10.8352933827702,24.0118008755356,0.68,638.465829431338,649.301122814108,0.3,0.379746835443038,741.380067586899
1268,2,0.4,0.6,2,3000,200000,100,305.457762027628,318.762102653356,13.304340625728,26.875213716104,0.71,650.105789287398,663.410129913126,0.3,0.416666666666667,740.946845293045
1269,2,0.5,0.6,2,3000,200000,100,301.655560591323,313.071443928116,11.4158833367934,24.6652755760951,0.64,644.680445596244,656.096328933038,0.3,0.461538461538462,742.54483795166
1270,2,0.1,0.7,2,3000,200000,100,302.938857061547,308.235558394302,5.29670133275502,24.1948999843721,0.59,649.458729312493,654.755430645248,0.3,0.32258064516129,753.735005140305
1271,2,0.2,0.7,2,3000,200000,100,310.66199214559,319.122628664531,8.46063651894057,25.6147059480512,0.62,657.319671172398,665.780307691338,0.3,0.348837209302326,743.759724617004
1272,2,0.3,0.7,2,3000,200000,100,301.425194592041,311.319099684109,9.89390509206813,23.6342612233402,0.67,647.743823015089,657.637728107157,0.3,0.379746835443038,742.780380725861
1273,2,0.4,0.7,2,3000,200000,100,302.778562197182,321.948175487742,19.1696132905605,23.4515476520918,0.8,645.439288777499,664.608902068059,0.3,0.416666666666667,768.817209005356
1274,2,0.5,0.7,2,3000,200000,100,306.598396272116,317.693167443258,11.0947711711426,25.69555763157,0.63,653.390461406209,664.485232577352,0.3,0.461538461538462,737.994020462036
1275,2,0.1,0.3,3,3000,200000,100,299.088836970358,301.708762249792,2.61992527943439,21.4353897026323,0.55,644.904954531382,647.524879810816,0.3,0.32258064516129,732.677366256714
1276,2,0.2,0.3,3,3000,200000,100,299.376582245882,302.362723009385,2.98614076350379,21.7120508650442,0.53,642.767105759643,645.753246523147,0.3,0.348837209302326,736.649881601334
1277,2,0.3,0.3,3,3000,200000,100,312.549792720423,321.890774207023,9.34098148659972,20.8802379811947,0.69,654.539468367435,663.880449854034,0.3,0.379746835443038,748.371565818787
1278,2,0.4,0.3,3,3000,200000,100,296.630469941132,307.222724919762,10.5922549786298,17.6915052958375,0.7,644.414244198986,655.006499177616,0.3,0.416666666666667,740.211173295975
1279,2,0.5,0.3,3,3000,200000,100,299.378262589703,313.707874829688,14.3296122399855,20.3063303464287,0.77,645.909463710725,660.23907595071,0.3,0.461538461538462,740.238466739655
1280,2,0.1,0.4,3,3000,200000,100,302.499184350516,310.504605961312,8.00542161079591,26.3679047302178,0.63,641.202414213828,649.207835824624,0.3,0.32258064516129,763.395566940308
1281,2,0.2,0.4,3,3000,200000,100,294.617544414782,299.831818291802,5.21427387702054,25.697014217894,0.53,642.3826249453,647.596898822321,0.3,0.348837209302326,764.134367465973
1282,2,0.3,0.4,3,3000,200000,100,297.258675883363,302.583463437846,5.32478755448247,26.6773246879772,0.59,641.776353574146,647.101141128629,0.3,0.379746835443038,748.444434642792
1283,2,0.4,0.4,3,3000,200000,100,306.320912396135,312.829617789365,6.50870539323041,22.2242854975874,0.65,653.814188765778,660.322894159008,0.3,0.416666666666667,746.675672531128
1284,2,0.5,0.4,3,3000,200000,100,304.827255848563,317.588591813562,12.7613359649995,24.1018332575399,0.67,650.50204955503,663.263385520029,0.3,0.461538461538462,733.589108705521
1285,2,0.1,0.5,3,3000,200000,100,296.768880341936,305.686201500732,8.91732115879518,24.3712531307935,0.6,640.776160719957,649.693481878752,0.3,0.32258064516129,740.809727430344
1286,2,0.2,0.5,3,3000,200000,100,296.673042050509,307.197844093744,10.5248020432353,28.4396448811993,0.66,641.99119336138,652.515995404615,0.3,0.348837209302326,750.186028957367
1287,2,0.3,0.5,3,3000,200000,100,297.408658423002,307.881057633078,10.4723992100757,29.7595648221521,0.64,648.018339342559,658.490738552635,0.3,0.379746835443038,790.327605485916
1288,2,0.4,0.5,3,3000,200000,100,294.313797728534,305.717501183824,11.4037034552901,25.6279140566345,0.66,643.982079830952,655.385783286242,0.3,0.416666666666667,736.228259325028
1289,2,0.5,0.5,3,3000,200000,100,297.866036212733,310.725504926892,12.8594687141587,24.2234949781025,0.66,647.319828047522,660.179296761681,0.3,0.461538461538462,729.302948951721
1290,2,0.1,0.6,3,3000,200000,100,300.569009061858,302.257150932319,1.68814187046083,25.346563505257,0.52,644.327193386075,646.015335256536,0.3,0.32258064516129,739.445442676544
1291,2,0.2,0.6,3,3000,200000,100,305.700393662505,310.864634234887,5.1642405723823,27.0353613487513,0.58,650.031713615267,655.19595418765,0.3,0.348837209302326,740.267633199692
1292,2,0.3,0.6,3,3000,200000,100,299.009034963469,307.806348249196,8.79731328572694,26.7903569165533,0.64,639.702889494765,648.500202780492,0.3,0.379746835443038,741.391423225403
1293,2,0.4,0.6,3,3000,200000,100,307.446495470229,321.063325554617,13.6168300843877,27.2688450658719,0.72,652.47809844964,666.094928534028,0.3,0.416666666666667,772.655215978622
1294,2,0.5,0.6,3,3000,200000,100,298.921645126888,310.804287108312,11.8826419814241,23.7029082919287,0.65,641.766238388153,653.648880369577,0.3,0.461538461538462,743.312852859497
1295,2,0.1,0.7,3,3000,200000,100,308.4509509885,313.600198533299,5.14924754479942,24.3270513021306,0.63,650.701486705421,655.850734250221,0.3,0.32258064516129,739.941794395447
1296,2,0.2,0.7,3,3000,200000,100,306.440109848653,310.765777429074,4.32566758042024,22.5358211281841,0.55,648.217684870597,652.543352451017,0.3,0.348837209302326,764.706787109375
1297,2,0.3,0.7,3,3000,200000,100,296.56528188428,310.65006968491,14.0847878006299,24.286426462176,0.73,640.409797619597,654.494585420227,0.3,0.379746835443038,764.363851070404
1298,2,0.4,0.7,3,3000,200000,100,306.626567425369,315.333424846049,8.70685742068023,24.9405814728755,0.64,653.708286040236,662.415143460917,0.3,0.416666666666667,752.900751590729
1299,2,0.5,0.7,3,3000,200000,100,293.452825324583,311.582558045486,18.1297327209025,25.9107292826624,0.76,638.130768193372,656.260500914274,0.3,0.461538461538462,739.926430940628
1300,2,0.1,0.3,0,6500,200000,100,299.663597430158,303.213569365891,3.54997193573276,21.4023904425804,0.6,643.717377183902,647.267349119634,0.3,0.32258064516129,739.273990869522
1301,2,0.2,0.3,0,6500,200000,100,310.223457313998,316.017109829117,5.79365251511892,25.2094783656465,0.61,652.993352693275,658.787005208394,0.3,0.348837209302326,754.426141023636
1302,2,0.3,0.3,0,6500,200000,100,298.895670179463,306.352071870628,7.4564016911648,22.391395435459,0.57,644.317853330195,651.77425502136,0.3,0.379746835443038,760.165732622147
1303,2,0.4,0.3,0,6500,200000,100,313.065153675472,319.420233553474,6.35507987800239,22.4651815641497,0.6,657.826813319225,664.181893197228,0.3,0.416666666666667,739.550179719925
1304,2,0.5,0.3,0,6500,200000,100,302.758777149148,311.33073149052,8.57195434137184,26.0515049492345,0.61,652.070917649672,660.642871991044,0.3,0.461538461538462,756.136159181595
1305,2,0.1,0.4,0,6500,200000,100,301.326273904882,307.798353417875,6.4720795129927,22.6329120714007,0.59,649.463572623279,655.935652136272,0.3,0.32258064516129,733.480800867081
1306,2,0.2,0.4,0,6500,200000,100,302.115809571498,311.154301182108,9.03849161061056,22.106884857901,0.7,648.168462674745,657.206954285356,0.3,0.348837209302326,736.469351530075
1307,2,0.3,0.4,0,6500,200000,100,293.313673549424,303.182391494448,9.86871794502422,27.8798289425704,0.65,639.547120746508,649.415838691532,0.3,0.379746835443038,734.899488210678
1308,2,0.4,0.4,0,6500,200000,100,298.513967027459,307.334874167887,8.82090714042789,25.4642407121561,0.56,643.87718416182,652.698091302248,0.3,0.416666666666667,736.920356988907
1309,2,0.5,0.4,0,6500,200000,100,297.02179625839,306.976197074784,9.95440081639395,27.6262070743578,0.6,643.428783143188,653.383183959581,0.3,0.461538461538462,741.766631603241
1310,2,0.1,0.5,0,6500,200000,100,310.713317679953,318.044827537589,7.3315098576365,22.8886091753816,0.65,653.802155148985,661.133665006622,0.3,0.32258064516129,745.252986669541
1311,2,0.2,0.5,0,6500,200000,100,316.237696015423,316.308854862211,0.0711588467886509,22.3145313723804,0.45,656.897536022096,656.968694868885,0.3,0.348837209302326,773.497543811798
1312,2,0.3,0.5,0,6500,200000,100,311.299805759384,318.687443207955,7.38763744857036,22.8670805803231,0.62,653.471659441246,660.859296889816,0.3,0.379746835443038,764.078835248947
1313,2,0.4,0.5,0,6500,200000,100,307.150286804307,315.825903799826,8.67561699551887,28.1636918796594,0.6,651.973280458881,660.6488974544,0.3,0.416666666666667,735.25369644165
1314,2,0.5,0.5,0,6500,200000,100,301.076390956494,313.826740241532,12.750349285038,25.808251537904,0.65,646.383843309195,659.134192594233,0.3,0.461538461538462,740.164532184601
1315,2,0.1,0.6,0,6500,200000,100,296.786004436355,299.915438602457,3.12943416610122,29.4685472406175,0.52,644.86040717842,647.989841344522,0.3,0.32258064516129,736.407409191132
1316,2,0.2,0.6,0,6500,200000,100,297.15902427743,305.800463778042,8.64143950061278,26.2868127385177,0.63,643.963234743462,652.604674244075,0.3,0.348837209302326,736.366262197495
1317,2,0.3,0.6,0,6500,200000,100,306.624155772782,318.299958946281,11.6758031734989,25.718651687666,0.65,651.251606492842,662.927409666341,0.3,0.379746835443038,738.812776565552
1318,2,0.4,0.6,0,6500,200000,100,287.877617590345,302.708336796492,14.830719206147,25.5199964687039,0.7,636.80983709669,651.640556302837,0.3,0.416666666666667,751.413672447205
1319,2,0.5,0.6,0,6500,200000,100,301.471706881117,314.047807909677,12.5761010285598,26.5047928450164,0.69,648.939943964598,661.516044993158,0.3,0.461538461538462,735.466384649277
1320,2,0.1,0.7,0,6500,200000,100,298.558676940438,311.615781350716,13.0571044102786,27.064987199292,0.66,648.727768431683,661.784872841962,0.3,0.32258064516129,738.779937982559
1321,2,0.2,0.7,0,6500,200000,100,300.17739995916,308.908869508036,8.73146954887581,23.4167956440412,0.61,650.086977653434,658.81844720231,0.3,0.348837209302326,739.759096384049
1322,2,0.3,0.7,0,6500,200000,100,293.508321498192,308.798276257724,15.289954759532,28.4725661581788,0.7,643.074869269733,658.364824029265,0.3,0.379746835443038,740.557098388672
1323,2,0.4,0.7,0,6500,200000,100,291.868914029444,304.550534971479,12.6816209420354,29.4799016952559,0.63,638.614420584022,651.296041526058,0.3,0.416666666666667,739.060234069824
1324,2,0.5,0.7,0,6500,200000,100,305.360819972889,317.034969670912,11.6741496980228,27.3496516741144,0.66,647.441923531156,659.116073229178,0.3,0.461538461538462,742.526764631271
1325,2,0.1,0.3,1,6500,200000,100,299.359867584718,303.892701052089,4.53283346737031,22.0307243004946,0.57,647.969875946714,652.502709414084,0.3,0.32258064516129,788.182454109192
1326,2,0.2,0.3,1,6500,200000,100,299.592020504397,305.598792502888,6.00677199849078,25.8704870403391,0.6,645.296342293244,651.303114291735,0.3,0.348837209302326,938.810220718384
1327,2,0.3,0.3,1,6500,200000,100,308.464174262449,313.328479225933,4.86430496348459,23.8451892099037,0.51,654.209838766707,659.074143730192,0.3,0.379746835443038,738.205883264542
1328,2,0.4,0.3,1,6500,200000,100,298.975897052619,314.517311758307,15.5414147056882,26.4546654681676,0.73,645.275002115246,660.816416820934,0.3,0.416666666666667,783.84991645813
1329,2,0.5,0.3,1,6500,200000,100,308.780011235249,319.824367047958,11.0443558127086,25.94226275518,0.69,655.003109470011,666.04746528272,0.3,0.461538461538462,741.350820541382
1330,2,0.1,0.4,1,6500,200000,100,297.201089850175,306.609550657276,9.40846080710065,28.5647073885348,0.59,645.295360428496,654.703821235597,0.3,0.32258064516129,738.510101795197
1331,2,0.2,0.4,1,6500,200000,100,296.827482824923,306.735570462135,9.90808763721189,26.7073170312951,0.63,642.04866570943,651.956753346642,0.3,0.348837209302326,750.935911178589
1332,2,0.3,0.4,1,6500,200000,100,305.027987110917,314.196996230365,9.16900911944815,25.6281188738647,0.6,647.587015352426,656.756024471874,0.3,0.379746835443038,735.164400815964
1333,2,0.4,0.4,1,6500,200000,100,302.466624964172,315.896115054563,13.4294900903903,28.4253472985033,0.62,646.539038073366,659.968528163757,0.3,0.416666666666667,750.053544044495
1334,2,0.5,0.4,1,6500,200000,100,295.305067807496,312.563550069713,17.2584822622168,27.3914016014863,0.7,641.354877189076,658.613359451293,0.3,0.461538461538462,738.244625806809
1335,2,0.1,0.5,1,6500,200000,100,292.428149888282,299.386703067277,6.95855317899542,24.3371422812726,0.58,640.920991077776,647.879544256771,0.3,0.32258064516129,736.989542722702
1336,2,0.2,0.5,1,6500,200000,100,306.245178453942,312.894278056684,6.64909960274212,21.1556371164473,0.6,650.441947031879,657.091046634621,0.3,0.348837209302326,740.355073451996
1337,2,0.3,0.5,1,6500,200000,100,292.999961799608,300.479333494687,7.47937169507839,23.99806804564,0.65,641.253235809566,648.732607504644,0.3,0.379746835443038,734.447025775909
1338,2,0.4,0.5,1,6500,200000,100,302.984313651046,310.542902890718,7.55858923967111,25.7246802461863,0.62,650.104054688741,657.662643928412,0.3,0.416666666666667,735.749441623688
1339,2,0.5,0.5,1,6500,200000,100,294.917877731884,309.258699120488,14.3408213886035,27.6536042626644,0.71,645.85634368535,660.197165073953,0.3,0.461538461538462,734.91295003891
1340,2,0.1,0.6,1,6500,200000,100,298.378674485101,304.827031926219,6.44835744111795,28.1925767164327,0.53,648.091435927155,654.539793368273,0.3,0.32258064516129,739.139668226242
1341,2,0.2,0.6,1,6500,200000,100,299.825097671553,305.259475759726,5.43437808817238,26.3156424581425,0.58,649.549486618851,654.983864707024,0.3,0.348837209302326,782.174449443817
1342,2,0.3,0.6,1,6500,200000,100,303.637045233189,311.143390177871,7.50634494468229,26.1028956507935,0.56,644.882818808801,652.389163753483,0.3,0.379746835443038,735.78608083725
1343,2,0.4,0.6,1,6500,200000,100,306.38758486317,318.420529188171,12.0329443250008,25.9988233718249,0.64,650.202941515252,662.235885840253,0.3,0.416666666666667,768.360563278198
1344,2,0.5,0.6,1,6500,200000,100,311.220190437707,322.04654069178,10.8263502540731,24.6962422070543,0.64,652.960530208698,663.786880462772,0.3,0.461538461538462,735.125419378281
1345,2,0.1,0.7,1,6500,200000,100,304.738283907546,311.814215039412,7.07593113186609,26.5799801931032,0.64,657.722354653127,664.798285784993,0.3,0.32258064516129,740.476942062378
1346,2,0.2,0.7,1,6500,200000,100,299.342309448716,311.037723774395,11.6954143256792,27.2475921057235,0.65,645.318001272364,657.013415598043,0.3,0.348837209302326,741.806022405624
1347,2,0.3,0.7,1,6500,200000,100,301.251153945084,308.43014362221,7.17898967712572,26.9682592661094,0.62,646.212815450347,653.391805127473,0.3,0.379746835443038,738.761268377304
1348,2,0.4,0.7,1,6500,200000,100,296.023004905065,309.551586764174,13.5285818591093,26.5810679758246,0.72,646.704519965029,660.233101824138,0.3,0.416666666666667,739.327693939209
1349,2,0.5,0.7,1,6500,200000,100,293.534490256711,307.385322718534,13.8508324618237,22.664846890637,0.74,641.7738279916,655.624660453424,0.3,0.461538461538462,737.750298500061
1350,2,0.1,0.3,2,6500,200000,100,316.523837598219,314.808785916043,-1.71505168217619,26.5236144230401,0.47,664.060634668133,662.345582985956,0.3,0.32258064516129,740.459967851639
1351,2,0.2,0.3,2,6500,200000,100,303.037287270186,308.42073323755,5.38344596736413,23.7796919665274,0.6,648.917650623296,654.30109659066,0.3,0.348837209302326,739.135627269745
1352,2,0.3,0.3,2,6500,200000,100,308.608328191927,317.778400489027,9.17007229709957,27.3776441868896,0.61,648.403124416861,657.573196713961,0.3,0.379746835443038,738.057109594345
1353,2,0.4,0.3,2,6500,200000,100,298.715470151439,307.443252513027,8.72778236158812,25.8236126359441,0.67,646.20969779685,654.937480158438,0.3,0.416666666666667,738.443565607071
1354,2,0.5,0.3,2,6500,200000,100,300.673308336019,314.591675478706,13.9183671426876,25.4149029645908,0.73,650.055475264467,663.973842407154,0.3,0.461538461538462,736.320126533508
1355,2,0.1,0.4,2,6500,200000,100,316.872026828928,322.487969124068,5.61594229514016,23.3250300730007,0.55,660.676847332707,666.292789627847,0.3,0.32258064516129,732.903811693192
1356,2,0.2,0.4,2,6500,200000,100,298.986335050476,303.631138775286,4.64480372480987,25.3915127349837,0.52,646.895834335337,651.540638060147,0.3,0.348837209302326,737.680811405182
1357,2,0.3,0.4,2,6500,200000,100,316.555401458304,324.183552571856,7.62815111355181,26.7105004817215,0.62,663.269588655607,670.897739769159,0.3,0.379746835443038,735.460134029388
1358,2,0.4,0.4,2,6500,200000,100,292.882672489363,305.566702789965,12.6840303006022,27.4534899944027,0.68,643.964857579526,656.648887880129,0.3,0.416666666666667,733.858707427979
1359,2,0.5,0.4,2,6500,200000,100,288.722170474697,305.551232354208,16.8290618795112,26.9560855157971,0.71,634.480721203866,651.309783083377,0.3,0.461538461538462,740.684258699417
1360,2,0.1,0.5,2,6500,200000,100,310.409723757551,312.5478876416,2.13816388404882,24.818162570979,0.52,656.277594853946,658.415758737994,0.3,0.32258064516129,732.572992563248
1361,2,0.2,0.5,2,6500,200000,100,307.455991243892,312.395833631174,4.93984238728159,24.739488985912,0.59,653.688968146792,658.628810534074,0.3,0.348837209302326,735.406475782394
1362,2,0.3,0.5,2,6500,200000,100,305.217472541859,312.584269437484,7.36679689562468,25.0780329587061,0.6,649.114415164759,656.481212060383,0.3,0.379746835443038,737.359022140503
1363,2,0.4,0.5,2,6500,200000,100,295.461167478312,308.775041651462,13.3138741731494,24.267713869879,0.69,647.725836163826,661.039710336975,0.3,0.416666666666667,737.453829288483
1364,2,0.5,0.5,2,6500,200000,100,300.825140294069,311.446817308728,10.621677014659,27.0855894631427,0.59,645.630000330174,656.251677344833,0.3,0.461538461538462,734.697934389114
1365,2,0.1,0.6,2,6500,200000,100,306.459409801656,308.984453814107,2.52504401245048,29.830011955637,0.55,654.824325353646,657.349369366096,0.3,0.32258064516129,738.120402097702
1366,2,0.2,0.6,2,6500,200000,100,306.21383106136,313.545905636273,7.33207457491267,25.5770642174526,0.66,648.82983248475,656.161907059663,0.3,0.348837209302326,737.043748855591
1367,2,0.3,0.6,2,6500,200000,100,306.735319021284,314.613509670619,7.87819064933487,23.5919302864537,0.6,653.147237068884,661.025427718219,0.3,0.379746835443038,738.454464435577
1368,2,0.4,0.6,2,6500,200000,100,306.739119045766,322.283024118444,15.5439050726782,29.4110152418393,0.73,650.671302368601,666.215207441279,0.3,0.416666666666667,735.779042720795
1369,2,0.5,0.6,2,6500,200000,100,310.005060923111,322.23972619951,12.2346652763986,24.7080454218949,0.68,658.404179804958,670.638845081357,0.3,0.461538461538462,737.085563421249
1370,2,0.1,0.7,2,6500,200000,100,300.31009990052,305.572408352908,5.26230845238846,27.2365781382468,0.61,647.902739113784,653.165047566173,0.3,0.32258064516129,737.504120826721
1371,2,0.2,0.7,2,6500,200000,100,308.386223915563,317.901619436596,9.51539552103268,29.651629814493,0.6,649.629625523573,659.145021044606,0.3,0.348837209302326,738.441204786301
1372,2,0.3,0.7,2,6500,200000,100,298.466670377979,306.623305299653,8.15663492167442,27.8366875208816,0.58,643.620529653793,651.777164575467,0.3,0.379746835443038,741.472553253174
1373,2,0.4,0.7,2,6500,200000,100,308.822669863628,317.074865824955,8.25219596132711,25.8417537650461,0.69,653.803213951763,662.05540991309,0.3,0.416666666666667,739.796696901321
1374,2,0.5,0.7,2,6500,200000,100,306.676137361272,318.441302180959,11.765164819687,21.529099693983,0.74,651.702745608873,663.467910428559,0.3,0.461538461538462,740.047134876251
1375,2,0.1,0.3,3,6500,200000,100,302.757982841631,307.187614081723,4.42963124009209,23.5877239273824,0.59,648.071245350247,652.500876590339,0.3,0.32258064516129,741.905314445496
1376,2,0.2,0.3,3,6500,200000,100,303.474033871194,307.985747023807,4.51171315261206,21.9353759332565,0.58,651.360526904028,655.87224005664,0.3,0.348837209302326,737.376908063889
1377,2,0.3,0.3,3,6500,200000,100,304.971364687099,313.707700740649,8.7363360535503,25.5326793143464,0.62,649.531817763111,658.268153816661,0.3,0.379746835443038,739.430830955505
1378,2,0.4,0.3,3,6500,200000,100,295.620026751522,305.093447945081,9.47342119355848,26.0332257589622,0.66,645.252710171711,654.726131365269,0.3,0.416666666666667,740.311153888702
1379,2,0.5,0.3,3,6500,200000,100,302.801722646882,315.495635109111,12.6939124622294,22.1312558262334,0.69,650.413134363437,663.107046825667,0.3,0.461538461538462,739.37074136734
1380,2,0.1,0.4,3,6500,200000,100,309.782526334056,310.776605994833,0.994079660777222,22.3420247302498,0.55,653.326009935336,654.320089596113,0.3,0.32258064516129,736.724893093109
1381,2,0.2,0.4,3,6500,200000,100,300.902180615218,309.220739635284,8.31855902006546,23.4134080767831,0.57,644.358743044013,652.677302064078,0.3,0.348837209302326,734.774383544922
1382,2,0.3,0.4,3,6500,200000,100,309.473772583524,321.888731243735,12.4149586602112,28.3572437601971,0.67,654.304317201237,666.719275861448,0.3,0.379746835443038,735.54477763176
1383,2,0.4,0.4,3,6500,200000,100,312.463047647078,323.278228462894,10.8151808158159,22.4731025318523,0.66,658.70502548326,669.520206299076,0.3,0.416666666666667,740.351946592331
1384,2,0.5,0.4,3,6500,200000,100,304.730033760909,321.608937174823,16.8789034139141,33.4148854497562,0.69,649.602010936957,666.480914350871,0.3,0.461538461538462,734.746112346649
1385,2,0.1,0.5,3,6500,200000,100,301.826190676699,305.963777326468,4.13758664976931,24.7505991807605,0.54,647.441357285564,651.578943935333,0.3,0.32258064516129,737.682499408722
1386,2,0.2,0.5,3,6500,200000,100,308.281952460461,316.741470847089,8.45951838662821,25.2809368998653,0.63,650.750885988596,659.210404375224,0.3,0.348837209302326,875.573086023331
1387,2,0.3,0.5,3,6500,200000,100,290.107731936277,300.355954697544,10.2482227612666,24.153276972249,0.69,642.786852811675,653.035075572942,0.3,0.379746835443038,737.326126337051
1388,2,0.4,0.5,3,6500,200000,100,298.242866405691,313.347174774902,15.1043083692107,26.5326130881106,0.68,646.327980221781,661.432288590992,0.3,0.416666666666667,735.508146524429
1389,2,0.5,0.5,3,6500,200000,100,299.874732094146,310.305933070814,10.431200976668,28.3109278867216,0.62,645.830180456168,656.261381432836,0.3,0.461538461538462,739.749495506287
1390,2,0.1,0.6,3,6500,200000,100,294.413464210935,304.471291174725,10.0578269637892,25.4236233026868,0.68,640.96364204288,651.021469006669,0.3,0.32258064516129,935.647289037705
1391,2,0.2,0.6,3,6500,200000,100,301.733494125994,313.639362644015,11.9058685180209,27.4917579002315,0.65,642.515349385155,654.421217903176,0.3,0.348837209302326,739.431570768356
1392,2,0.3,0.6,3,6500,200000,100,303.076435747187,312.917884150735,9.84144840354875,24.3029545319579,0.62,650.714943779668,660.556392183217,0.3,0.379746835443038,738.18483376503
1393,2,0.4,0.6,3,6500,200000,100,309.528442922834,318.863955934841,9.33551301200745,22.6720697032098,0.65,652.699907711673,662.035420723681,0.3,0.416666666666667,740.440276384354
1394,2,0.5,0.6,3,6500,200000,100,303.609272490039,319.114513643894,15.5052411538551,21.7325347832264,0.74,646.137658061241,661.642899215096,0.3,0.461538461538462,737.691724777222
1395,2,0.1,0.7,3,6500,200000,100,304.79699776445,310.641649261404,5.84465149695416,26.434734955325,0.54,649.020288918566,654.86494041552,0.3,0.32258064516129,737.10285449028
1396,2,0.2,0.7,3,6500,200000,100,299.057728022731,307.899571194733,8.84184317200122,27.177777201637,0.63,645.247509113963,654.089352285965,0.3,0.348837209302326,738.300334215164
1397,2,0.3,0.7,3,6500,200000,100,294.497515971268,301.858329054874,7.36081308360573,27.3715925279457,0.62,642.053142899784,649.41395598339,0.3,0.379746835443038,739.825036764145
1398,2,0.4,0.7,3,6500,200000,100,295.555732836637,306.93594532066,11.3802124840229,25.3157335781703,0.6,641.263950236912,652.644162720935,0.3,0.416666666666667,740.389420986176
1399,2,0.5,0.7,3,6500,200000,100,304.391629490073,320.533759802948,16.1421303128753,28.9858656705136,0.73,653.727388386395,669.86951869927,0.3,0.461538461538462,740.680566549301
1400,2,0.1,0.3,0,10000,200000,100,304.83653131369,310.958971962236,6.12244064854582,23.3346025467916,0.58,650.79396204531,656.916402693855,0.3,0.32258064516129,736.942301273346
1401,2,0.2,0.3,0,10000,200000,100,303.321738581266,312.9006508478,9.57891226653384,25.2488876731891,0.64,650.06944503512,659.648357301653,0.3,0.348837209302326,737.487838029862
1402,2,0.3,0.3,0,10000,200000,100,299.381764914582,306.832274176318,7.45050926173659,25.3871609088153,0.55,642.609169435944,650.059678697681,0.3,0.379746835443038,736.985257387161
1403,2,0.4,0.3,0,10000,200000,100,303.667697656719,314.522215977375,10.8545183206563,23.0592780381498,0.67,651.848114936027,662.702633256683,0.3,0.416666666666667,737.847244739533
1404,2,0.5,0.3,0,10000,200000,100,303.505450229304,317.374312485997,13.8688622566933,23.9899075240401,0.75,650.721099247969,664.589961504663,0.3,0.461538461538462,737.019106864929
1405,2,0.1,0.4,0,10000,200000,100,310.788829379532,316.167424657613,5.37859527808159,24.857991785871,0.56,649.238952644797,654.617547922879,0.3,0.32258064516129,743.37281870842
1406,2,0.2,0.4,0,10000,200000,100,306.449651437842,317.610309445381,11.1606580075392,29.3621511621862,0.61,649.242810053072,660.403468060611,0.3,0.348837209302326,735.30499625206
1407,2,0.3,0.4,0,10000,200000,100,299.446482240815,308.004907236841,8.55842499602509,26.1338958403141,0.57,644.650895483327,653.209320479352,0.3,0.379746835443038,735.314523696899
1408,2,0.4,0.4,0,10000,200000,100,305.449525273212,312.109143805459,6.65961853224725,23.0093065465512,0.65,650.831259385235,657.490877917482,0.3,0.416666666666667,733.680676937103
1409,2,0.5,0.4,0,10000,200000,100,303.114434076403,317.934105214168,14.8196711377653,29.3217710238055,0.68,648.390187167673,663.209858305438,0.3,0.461538461538462,736.446574211121
1410,2,0.1,0.5,0,10000,200000,100,301.413207788503,302.568892632682,1.15568484417857,27.1701171065562,0.56,645.537499832759,646.693184676938,0.3,0.32258064516129,737.671898603439
1411,2,0.2,0.5,0,10000,200000,100,309.340350422764,317.104083700409,7.76373327764548,19.6188293573595,0.63,654.007492668329,661.771225945975,0.3,0.348837209302326,735.688877820969
1412,2,0.3,0.5,0,10000,200000,100,298.952097923268,304.267044859039,5.31494693577128,23.0022291711294,0.54,648.983691992169,654.29863892794,0.3,0.379746835443038,738.873014211655
1413,2,0.4,0.5,0,10000,200000,100,297.801064139581,316.643641423472,18.8425772838907,26.6263002177665,0.78,640.949733083116,659.792310367007,0.3,0.416666666666667,736.808238744736
1414,2,0.5,0.5,0,10000,200000,100,302.593295036104,317.818977891491,15.2256828553863,25.7528414598982,0.65,645.309305791846,660.534988647232,0.3,0.461538461538462,737.375656366348
1415,2,0.1,0.6,0,10000,200000,100,303.216498399724,310.732081624747,7.51558322502337,29.0141742911738,0.59,646.87431158571,654.389894810734,0.3,0.32258064516129,745.89718747139
1416,2,0.2,0.6,0,10000,200000,100,296.321954365784,302.97765641404,6.65570204825599,26.5071784707271,0.6,641.983840425747,648.639542474003,0.3,0.348837209302326,734.945635080338
1417,2,0.3,0.6,0,10000,200000,100,299.92196711607,307.462558845517,7.54059172944665,24.652282994436,0.61,644.005078214144,651.545669943591,0.3,0.379746835443038,734.656324148178
1418,2,0.4,0.6,0,10000,200000,100,305.658550721423,316.537582243767,10.8790315223446,25.0596517942537,0.63,651.280197420292,662.159228942636,0.3,0.416666666666667,735.242482185364
1419,2,0.5,0.6,0,10000,200000,100,303.174254027927,317.875997251072,14.7017432231453,22.9009893200316,0.76,649.056877899361,663.758621122506,0.3,0.461538461538462,736.035908699036
1420,2,0.1,0.7,0,10000,200000,100,303.025682940581,307.980809889092,4.95512694851118,24.3304117196456,0.62,648.675917359385,653.631044307896,0.3,0.32258064516129,738.673487901688
1421,2,0.2,0.7,0,10000,200000,100,296.611502064588,299.48332003334,2.87181796875187,27.4569544831258,0.54,643.325952086652,646.197770055404,0.3,0.348837209302326,740.886429786682
1422,2,0.3,0.7,0,10000,200000,100,298.943069974298,309.510140456212,10.567070481914,26.4163165193205,0.66,646.537484935551,657.104555417465,0.3,0.379746835443038,741.028596401215
1423,2,0.4,0.7,0,10000,200000,100,304.594355193508,315.605038756016,11.0106835625082,24.0867753085916,0.69,649.739845850971,660.750529413479,0.3,0.416666666666667,743.060882091522
1424,2,0.5,0.7,0,10000,200000,100,300.33415816021,316.378461753209,16.0443035929993,27.9752066347949,0.71,645.12654835629,661.170851949289,0.3,0.461538461538462,737.021013498306
1425,2,0.1,0.3,1,10000,200000,100,300.701999765338,305.700610714799,4.99861094946122,23.353355401374,0.53,648.734448906516,653.733059855977,0.3,0.32258064516129,738.668851613998
1426,2,0.2,0.3,1,10000,200000,100,299.090661737451,309.276992451094,10.186330713643,29.2671684404149,0.65,641.751100379173,651.937431092816,0.3,0.348837209302326,738.940724372864
1427,2,0.3,0.3,1,10000,200000,100,305.126990712168,309.677445072368,4.55045436019969,25.4987033939821,0.6,650.537481198552,655.087935558752,0.3,0.379746835443038,738.173956394196
1428,2,0.4,0.3,1,10000,200000,100,293.627276446991,301.917246112688,8.28996966569662,25.4581207075078,0.59,641.733647449491,650.023617115187,0.3,0.416666666666667,737.7446372509
1429,2,0.5,0.3,1,10000,200000,100,300.187820327329,310.680176202939,10.4923558756101,24.4744644017596,0.67,647.283030346639,657.775386222249,0.3,0.461538461538462,738.264067649841
1430,2,0.1,0.4,1,10000,200000,100,314.829440774981,318.989812427608,4.16037165262799,22.3815552801592,0.57,654.491083013274,658.651454665902,0.3,0.32258064516129,737.990053653717
1431,2,0.2,0.4,1,10000,200000,100,304.609617143563,310.379712822126,5.77009567856341,24.9991366258814,0.58,649.061956308102,654.832051986665,0.3,0.348837209302326,742.642743349075
1432,2,0.3,0.4,1,10000,200000,100,304.0234340214,306.938601420274,2.91516739887433,26.253265466461,0.58,648.489986428391,651.405153827266,0.3,0.379746835443038,734.335663795471
1433,2,0.4,0.4,1,10000,200000,100,298.730868890707,308.381354500169,9.65048560946149,24.1660280694634,0.67,642.954502442843,652.604988052304,0.3,0.416666666666667,734.734850645065
1434,2,0.5,0.4,1,10000,200000,100,302.972945506474,313.267445113223,10.2944996067495,26.6218818285632,0.65,647.284715785366,657.579215392115,0.3,0.461538461538462,737.192528486252
1435,2,0.1,0.5,1,10000,200000,100,302.140767899005,307.448785696883,5.30801779787717,23.6895700302079,0.55,649.381201339855,654.689219137732,0.3,0.32258064516129,734.310113191605
1436,2,0.2,0.5,1,10000,200000,100,301.466339428031,310.920457235186,9.45411780715425,25.1735992726479,0.67,647.819019843462,657.273137650617,0.3,0.348837209302326,735.175700426102
1437,2,0.3,0.5,1,10000,200000,100,301.08239567776,306.657296683077,5.57490100531659,24.4221077567267,0.61,642.593550289562,648.168451294879,0.3,0.379746835443038,734.766915798187
1438,2,0.4,0.5,1,10000,200000,100,301.662318178397,310.223059934878,8.56074175648052,25.4608506391076,0.65,645.05306863833,653.61381039481,0.3,0.416666666666667,738.702578544617
1439,2,0.5,0.5,1,10000,200000,100,313.843723530027,323.087351241782,9.24362771175515,22.2790268327233,0.61,655.069796216919,664.313423928674,0.3,0.461538461538462,739.031023740768
1440,2,0.1,0.6,1,10000,200000,100,296.956337084542,308.16823214335,11.2118950588088,24.0808343231069,0.66,640.604008838706,651.815903897515,0.3,0.32258064516129,737.932706832886
1441,2,0.2,0.6,1,10000,200000,100,295.034567782023,307.041776545298,12.0072087632755,25.9338743491054,0.68,642.579098983524,654.586307746799,0.3,0.348837209302326,736.650302886963
1442,2,0.3,0.6,1,10000,200000,100,305.523335305125,308.103594323417,2.58025901829225,24.7893916658827,0.58,652.63826360123,655.218522619522,0.3,0.379746835443038,737.835412740707
1443,2,0.4,0.6,1,10000,200000,100,308.658830893572,319.808417074669,11.1495861810966,24.4864884562185,0.65,653.932752541275,665.082338722372,0.3,0.416666666666667,735.582938432694
1444,2,0.5,0.6,1,10000,200000,100,303.403468963689,317.921592036532,14.5181230728431,24.4177872636794,0.7,650.183238168238,664.701361241081,0.3,0.461538461538462,735.464494943619
1445,2,0.1,0.7,1,10000,200000,100,297.307278028873,299.636118901624,2.32884087275104,22.3458943832648,0.58,642.81984483159,645.148685704341,0.3,0.32258064516129,738.216570615769
1446,2,0.2,0.7,1,10000,200000,100,305.84304841811,309.990296468197,4.1472480500865,25.9565151473961,0.57,652.206882696983,656.35413074707,0.3,0.348837209302326,744.185843467712
1447,2,0.3,0.7,1,10000,200000,100,300.429767411546,308.520821146981,8.09105373543576,23.2026586213282,0.62,645.939098466315,654.030152201751,0.3,0.379746835443038,740.781611680985
1448,2,0.4,0.7,1,10000,200000,100,299.061620373053,312.093452617136,13.0318322440822,29.0410563334548,0.69,650.557291660729,663.589123904811,0.3,0.416666666666667,736.904892683029
1449,2,0.5,0.7,1,10000,200000,100,307.767653633872,323.940410949364,16.172757315492,21.2024784250805,0.76,649.991132999036,666.163890314528,0.3,0.461538461538462,738.666222333908
1450,2,0.1,0.3,2,10000,200000,100,299.983484481599,303.755439982908,3.77195550130941,23.3999625403689,0.5,647.554849680261,651.32680518157,0.3,0.32258064516129,876.755093574524
1451,2,0.2,0.3,2,10000,200000,100,307.994615927938,312.904725808574,4.91010988063639,25.9684012504129,0.58,654.48459772392,659.394707604557,0.3,0.348837209302326,736.475331783295
1452,2,0.3,0.3,2,10000,200000,100,304.986134006015,314.713601066698,9.72746706068318,27.1596291323893,0.61,650.446661981101,660.174129041784,0.3,0.379746835443038,738.530468940735
1453,2,0.4,0.3,2,10000,200000,100,298.678332548034,309.163747871748,10.485415323714,24.2455268014184,0.66,643.117128889928,653.602544213642,0.3,0.416666666666667,739.759779214859
1454,2,0.5,0.3,2,10000,200000,100,295.634721623541,310.493401571811,14.8586799482695,28.404057004813,0.69,642.829348741221,657.68802868949,0.3,0.461538461538462,736.827139377594
1455,2,0.1,0.4,2,10000,200000,100,305.545863878173,309.641317217595,4.09545333942121,27.4116899163986,0.58,651.907272301371,656.002725640792,0.3,0.32258064516129,736.542169809342
1456,2,0.2,0.4,2,10000,200000,100,309.941834141767,314.212454516822,4.27062037505417,25.1187400387412,0.61,653.769040568982,658.039660944036,0.3,0.348837209302326,733.570537805557
1457,2,0.3,0.4,2,10000,200000,100,304.570551522812,314.477334622332,9.90678309951957,26.3148887013415,0.66,648.585235330001,658.492018429521,0.3,0.379746835443038,735.144707202911
1458,2,0.4,0.4,2,10000,200000,100,304.772025382011,312.509819014713,7.73779363270149,24.805712861709,0.62,653.432547156666,661.170340789368,0.3,0.416666666666667,734.739555120468
1459,2,0.5,0.4,2,10000,200000,100,305.42678240969,312.254409128421,6.82762671873119,21.4640235393623,0.63,651.286804002228,658.11443072096,0.3,0.461538461538462,734.748088359833
1460,2,0.1,0.5,2,10000,200000,100,308.311523915476,309.765847116801,1.45432320132456,23.0727218417932,0.53,654.607055289272,656.061378490597,0.3,0.32258064516129,735.510076284409
1461,2,0.2,0.5,2,10000,200000,100,300.387029956083,306.614390621706,6.22736066562276,25.9705370530972,0.61,645.004155679933,651.231516345555,0.3,0.348837209302326,736.671304225922
1462,2,0.3,0.5,2,10000,200000,100,299.902642959743,308.171938591221,8.26929563147829,28.346607363453,0.6,643.39334314174,651.662638773218,0.3,0.379746835443038,737.996579170227
1463,2,0.4,0.5,2,10000,200000,100,301.842705260937,308.863171253246,7.02046599230848,26.7049345512331,0.59,644.940151473766,651.960617466075,0.3,0.416666666666667,735.158085823059
1464,2,0.5,0.5,2,10000,200000,100,313.585715751187,321.386950153762,7.80123440257505,24.1625662961075,0.64,655.440750454894,663.241984857469,0.3,0.461538461538462,736.156833410263
1465,2,0.1,0.6,2,10000,200000,100,301.393705902668,306.761537068027,5.36783116535909,24.5288748091159,0.59,644.701637584465,650.069468749824,0.3,0.32258064516129,734.839305877686
1466,2,0.2,0.6,2,10000,200000,100,297.027131994947,302.392744102077,5.36561210713066,25.7146785607304,0.58,645.21438011643,650.579992223561,0.3,0.348837209302326,735.091974496841
1467,2,0.3,0.6,2,10000,200000,100,288.957042488034,300.729992045642,11.7729495576081,26.9352445048612,0.64,635.787759097746,647.560708655354,0.3,0.379746835443038,735.727969169617
1468,2,0.4,0.6,2,10000,200000,100,304.249366850706,315.818799792498,11.5694329417926,25.3012832574987,0.65,648.196334800847,659.76576774264,0.3,0.416666666666667,737.387111186981
1469,2,0.5,0.6,2,10000,200000,100,306.128481859032,312.76001006543,6.63152820639868,23.7958059482421,0.58,650.484124040297,657.115652246695,0.3,0.461538461538462,736.960240125656
1470,2,0.1,0.7,2,10000,200000,100,303.983773465388,307.478226427891,3.49445296250287,26.4983690608543,0.54,652.486911163417,655.98136412592,0.3,0.32258064516129,737.569777011871
1471,2,0.2,0.7,2,10000,200000,100,294.434783184082,306.382479066225,11.9476958821428,28.0401521293988,0.69,641.853888823848,653.801584705991,0.3,0.348837209302326,744.842861652374
1472,2,0.3,0.7,2,10000,200000,100,310.368375843392,318.502530343599,8.13415450020723,23.4977972680708,0.65,655.41953978333,663.553694283537,0.3,0.379746835443038,737.460237503052
1473,2,0.4,0.7,2,10000,200000,100,295.956467027039,307.667610614453,11.7111435874148,25.1092376155474,0.67,645.27214109586,656.983284683275,0.3,0.416666666666667,741.826898813248
1474,2,0.5,0.7,2,10000,200000,100,308.298684094698,322.353067071774,14.0543829770752,26.7202908495169,0.68,656.485801591232,670.540184568308,0.3,0.461538461538462,741.20840215683
1475,2,0.1,0.3,3,10000,200000,100,294.801006836478,300.339081391863,5.53807455538484,24.9005984806734,0.6,641.645386172262,647.183460727647,0.3,0.32258064516129,737.73175239563
1476,2,0.2,0.3,3,10000,200000,100,314.378257907965,317.183879468766,2.8056215608014,24.6218967161929,0.49,659.835568661203,662.641190222005,0.3,0.348837209302326,738.495025634766
1477,2,0.3,0.3,3,10000,200000,100,298.328152307963,306.991647616108,8.66349530814537,26.193712286318,0.59,642.385126162163,651.048621470308,0.3,0.379746835443038,737.772173881531
1478,2,0.4,0.3,3,10000,200000,100,302.544028792879,313.985414448896,11.4413856560168,25.9843896553442,0.68,649.214694068238,660.656079724255,0.3,0.416666666666667,737.162450790405
1479,2,0.5,0.3,3,10000,200000,100,290.156088315969,304.977937608455,14.8218492924858,29.1802347240405,0.61,636.19040862555,651.012257918036,0.3,0.461538461538462,744.972280740738
1480,2,0.1,0.4,3,10000,200000,100,307.540697981182,313.538825540524,5.99812755934131,25.3491060487958,0.58,652.350869464367,658.348997023708,0.3,0.32258064516129,733.793889522553
1481,2,0.2,0.4,3,10000,200000,100,295.309946844771,300.447045576788,5.13709873201724,25.3953273885677,0.63,643.766943321431,648.904042053448,0.3,0.348837209302326,735.778764009476
1482,2,0.3,0.4,3,10000,200000,100,297.432986470437,308.607929008678,11.1749425382402,26.3070063718201,0.63,647.483232343523,658.658174881763,0.3,0.379746835443038,732.496415615082
1483,2,0.4,0.4,3,10000,200000,100,298.454506537881,309.052389557827,10.597883019946,26.9332839048085,0.65,643.320269152142,653.918152172088,0.3,0.416666666666667,735.330785751343
1484,2,0.5,0.4,3,10000,200000,100,303.052951055938,315.695518190616,12.6425671346783,25.8579798848592,0.69,649.482994162052,662.12556129673,0.3,0.461538461538462,735.895485877991
1485,2,0.1,0.5,3,10000,200000,100,295.673832353225,297.756646083882,2.08281373065653,26.060898518634,0.53,641.457305223775,643.540118954431,0.3,0.32258064516129,736.202794551849
1486,2,0.2,0.5,3,10000,200000,100,303.67853123977,311.643776693469,7.96524545369857,25.5177165489122,0.59,648.794017488454,656.759262942152,0.3,0.348837209302326,736.047640562058
1487,2,0.3,0.5,3,10000,200000,100,306.093773936167,310.127244832628,4.03347089646172,25.5611597031662,0.55,652.941014442385,656.974485338847,0.3,0.379746835443038,740.086766719818
1488,2,0.4,0.5,3,10000,200000,100,312.687145658038,322.005631707323,9.31848604928551,25.0173138821127,0.64,651.392213856297,660.710699905582,0.3,0.416666666666667,733.608621120453
1489,2,0.5,0.5,3,10000,200000,100,301.263258676012,315.387718849928,14.1244601739165,27.6070780008841,0.65,645.654256357823,659.778716531739,0.3,0.461538461538462,736.877645254135
1490,2,0.1,0.6,3,10000,200000,100,305.495322121971,306.214280881907,0.71895875993564,25.648378712152,0.54,651.517853282509,652.236812042445,0.3,0.32258064516129,736.777164459229
1491,2,0.2,0.6,3,10000,200000,100,305.777638469904,315.732337403321,9.95469893341717,25.0291722871309,0.68,647.47755621094,657.432255144357,0.3,0.348837209302326,736.148414373398
1492,2,0.3,0.6,3,10000,200000,100,306.858627252105,315.21791334275,8.35928609064473,25.2877576003882,0.62,651.211861097015,659.57114718766,0.3,0.379746835443038,736.619683742523
1493,2,0.4,0.6,3,10000,200000,100,294.767656449308,306.666205777816,11.8985493285084,25.6548403384021,0.65,644.287197204551,656.185746533059,0.3,0.416666666666667,737.126726865768
1494,2,0.5,0.6,3,10000,200000,100,311.428509430942,321.234344477837,9.80583504689495,29.0925454074139,0.61,658.081596234546,667.887431281441,0.3,0.461538461538462,737.90323805809
1495,2,0.1,0.7,3,10000,200000,100,314.596889929933,318.938822649458,4.34193271952518,28.1286674847181,0.53,659.958543130816,664.300475850341,0.3,0.32258064516129,740.784761428833
1496,2,0.2,0.7,3,10000,200000,100,300.908222274533,311.264763917372,10.3565416428392,24.634350421984,0.65,645.639628294903,655.996169937742,0.3,0.348837209302326,739.252322673798
1497,2,0.3,0.7,3,10000,200000,100,301.018729360194,311.372943277139,10.3542139169449,28.2640050906085,0.66,644.943210436714,655.297424353659,0.3,0.379746835443038,738.328304767609
1498,2,0.4,0.7,3,10000,200000,100,301.262978597761,313.525025255237,12.262046657476,27.7366772941625,0.68,643.903289546968,656.165336204444,0.3,0.416666666666667,737.793607473373
1499,2,0.5,0.7,3,10000,200000,100,300.795870327963,313.526856836115,12.7309865081513,22.5215353679946,0.71,649.776591069491,662.507577577642,0.3,0.461538461538462,739.789000988007
1500,2,0.1,0.3,0,13500,200000,100,309.041389968649,309.709492966564,0.668102997915753,20.6532507894599,0.55,654.202993530516,654.871096528432,0.3,0.32258064516129,737.507946968079
1501,2,0.2,0.3,0,13500,200000,100,300.856939784792,308.413290516844,7.55635073205181,23.7787771031978,0.59,646.370195404457,653.926546136509,0.3,0.348837209302326,735.275506973267
1502,2,0.3,0.3,0,13500,200000,100,296.414702907634,305.224314725071,8.80961181743685,23.6545976010469,0.67,645.126940342926,653.936552160362,0.3,0.379746835443038,733.421558618546
1503,2,0.4,0.3,0,13500,200000,100,297.152203133451,306.770153369578,9.61795023612682,24.9487144824359,0.68,641.773768621386,651.391718857513,0.3,0.416666666666667,739.215499401093
1504,2,0.5,0.3,0,13500,200000,100,310.552567817195,319.828498374565,9.2759305573698,20.5136834857549,0.64,652.551130556733,661.827061114103,0.3,0.461538461538462,731.497557163239
1505,2,0.1,0.4,0,13500,200000,100,301.744432270957,304.44475897283,2.70032670187361,23.1825263714797,0.5,648.453225207056,651.153551908929,0.3,0.32258064516129,735.385096549988
1506,2,0.2,0.4,0,13500,200000,100,296.564369829896,301.212206080739,4.64783625084258,28.0278997552676,0.56,643.844586967418,648.492423218261,0.3,0.348837209302326,735.568018913269
1507,2,0.3,0.4,0,13500,200000,100,293.028125693358,300.105860611996,7.07773491863855,27.8763263743337,0.6,641.741631979073,648.819366897712,0.3,0.379746835443038,736.039179325104
1508,2,0.4,0.4,0,13500,200000,100,294.871843797442,304.929117345433,10.0572735479914,22.3771409399904,0.66,646.791381708212,656.848655256203,0.3,0.416666666666667,736.365988016129
1509,2,0.5,0.4,0,13500,200000,100,304.48384483062,316.78038305653,12.2965382259099,22.5004977812546,0.66,646.560243104437,658.856781330347,0.3,0.461538461538462,733.532403230667
1510,2,0.1,0.5,0,13500,200000,100,302.023645642361,303.541063748041,1.5174181056805,25.5376460082616,0.42,646.227573948803,647.744992054484,0.3,0.32258064516129,736.769835948944
1511,2,0.2,0.5,0,13500,200000,100,287.446312073103,295.051814463162,7.60550239005942,28.9940477481477,0.63,634.446695625791,642.05219801585,0.3,0.348837209302326,738.252663850784
1512,2,0.3,0.5,0,13500,200000,100,301.228275197927,309.597234650034,8.368959452107,28.8721168434165,0.6,643.682326734209,652.051286186316,0.3,0.379746835443038,734.782787322998
1513,2,0.4,0.5,0,13500,200000,100,300.060761858535,312.370862484704,12.3101006261695,24.2765861623655,0.71,647.206990890403,659.517091516573,0.3,0.416666666666667,736.220788002014
1514,2,0.5,0.5,0,13500,200000,100,307.716691851614,319.234300296281,11.517608444667,26.2354756392008,0.67,651.568975275584,663.086583720251,0.3,0.461538461538462,733.715248346329
1515,2,0.1,0.6,0,13500,200000,100,305.42728461437,312.037989520711,6.61070490634086,24.4415047027542,0.58,654.538245541997,661.148950448338,0.3,0.32258064516129,738.227531194687
1516,2,0.2,0.6,0,13500,200000,100,290.418979983633,300.921182921889,10.5022029382563,28.749622874533,0.6,643.234003066097,653.736206004354,0.3,0.348837209302326,736.848316431046
1517,2,0.3,0.6,0,13500,200000,100,304.165196844614,315.298523632069,11.1333267874551,25.6127077929983,0.68,644.863315228856,655.996642016311,0.3,0.379746835443038,736.493627071381
1518,2,0.4,0.6,0,13500,200000,100,304.123876314161,318.154313850774,14.0304375366131,24.0377379260478,0.75,649.715002190376,663.745439726989,0.3,0.416666666666667,737.230934858322
1519,2,0.5,0.6,0,13500,200000,100,307.746775270189,322.14161889768,14.3948436274905,27.1186155951181,0.67,648.736886605394,663.131730232884,0.3,0.461538461538462,738.353385686874
1520,2,0.1,0.7,0,13500,200000,100,300.987996163311,305.617981922212,4.62998575890133,30.8564901338948,0.52,648.91081819566,653.540803954561,0.3,0.32258064516129,739.017312288284
1521,2,0.2,0.7,0,13500,200000,100,299.62668535187,307.997550191731,8.3708648398609,22.1202331793315,0.67,643.181067693392,651.551932533253,0.3,0.348837209302326,741.468980550766
1522,2,0.3,0.7,0,13500,200000,100,302.78742442082,313.316479238149,10.5290548173291,28.4144672372981,0.67,647.489733935138,658.018788752467,0.3,0.379746835443038,742.172934293747
1523,2,0.4,0.7,0,13500,200000,100,301.74659845673,311.930689821668,10.1840913649379,29.3610513949111,0.6,647.842626760112,658.02671812505,0.3,0.416666666666667,738.599516153336
1524,2,0.5,0.7,0,13500,200000,100,308.497641183936,322.496870599217,13.9992294152804,23.7670324685651,0.71,653.902277387279,667.901506802559,0.3,0.461538461538462,741.011561870575
1525,2,0.1,0.3,1,13500,200000,100,299.553573573971,301.566710891505,2.01313731753396,21.4912454118984,0.47,642.712334392483,644.725471710017,0.3,0.32258064516129,733.848528146744
1526,2,0.2,0.3,1,13500,200000,100,305.235001707669,306.876640666235,1.64163895856599,20.8886762362829,0.56,653.40568284824,655.047321806806,0.3,0.348837209302326,734.017137765884
1527,2,0.3,0.3,1,13500,200000,100,308.604442070099,315.926511968476,7.32206989837716,23.3278500296919,0.63,658.684651473313,666.00672137169,0.3,0.379746835443038,735.56692647934
1528,2,0.4,0.3,1,13500,200000,100,294.904663875503,303.744993888686,8.84033001318224,23.3904573443061,0.62,643.264729065387,652.105059078569,0.3,0.416666666666667,733.430600881577
1529,2,0.5,0.3,1,13500,200000,100,303.562830452383,319.748701598364,16.1858711459811,21.6970728857733,0.81,648.93915540005,665.125026546031,0.3,0.461538461538462,734.937730073929
1530,2,0.1,0.4,1,13500,200000,100,298.519601117689,303.400221636427,4.88062051873814,24.6232292304871,0.53,647.812023696678,652.692644215416,0.3,0.32258064516129,734.288362979889
1531,2,0.2,0.4,1,13500,200000,100,294.382431283516,304.82921280676,10.4467815232438,30.5925777391057,0.6,642.182699413815,652.629480937058,0.3,0.348837209302326,733.766802787781
1532,2,0.3,0.4,1,13500,200000,100,300.958763832713,307.906278141679,6.94751430896585,25.7028755199674,0.59,648.547985734725,655.495500043691,0.3,0.379746835443038,733.547265291214
1533,2,0.4,0.4,1,13500,200000,100,308.967498642727,315.064735050411,6.09723640768355,24.5884947447021,0.63,650.778935046647,656.876171454331,0.3,0.416666666666667,735.592049598694
1534,2,0.5,0.4,1,13500,200000,100,296.855759443078,311.630437522888,14.77467807981,22.4525567693274,0.72,638.279156055098,653.053834134908,0.3,0.461538461538462,734.125419139862
1535,2,0.1,0.5,1,13500,200000,100,307.361703391645,315.327829243555,7.96612585190992,21.7209854992838,0.64,651.24731635726,659.21344220917,0.3,0.32258064516129,740.144064903259
1536,2,0.2,0.5,1,13500,200000,100,303.464628195237,309.066495134191,5.60186693895369,24.8511310192628,0.56,650.773707665108,656.375574604061,0.3,0.348837209302326,737.05766248703
1537,2,0.3,0.5,1,13500,200000,100,298.466882719055,305.774766523196,7.30788380414188,25.5043542346142,0.59,646.097895861536,653.405779665678,0.3,0.379746835443038,735.961818695068
1538,2,0.4,0.5,1,13500,200000,100,298.138706865287,312.333264251758,14.1945573864709,25.8918039260419,0.73,644.885560996275,659.080118382746,0.3,0.416666666666667,736.239828586578
1539,2,0.5,0.5,1,13500,200000,100,305.309984814537,318.588401877934,13.2784170633971,27.2134407064429,0.69,648.28231744456,661.560734507957,0.3,0.461538461538462,737.820331096649
1540,2,0.1,0.6,1,13500,200000,100,308.329088280352,315.480389258416,7.15130097806394,26.9899975349212,0.64,653.083753228071,660.235054206135,0.3,0.32258064516129,746.169312000275
1541,2,0.2,0.6,1,13500,200000,100,308.389008878559,311.237280252648,2.84827137408962,22.5648362293392,0.57,655.951298180607,658.799569554697,0.3,0.348837209302326,735.864296913147
1542,2,0.3,0.6,1,13500,200000,100,298.900568243347,308.46336437643,9.56279613308311,22.7355165485899,0.66,644.496270904222,654.059067037305,0.3,0.379746835443038,735.168383836746
1543,2,0.4,0.6,1,13500,200000,100,302.604664339641,311.204062838614,8.59939849897304,28.2764044611639,0.66,649.591032782915,658.190431281888,0.3,0.416666666666667,739.327395677567
1544,2,0.5,0.6,1,13500,200000,100,313.507620642959,324.313118842488,10.8054981995291,23.91985010808,0.63,658.804945283497,669.610443483026,0.3,0.461538461538462,733.218883991242
1545,2,0.1,0.7,1,13500,200000,100,294.384395387556,301.370177004641,6.9857816170842,27.5230550043032,0.59,640.588948639889,647.574730256973,0.3,0.32258064516129,742.510978460312
1546,2,0.2,0.7,1,13500,200000,100,299.935788024261,308.602698540644,8.66691051638317,25.9915288079542,0.67,647.73427792836,656.401188444743,0.3,0.348837209302326,739.945697307587
1547,2,0.3,0.7,1,13500,200000,100,306.52816001689,312.084457553718,5.55629753682785,25.9624495846554,0.59,648.260429484643,653.81672702147,0.3,0.379746835443038,741.289727210999
1548,2,0.4,0.7,1,13500,200000,100,299.04805804361,308.245714837233,9.19765679362356,23.2353109013819,0.59,648.629867930634,657.827524724258,0.3,0.416666666666667,740.523822784424
1549,2,0.5,0.7,1,13500,200000,100,300.281441005679,310.847263129774,10.5658221240947,22.7457206637588,0.67,647.829527300964,658.395349425059,0.3,0.461538461538462,751.548680305481
1550,2,0.1,0.3,2,13500,200000,100,307.991557622408,311.530092898194,3.53853527578596,22.3495563927808,0.58,649.669890158543,653.208425434329,0.3,0.32258064516129,735.927319765091
1551,2,0.2,0.3,2,13500,200000,100,300.930439537486,306.933402524739,6.00296298725299,23.2929192746283,0.57,649.113830824235,655.116793811488,0.3,0.348837209302326,740.001754999161
1552,2,0.3,0.3,2,13500,200000,100,300.177153269447,309.72873836041,9.55158509096231,18.9446986827017,0.69,644.101061460295,653.652646551257,0.3,0.379746835443038,732.292693376541
1553,2,0.4,0.3,2,13500,200000,100,292.203451917503,306.701886183033,14.4984342655293,23.4848928922078,0.72,643.456997967242,657.955432232771,0.3,0.416666666666667,736.598410844803
1554,2,0.5,0.3,2,13500,200000,100,304.132570601693,317.45442367363,13.3218530719375,23.8917589107511,0.7,651.201597410637,664.523450482575,0.3,0.461538461538462,733.741309165955
1555,2,0.1,0.4,2,13500,200000,100,303.900415763762,301.398795226816,-2.50162053694695,28.9276985757452,0.49,648.981495485426,646.479874948479,0.3,0.32258064516129,741.515597343445
1556,2,0.2,0.4,2,13500,200000,100,299.089579555928,304.888726096374,5.79914654044567,27.2496333658411,0.55,645.330159594414,651.129306134859,0.3,0.348837209302326,745.642951250076
1557,2,0.3,0.4,2,13500,200000,100,301.749554716035,310.908670674252,9.15911595821659,24.5405763988812,0.62,651.551442960891,660.710558919108,0.3,0.379746835443038,736.162016391754
1558,2,0.4,0.4,2,13500,200000,100,299.795453447159,310.66953278343,10.874079336271,24.4030918738241,0.66,645.183671773095,656.057751109366,0.3,0.416666666666667,737.467399120331
1559,2,0.5,0.4,2,13500,200000,100,299.05834876061,312.925129097604,13.8667803369945,23.7933425467184,0.78,643.033868180946,656.90064851794,0.3,0.461538461538462,734.043068647385
1560,2,0.1,0.5,2,13500,200000,100,298.266774989967,306.292570448324,8.02579545835718,23.4773866009934,0.61,644.609278529449,652.635073987806,0.3,0.32258064516129,737.193201780319
1561,2,0.2,0.5,2,13500,200000,100,308.351561274681,316.967526472185,8.61596519750468,27.5124912366369,0.62,652.126939991684,660.742905189189,0.3,0.348837209302326,734.767478942871
1562,2,0.3,0.5,2,13500,200000,100,309.457598887698,315.781452669143,6.32385378144483,23.3985175555136,0.57,654.185751970303,660.509605751748,0.3,0.379746835443038,734.080138921738
1563,2,0.4,0.5,2,13500,200000,100,298.863660033682,316.140385429644,17.2767253959617,25.3557305126634,0.77,639.865083739246,657.141809135207,0.3,0.416666666666667,735.403731822968
1564,2,0.5,0.5,2,13500,200000,100,297.235738064723,311.794893265057,14.5591552003341,21.6509467131585,0.75,644.358899459678,658.918054660012,0.3,0.461538461538462,737.083633899689
1565,2,0.1,0.6,2,13500,200000,100,300.149637103292,306.831105563203,6.68146845991093,25.6934066506366,0.6,645.802233791612,652.483702251523,0.3,0.32258064516129,739.825230121613
1566,2,0.2,0.6,2,13500,200000,100,300.405675276943,309.577285423169,9.17161014622661,29.2622564880348,0.59,645.103208719829,654.274818866056,0.3,0.348837209302326,734.918462991715
1567,2,0.3,0.6,2,13500,200000,100,300.264573212211,312.214118577796,11.9495453655854,28.5539719268977,0.61,647.692495992476,659.642041358061,0.3,0.379746835443038,737.292360544205
1568,2,0.4,0.6,2,13500,200000,100,301.836376781062,316.89021354768,15.0538367666179,27.7859950163305,0.73,648.441477101348,663.495313867966,0.3,0.416666666666667,733.637259721756
1569,2,0.5,0.6,2,13500,200000,100,313.925955978967,329.969853289127,16.0438973101598,25.7939186804187,0.8,657.264759610082,673.308656920242,0.3,0.461538461538462,734.705127954483
1570,2,0.1,0.7,2,13500,200000,100,302.779869074829,311.495665930755,8.71579685592629,26.0348855153765,0.58,647.588386407541,656.304183263467,0.3,0.32258064516129,741.585164070129
1571,2,0.2,0.7,2,13500,200000,100,302.231422392659,310.103337333168,7.87191494050917,22.0276843026516,0.64,645.125104241797,652.997019182306,0.3,0.348837209302326,744.755604028702
1572,2,0.3,0.7,2,13500,200000,100,301.685363242076,312.291957409372,10.6065941672958,26.003915809488,0.65,645.213754870919,655.820349038215,0.3,0.379746835443038,755.904357433319
1573,2,0.4,0.7,2,13500,200000,100,309.778323669542,318.338452000796,8.56012833125375,23.2735423133594,0.61,653.628332864547,662.188461195801,0.3,0.416666666666667,738.925114870072
1574,2,0.5,0.7,2,13500,200000,100,301.719287515617,315.840635312049,14.1213477964324,28.7476169511181,0.67,648.112778803475,662.234126599907,0.3,0.461538461538462,745.771680355072
1575,2,0.1,0.3,3,13500,200000,100,305.150796246292,307.209913389865,2.05911714357233,21.0615672585552,0.57,650.299869865096,652.358987008669,0.3,0.32258064516129,737.860882997513
1576,2,0.2,0.3,3,13500,200000,100,308.053157688989,316.008816346941,7.95565865795219,17.7746314894045,0.68,653.306082544926,661.261741202879,0.3,0.348837209302326,738.903867959976
1577,2,0.3,0.3,3,13500,200000,100,311.315321952903,316.919461582366,5.6041396294628,23.785755859189,0.58,653.084844161405,658.688983790868,0.3,0.379746835443038,736.822930335999
1578,2,0.4,0.3,3,13500,200000,100,287.104964787828,297.262885932489,10.1579211446611,25.3590839731011,0.63,635.894769087764,646.052690232425,0.3,0.416666666666667,735.662651062012
1579,2,0.5,0.3,3,13500,200000,100,310.153936938597,324.669956670544,14.5160197319475,21.5602341988517,0.72,656.24875637362,670.764776105568,0.3,0.461538461538462,733.630959510803
1580,2,0.1,0.4,3,13500,200000,100,303.20588262468,307.738888023475,4.5330053987948,22.7481702796163,0.55,650.685312214595,655.218317613389,0.3,0.32258064516129,735.763877153397
1581,2,0.2,0.4,3,13500,200000,100,308.500154386854,314.715834460323,6.21568007346964,23.3787454875798,0.6,656.112310923466,662.327990996936,0.3,0.348837209302326,734.366427183151
1582,2,0.3,0.4,3,13500,200000,100,305.491457171632,310.578666012886,5.08720884125372,26.1007976411684,0.56,647.403663053362,652.490871894615,0.3,0.379746835443038,734.502596139908
1583,2,0.4,0.4,3,13500,200000,100,296.373579626059,304.713855886962,8.34027626090291,26.7956540546955,0.66,640.537839772948,648.878116033851,0.3,0.416666666666667,736.975750684738
1584,2,0.5,0.4,3,13500,200000,100,308.360618142012,320.045797165723,11.6851790237119,24.8305301788977,0.64,652.315053692803,664.000232716515,0.3,0.461538461538462,733.852363824844
1585,2,0.1,0.5,3,13500,200000,100,308.64191106903,313.039079146823,4.39716807779294,24.7125641616987,0.57,659.816147337027,664.213315414819,0.3,0.32258064516129,733.349289655685
1586,2,0.2,0.5,3,13500,200000,100,296.666489022718,309.47393408781,12.8074450650919,25.8739227221162,0.68,641.595083568615,654.402528633707,0.3,0.348837209302326,736.039736270905
1587,2,0.3,0.5,3,13500,200000,100,310.350412645425,316.145916797458,5.79550415203253,23.8244545296314,0.58,653.352764524481,659.148268676514,0.3,0.379746835443038,743.331739425659
1588,2,0.4,0.5,3,13500,200000,100,306.751010664042,320.962780640519,14.2117699764765,26.8956699741958,0.66,653.546780582384,667.758550558861,0.3,0.416666666666667,743.414494752884
1589,2,0.5,0.5,3,13500,200000,100,300.797552748866,314.534951363085,13.7373986142181,26.1789898194857,0.66,644.114928639283,657.852327253501,0.3,0.461538461538462,736.205897092819
1590,2,0.1,0.6,3,13500,200000,100,300.559386932444,305.394047610918,4.83466067847325,27.118553997189,0.58,642.875166209352,647.709826887825,0.3,0.32258064516129,738.581035852432
1591,2,0.2,0.6,3,13500,200000,100,315.126718545661,324.19654394041,9.06982539474874,26.917619501853,0.61,653.520765014893,662.590590409641,0.3,0.348837209302326,733.852968215942
1592,2,0.3,0.6,3,13500,200000,100,301.757902866834,310.130488475238,8.37258560840383,26.4543879272443,0.59,649.135753256471,657.508338864874,0.3,0.379746835443038,735.324238777161
1593,2,0.4,0.6,3,13500,200000,100,313.761214352708,321.231260444621,7.47004609191258,21.7065831026312,0.65,658.600719808409,666.070765900322,0.3,0.416666666666667,734.153566598892
1594,2,0.5,0.6,3,13500,200000,100,306.734587859825,319.918022755814,13.1834348959882,23.6305655874126,0.77,649.546226677009,662.729661572998,0.3,0.461538461538462,733.108304977417
1595,2,0.1,0.7,3,13500,200000,100,298.805339571721,305.372912891934,6.56757332021332,26.2381777309324,0.59,642.64420234594,649.211775666153,0.3,0.32258064516129,740.487869739533
1596,2,0.2,0.7,3,13500,200000,100,303.612286381483,312.305285842637,8.69299946115354,25.1797035237006,0.59,646.597366201032,655.290365662186,0.3,0.348837209302326,739.172276258469
1597,2,0.3,0.7,3,13500,200000,100,299.965200991684,311.342955169164,11.3777541774795,28.2467716735474,0.68,646.634363224939,658.012117402419,0.3,0.379746835443038,743.045167446137
1598,2,0.4,0.7,3,13500,200000,100,300.669682766007,307.965573384372,7.29589061836446,25.1795284094957,0.6,650.563374091531,657.859264709896,0.3,0.416666666666667,760.391837596893
1599,2,0.5,0.7,3,13500,200000,100,299.297642091405,317.190262757514,17.8926206661089,28.4238908173958,0.74,639.909335725968,657.801956392077,0.3,0.461538461538462,743.026589870453
1600,2,0.1,0.3,0,17000,200000,100,292.663041180713,295.046766050127,2.38372486941441,24.1172661356778,0.52,639.309256538005,641.69298140742,0.3,0.32258064516129,733.755924940109
1601,2,0.2,0.3,0,17000,200000,100,299.084630178374,302.458655841626,3.37402566325232,23.3938325121663,0.55,636.72648681475,640.100512478002,0.3,0.348837209302326,735.943374395371
1602,2,0.3,0.3,0,17000,200000,100,310.150834594612,318.358406196922,8.20757160230937,25.4254744710502,0.63,654.768673592164,662.976245194473,0.3,0.379746835443038,735.376992464066
1603,2,0.4,0.3,0,17000,200000,100,309.794167642355,318.757441321352,8.96327367899784,22.6651645553976,0.63,654.612746442154,663.576020121151,0.3,0.416666666666667,739.927242279053
1604,2,0.5,0.3,0,17000,200000,100,291.217555325355,305.127214296898,13.9096589715426,23.7701824605925,0.74,636.470186613533,650.379845585076,0.3,0.461538461538462,743.020981788635
1605,2,0.1,0.4,0,17000,200000,100,306.181259680386,310.883420863941,4.70216118355465,27.0838503773227,0.54,652.134782359113,656.836943542668,0.3,0.32258064516129,737.702437162399
1606,2,0.2,0.4,0,17000,200000,100,294.305357492747,297.446229460121,3.1408719673739,25.8535229607796,0.51,640.620451617877,643.761323585251,0.3,0.348837209302326,736.125318527222
1607,2,0.3,0.4,0,17000,200000,100,294.135428444839,304.449814465474,10.3143860206347,24.4554342613022,0.59,638.765569276886,649.07995529752,0.3,0.379746835443038,736.520289182663
1608,2,0.4,0.4,0,17000,200000,100,303.052822947453,316.018449384998,12.9656264375447,23.2393010518937,0.68,647.711304594007,660.676931031552,0.3,0.416666666666667,734.337967634201
1609,2,0.5,0.4,0,17000,200000,100,309.257752931336,322.473600642061,13.2158477107252,28.1462469304608,0.63,651.551130064884,664.76697777561,0.3,0.461538461538462,736.527426242828
1610,2,0.1,0.5,0,17000,200000,100,303.387271463842,306.384500176021,2.99722871217836,26.4024582081048,0.57,648.062396145276,651.059624857455,0.3,0.32258064516129,735.96636223793
1611,2,0.2,0.5,0,17000,200000,100,307.21635945364,312.526639677342,5.31028022370238,26.8250514417038,0.56,649.442866138254,654.753146361956,0.3,0.348837209302326,735.491151094437
1612,2,0.3,0.5,0,17000,200000,100,302.800793308463,307.912533209575,5.11173990111193,26.8241535201809,0.57,650.916283219662,656.028023120773,0.3,0.379746835443038,733.215811729431
1613,2,0.4,0.5,0,17000,200000,100,293.971332040863,303.822917754884,9.85158571402037,23.964195566654,0.64,641.532187604871,651.383773318892,0.3,0.416666666666667,736.113521575928
1614,2,0.5,0.5,0,17000,200000,100,304.475005664101,313.170196381636,8.69519071753498,23.8054790233503,0.66,649.473186434525,658.16837715206,0.3,0.461538461538462,736.209217786789
1615,2,0.1,0.6,0,17000,200000,100,297.988066899032,303.64708629477,5.65901939573814,21.5685202699747,0.67,643.667690460852,649.32670985659,0.3,0.32258064516129,743.665186405182
1616,2,0.2,0.6,0,17000,200000,100,293.511406109278,299.424335491161,5.91292938188285,28.7519561965497,0.57,640.772043652935,646.684973034818,0.3,0.348837209302326,734.633820295334
1617,2,0.3,0.6,0,17000,200000,100,296.338511019382,304.640979602566,8.30246858318419,26.7473665894598,0.63,641.805448920141,650.107917503325,0.3,0.379746835443038,735.654232978821
1618,2,0.4,0.6,0,17000,200000,100,298.184294941549,308.406969579674,10.2226746381255,26.9658779563515,0.54,645.117765464319,655.340440102444,0.3,0.416666666666667,735.052738189697
1619,2,0.5,0.6,0,17000,200000,100,309.615403082675,321.754147468508,12.1387443858324,25.3217902942921,0.65,651.80173217929,663.940476565123,0.3,0.461538461538462,740.497065782547
1620,2,0.1,0.7,0,17000,200000,100,290.273378397333,298.126451676875,7.853073279542,23.6441181480868,0.63,637.361417068,645.214490347542,0.3,0.32258064516129,747.776649475098
1621,2,0.2,0.7,0,17000,200000,100,301.592329581253,304.940091701075,3.34776211982131,27.5181288467545,0.47,646.470910569784,649.818672689606,0.3,0.348837209302326,738.900678396225
1622,2,0.3,0.7,0,17000,200000,100,304.44041005391,317.619044361897,13.1786343079877,29.0291809406757,0.67,647.291728785819,660.470363093807,0.3,0.379746835443038,744.180588960648
1623,2,0.4,0.7,0,17000,200000,100,307.609713036837,321.830547181455,14.2208341446179,26.0984274430788,0.71,654.309967095874,668.530801240491,0.3,0.416666666666667,743.169006824493
1624,2,0.5,0.7,0,17000,200000,100,297.088313777453,310.753665256501,13.6653514790479,24.8194454175912,0.71,643.695091092237,657.360442571285,0.3,0.461538461538462,738.852082967758
1625,2,0.1,0.3,1,17000,200000,100,305.588412062924,309.311140977031,3.72272891410726,24.8134818020802,0.52,647.781428810526,651.504157724634,0.3,0.32258064516129,733.985603570938
1626,2,0.2,0.3,1,17000,200000,100,300.04125976776,310.299921060114,10.2586612923542,25.6210613009994,0.62,642.450194798226,652.70885609058,0.3,0.348837209302326,734.185923814774
1627,2,0.3,0.3,1,17000,200000,100,299.923025964586,307.578651187617,7.65562522303131,20.5525756864418,0.61,647.646718188589,655.30234341162,0.3,0.379746835443038,733.969340801239
1628,2,0.4,0.3,1,17000,200000,100,299.736201352341,309.525811062539,9.78960971019767,22.3851717886706,0.63,648.618709101952,658.40831881215,0.3,0.416666666666667,736.64788889885
1629,2,0.5,0.3,1,17000,200000,100,300.408391276316,308.89063258649,8.48224131017353,24.7202896459335,0.64,647.535060792447,656.017302102621,0.3,0.461538461538462,735.036363124848
1630,2,0.1,0.4,1,17000,200000,100,303.85815040681,309.350001656564,5.49185124975414,24.4948573625256,0.6,652.019629471595,657.511480721349,0.3,0.32258064516129,734.748259782791
1631,2,0.2,0.4,1,17000,200000,100,293.378176103794,302.016054129553,8.63787802575977,23.7045907536867,0.67,638.894828324401,647.53270635016,0.3,0.348837209302326,739.352533578873
1632,2,0.3,0.4,1,17000,200000,100,297.752429698445,306.550729290003,8.79829959155749,25.1841832036724,0.66,643.521753797259,652.320053388816,0.3,0.379746835443038,738.621739864349
1633,2,0.4,0.4,1,17000,200000,100,297.436564852579,313.338036963563,15.9014721109844,24.9470053582935,0.76,643.153863827663,659.055335938648,0.3,0.416666666666667,735.591645002365
1634,2,0.5,0.4,1,17000,200000,100,314.924628084606,327.286730237077,12.3621021524713,25.8572807259846,0.66,658.833254622992,671.195356775464,0.3,0.461538461538462,734.901614904404
1635,2,0.1,0.5,1,17000,200000,100,309.96210958358,316.485283026658,6.52317344307708,23.9456466576469,0.66,652.129183458478,658.652356901555,0.3,0.32258064516129,738.04459643364
1636,2,0.2,0.5,1,17000,200000,100,301.151394373496,309.015039334227,7.86364496073096,23.771860391509,0.57,645.239934663435,653.103579624166,0.3,0.348837209302326,742.556468725205
1637,2,0.3,0.5,1,17000,200000,100,316.713012129971,322.977652282208,6.26464015223676,24.9268608966652,0.57,658.211933319568,664.476573471804,0.3,0.379746835443038,735.469843626022
1638,2,0.4,0.5,1,17000,200000,100,302.285616220303,310.300093622444,8.01447740214085,26.2476662739408,0.59,650.272850637575,658.287328039716,0.3,0.416666666666667,737.905805587769
1639,2,0.5,0.5,1,17000,200000,100,296.663215350641,311.559060897328,14.8958455466867,23.7031367617703,0.77,644.054971468976,658.950817015663,0.3,0.461538461538462,737.881520748138
1640,2,0.1,0.6,1,17000,200000,100,294.610455407625,293.687175464956,-0.92327994266893,24.2855511837854,0.5,640.997210790189,640.07393084752,0.3,0.32258064516129,735.497909784317
1641,2,0.2,0.6,1,17000,200000,100,298.400630676805,302.191793707398,3.79116303059334,25.6058982802787,0.55,648.260945245625,652.052108276218,0.3,0.348837209302326,736.347670793533
1642,2,0.3,0.6,1,17000,200000,100,300.051098728833,310.218219459283,10.1671207304494,25.5109794072296,0.61,643.383049174378,653.550169904827,0.3,0.379746835443038,734.786812543869
1643,2,0.4,0.6,1,17000,200000,100,308.153196687754,321.016429543494,12.8632328557393,24.7062374795114,0.71,653.156522864264,666.019755720004,0.3,0.416666666666667,735.306598901749
1644,2,0.5,0.6,1,17000,200000,100,301.832957544961,313.312015054393,11.479057509432,22.4219229147997,0.69,650.289053155688,661.76811066512,0.3,0.461538461538462,734.341178178787
1645,2,0.1,0.7,1,17000,200000,100,313.155058132257,318.299655587928,5.14459745567122,24.3309017632727,0.58,655.887714159647,661.032311615318,0.3,0.32258064516129,739.459779977798
1646,2,0.2,0.7,1,17000,200000,100,305.134440019067,311.824738753336,6.6902987342692,23.1554668986096,0.6,648.436245971526,655.126544705795,0.3,0.348837209302326,740.002853631973
1647,2,0.3,0.7,1,17000,200000,100,303.931913692438,312.202948380142,8.27103468770355,24.0900069418085,0.63,648.502440424219,656.773475111922,0.3,0.379746835443038,741.455762863159
1648,2,0.4,0.7,1,17000,200000,100,302.453596989799,316.422875081623,13.9692780918243,25.3129913447468,0.69,650.947847502788,664.917125594612,0.3,0.416666666666667,737.648640871048
1649,2,0.5,0.7,1,17000,200000,100,294.358496971219,312.91515662281,18.5566596515916,24.6138747939495,0.78,643.974849133722,662.531508785314,0.3,0.461538461538462,739.47790646553
1650,2,0.1,0.3,2,17000,200000,100,296.172956403018,293.496264991536,-2.67669141148219,26.2574368760106,0.47,646.055823570967,643.379132159485,0.3,0.32258064516129,736.450438261032
1651,2,0.2,0.3,2,17000,200000,100,300.650842754275,304.317478300813,3.66663554653812,25.5033653320704,0.55,651.137445208641,654.804080755179,0.3,0.348837209302326,740.048135757446
1652,2,0.3,0.3,2,17000,200000,100,306.265981405737,314.466898733368,8.20091732763151,26.2329894785089,0.62,650.165330328821,658.366247656453,0.3,0.379746835443038,742.328602075577
1653,2,0.4,0.3,2,17000,200000,100,300.196084548335,310.701542165113,10.5054576167786,23.4515951584466,0.62,645.915119385435,656.420577002214,0.3,0.416666666666667,733.850234985352
1654,2,0.5,0.3,2,17000,200000,100,313.958720088609,323.147809914548,9.18908982593976,23.1407512771524,0.67,659.661276469441,668.850366295381,0.3,0.461538461538462,734.626208782196
1655,2,0.1,0.4,2,17000,200000,100,298.858421071435,303.776626477037,4.91820540560171,29.650647470233,0.59,646.706432253832,651.624637659433,0.3,0.32258064516129,740.376770496368
1656,2,0.2,0.4,2,17000,200000,100,307.53643736379,314.020663169633,6.48422580584375,25.1239220924811,0.61,653.069519506983,659.553745312827,0.3,0.348837209302326,735.902580499649
1657,2,0.3,0.4,2,17000,200000,100,305.592701608025,313.470642319199,7.87794071117378,22.4712181845427,0.57,650.817080976865,658.695021688039,0.3,0.379746835443038,732.86985039711
1658,2,0.4,0.4,2,17000,200000,100,305.395172927773,315.952965156,10.5577922282265,21.9110228681994,0.66,648.524749982671,659.082542210897,0.3,0.416666666666667,736.361473798752
1659,2,0.5,0.4,2,17000,200000,100,298.787594831105,315.397076309121,16.6094814780168,24.0246268380872,0.72,641.327088693775,657.936570171792,0.3,0.461538461538462,740.858271121979
1660,2,0.1,0.5,2,17000,200000,100,302.048929846784,303.802980808787,1.75405096200271,26.4255097770709,0.49,647.446307766957,649.200358728959,0.3,0.32258064516129,736.581078767777
1661,2,0.2,0.5,2,17000,200000,100,303.924081613082,314.542214250567,10.6181326374848,25.7178876760742,0.68,654.843590270375,665.46172290786,0.3,0.348837209302326,735.639074087143
1662,2,0.3,0.5,2,17000,200000,100,305.007435368349,315.734357750361,10.726922382012,27.1682186811472,0.64,652.463235069577,663.190157451589,0.3,0.379746835443038,735.491290092468
1663,2,0.4,0.5,2,17000,200000,100,300.922689607557,312.170892594011,11.2482029864538,23.1628892525901,0.63,645.005424144303,656.253627130757,0.3,0.416666666666667,737.764304876328
1664,2,0.5,0.5,2,17000,200000,100,298.733350915434,310.260486392213,11.5271354767792,24.5970550594258,0.68,641.75675618508,653.283891661859,0.3,0.461538461538462,733.717870473862
1665,2,0.1,0.6,2,17000,200000,100,306.524675846459,309.892667683507,3.36799183704803,26.1248727242045,0.52,649.336384319587,652.704376156635,0.3,0.32258064516129,734.583250999451
1666,2,0.2,0.6,2,17000,200000,100,301.194002521944,314.897580506558,13.703577984614,27.3202658628545,0.65,646.897450755914,660.601028740528,0.3,0.348837209302326,735.270018815994
1667,2,0.3,0.6,2,17000,200000,100,310.82603207403,319.41371972302,8.58768764898955,24.5062007083638,0.58,651.397288120134,659.984975769123,0.3,0.379746835443038,740.115689754486
1668,2,0.4,0.6,2,17000,200000,100,303.603824070674,313.32093005207,9.71710598139564,26.9544227698097,0.64,647.576552267924,657.29365824932,0.3,0.416666666666667,740.091869831085
1669,2,0.5,0.6,2,17000,200000,100,306.90022793401,317.548495887675,10.6482679536652,25.085330580776,0.64,654.511232864838,665.159500818504,0.3,0.461538461538462,734.882901906967
1670,2,0.1,0.7,2,17000,200000,100,296.504793716884,302.78994820964,6.28515449275506,25.4223474604751,0.64,644.276534403796,650.561688896551,0.3,0.32258064516129,745.692282438278
1671,2,0.2,0.7,2,17000,200000,100,288.939848579634,301.156811047326,12.2169624676922,27.4125470435783,0.69,636.098016742584,648.314979210276,0.3,0.348837209302326,739.458069086075
1672,2,0.3,0.7,2,17000,200000,100,302.101614853499,313.490580597091,11.3889657435911,28.220209773197,0.62,642.489252832445,653.878218576036,0.3,0.379746835443038,738.353992938995
1673,2,0.4,0.7,2,17000,200000,100,301.398018044677,314.240261611704,12.8422435670262,24.619970685808,0.68,647.212264585791,660.054508152817,0.3,0.416666666666667,741.754033088684
1674,2,0.5,0.7,2,17000,200000,100,304.726747997674,317.011519208108,12.2847712104342,23.8085601734651,0.7,647.165358345842,659.450129556276,0.3,0.461538461538462,737.503144741058
1675,2,0.1,0.3,3,17000,200000,100,304.154868587679,309.30832283869,5.15345425101027,22.5830976701039,0.62,649.894653793815,655.048108044825,0.3,0.32258064516129,736.855301618576
1676,2,0.2,0.3,3,17000,200000,100,293.441775633648,296.763253431232,3.3214777975838,24.8605797161535,0.57,639.435178254771,642.756656052354,0.3,0.348837209302326,733.29260802269
1677,2,0.3,0.3,3,17000,200000,100,301.971625116332,309.162533705947,7.19090858961456,25.9958652780364,0.63,646.548507803848,653.739416393462,0.3,0.379746835443038,737.987003326416
1678,2,0.4,0.3,3,17000,200000,100,304.887528890055,311.121941125028,6.2344122349731,26.1886174804879,0.64,650.20697243409,656.441384669063,0.3,0.416666666666667,763.524426698685
1679,2,0.5,0.3,3,17000,200000,100,300.657467172312,316.295988920979,15.6385217486662,26.3710666099428,0.7,641.874372251823,657.51289400049,0.3,0.461538461538462,737.993070840836
1680,2,0.1,0.4,3,17000,200000,100,300.68778766598,306.979040176998,6.2912525110189,23.9923340640615,0.61,641.527899335793,647.819151846812,0.3,0.32258064516129,735.240963220596
1681,2,0.2,0.4,3,17000,200000,100,310.603803904653,314.898961197468,4.29515729281428,24.5860229792004,0.61,658.856109726814,663.151267019629,0.3,0.348837209302326,733.936430215836
1682,2,0.3,0.4,3,17000,200000,100,304.117491774803,315.929034137723,11.8115423629199,26.4396251749603,0.7,650.36413269796,662.17567506088,0.3,0.379746835443038,734.16646194458
1683,2,0.4,0.4,3,17000,200000,100,302.592776779104,312.272135993955,9.67935921485079,26.039278906303,0.62,652.253141832971,661.932501047822,0.3,0.416666666666667,739.209210157394
1684,2,0.5,0.4,3,17000,200000,100,297.173526160085,309.890798626714,12.7172724666289,27.9601838381719,0.66,642.335837112623,655.053109579251,0.3,0.461538461538462,742.547872066498
1685,2,0.1,0.5,3,17000,200000,100,300.155014547085,309.068137658371,8.91312311128638,26.0764687585778,0.61,643.654671523534,652.56779463482,0.3,0.32258064516129,734.420478582382
1686,2,0.2,0.5,3,17000,200000,100,300.129293807286,302.657936194659,2.5286423873729,27.0328152331732,0.56,646.102160944456,648.630803331829,0.3,0.348837209302326,736.148742675781
1687,2,0.3,0.5,3,17000,200000,100,296.182104047164,305.55588618876,9.37378214159597,23.0099772653875,0.67,644.774443557874,654.14822569947,0.3,0.379746835443038,741.97976398468
1688,2,0.4,0.5,3,17000,200000,100,298.916096976264,310.41379749839,11.4977005221257,26.1114681456115,0.65,645.086785729563,656.584486251689,0.3,0.416666666666667,734.054420232773
1689,2,0.5,0.5,3,17000,200000,100,308.648483525236,318.793455288788,10.1449717635522,23.4932366871435,0.64,657.078351861667,667.223323625219,0.3,0.461538461538462,740.279418706894
1690,2,0.1,0.6,3,17000,200000,100,297.217842036727,300.928536237882,3.71069420115495,26.2187920360836,0.57,645.813504465966,649.524198667121,0.3,0.32258064516129,735.662685871124
1691,2,0.2,0.6,3,17000,200000,100,295.930431530164,300.396697411928,4.46626588176381,22.3626865839258,0.56,642.078184529233,646.544450410997,0.3,0.348837209302326,739.646520853043
1692,2,0.3,0.6,3,17000,200000,100,300.078342511893,311.504697840668,11.426355328775,27.6243266096444,0.67,644.737215189607,656.163570518382,0.3,0.379746835443038,733.674050569534
1693,2,0.4,0.6,3,17000,200000,100,309.875608025745,322.522274372832,12.6466663470873,27.1534732407043,0.71,651.9779757518,664.624642098888,0.3,0.416666666666667,735.28861284256
1694,2,0.5,0.6,3,17000,200000,100,293.639253973507,311.630545283445,17.9912913099384,24.7042900720432,0.75,642.070286143477,660.061577453416,0.3,0.461538461538462,741.86523604393
1695,2,0.1,0.7,3,17000,200000,100,293.264258832142,300.472791089929,7.20853225778688,28.503718486905,0.58,636.471431833069,643.679964090856,0.3,0.32258064516129,739.991103649139
1696,2,0.2,0.7,3,17000,200000,100,299.813215215993,305.149632732842,5.33641751684915,27.5044764338994,0.55,651.54965286088,656.886070377729,0.3,0.348837209302326,736.618581533432
1697,2,0.3,0.7,3,17000,200000,100,301.728861121524,310.358654001426,8.62979287990228,25.1080030175419,0.64,647.853629092102,656.483421972004,0.3,0.379746835443038,743.351608276367
1698,2,0.4,0.7,3,17000,200000,100,301.614175752307,310.131283723182,8.5171079708747,28.9555496948664,0.62,646.604910817314,655.122018788189,0.3,0.416666666666667,739.255106925964
1699,2,0.5,0.7,3,17000,200000,100,309.05858976319,319.623006374916,10.5644166117256,24.8471793737026,0.61,657.134726881454,667.69914349318,0.3,0.461538461538462,741.642237424851
1700,2,0.1,0.3,0,20000,200000,100,302.963284282004,311.098611690645,8.135327408641,25.598968483295,0.62,648.909591589059,657.0449189977,0.3,0.32258064516129,745.188123703003
1701,2,0.2,0.3,0,20000,200000,100,301.332570713127,306.381794078848,5.04922336572039,21.9425155627032,0.57,646.786461184211,651.835684549932,0.3,0.348837209302326,736.810533761978
1702,2,0.3,0.3,0,20000,200000,100,295.169052290537,300.376207435159,5.20715514462189,24.5248540368495,0.61,648.925035469134,654.132190613755,0.3,0.379746835443038,738.23402094841
1703,2,0.4,0.3,0,20000,200000,100,303.131519073894,311.473392188802,8.34187311490856,25.4032018347128,0.62,650.120980210059,658.462853324967,0.3,0.416666666666667,737.486153125763
1704,2,0.5,0.3,0,20000,200000,100,293.357052844752,304.592112641556,11.2350597968042,24.077376181111,0.67,642.430997729381,653.666057526185,0.3,0.461538461538462,735.224420785904
1705,2,0.1,0.4,0,20000,200000,100,296.030114230049,301.13130663306,5.10119240301039,27.6551594308458,0.54,641.714327789504,646.815520192514,0.3,0.32258064516129,737.089446544647
1706,2,0.2,0.4,0,20000,200000,100,305.410430225085,307.467483729958,2.0570535048732,22.4816065072035,0.54,649.598744212292,651.655797717165,0.3,0.348837209302326,734.674591302872
1707,2,0.3,0.4,0,20000,200000,100,306.567991394894,311.89426457076,5.32627317586635,23.1689495869175,0.56,654.228139744159,659.554412920025,0.3,0.379746835443038,739.721519470215
1708,2,0.4,0.4,0,20000,200000,100,305.321262960926,315.228438101911,9.90717514098501,26.9256030394498,0.61,653.741411332644,663.648586473629,0.3,0.416666666666667,733.153600692749
1709,2,0.5,0.4,0,20000,200000,100,301.44645599159,315.805386059145,14.3589300675547,20.1552316275162,0.76,640.623689505555,654.982619573109,0.3,0.461538461538462,735.197877407074
1710,2,0.1,0.5,0,20000,200000,100,307.76273329463,306.222833585845,-1.53989970878471,23.0197680659256,0.48,655.936993105707,654.397093396922,0.3,0.32258064516129,736.339725732803
1711,2,0.2,0.5,0,20000,200000,100,310.90623317365,316.650283816955,5.74405064330568,22.189433416522,0.56,655.560670539557,661.304721182862,0.3,0.348837209302326,774.401987075806
1712,2,0.3,0.5,0,20000,200000,100,290.264486590912,300.666981067774,10.4024944768612,28.3163413982381,0.61,634.555186794095,644.957681270956,0.3,0.379746835443038,734.453091621399
1713,2,0.4,0.5,0,20000,200000,100,285.672059619111,295.464277588231,9.79221796911945,22.8300866805774,0.66,634.156847987763,643.949065956883,0.3,0.416666666666667,740.353613615036
1714,2,0.5,0.5,0,20000,200000,100,303.020404731156,310.029098297919,7.00869356676315,20.8150817497908,0.69,650.019549176267,657.02824274303,0.3,0.461538461538462,734.597822189331
1715,2,0.1,0.6,0,20000,200000,100,312.222163904278,317.480775702613,5.25861179833507,25.5100095535114,0.59,656.209563388692,661.468175187027,0.3,0.32258064516129,744.25087928772
1716,2,0.2,0.6,0,20000,200000,100,308.504847314548,308.814487243919,0.309639929370264,23.9955887075102,0.53,655.360043595883,655.669683525253,0.3,0.348837209302326,744.180826425552
1717,2,0.3,0.6,0,20000,200000,100,307.415056900353,313.078772694531,5.66371579417727,21.9602324513819,0.57,656.640224678256,662.303940472433,0.3,0.379746835443038,734.512393712998
1718,2,0.4,0.6,0,20000,200000,100,295.394068776216,311.510576992127,16.116508215911,29.2671631327547,0.71,648.282055883543,664.398564099454,0.3,0.416666666666667,745.858777046204
1719,2,0.5,0.6,0,20000,200000,100,301.438343061598,317.349755139132,15.9114120775344,28.210042097594,0.67,643.849980180231,659.761392257765,0.3,0.461538461538462,738.508954763413
1720,2,0.1,0.7,0,20000,200000,100,292.927140903656,297.807655462945,4.88051455928969,25.021812257203,0.6,640.939967878186,645.820482437476,0.3,0.32258064516129,737.16922211647
1721,2,0.2,0.7,0,20000,200000,100,288.699810697176,296.613585053378,7.91377435620246,26.0877151789134,0.58,636.14754837512,644.061322731322,0.3,0.348837209302326,744.067805051804
1722,2,0.3,0.7,0,20000,200000,100,301.387638614362,317.082916442647,15.695277828285,28.7414349780004,0.66,649.695494408665,665.39077223695,0.3,0.379746835443038,736.854470252991
1723,2,0.4,0.7,0,20000,200000,100,309.890766823783,317.489599053154,7.59883222937072,24.6867288564957,0.61,655.425667390724,663.024499620094,0.3,0.416666666666667,747.669167041779
1724,2,0.5,0.7,0,20000,200000,100,305.479041867271,322.16165210615,16.6826102388788,25.839284151026,0.75,649.555943070083,666.238553308962,0.3,0.461538461538462,736.850610017777
1725,2,0.1,0.3,1,20000,200000,100,289.109530425165,292.045067751759,2.93553732659441,22.1118427666535,0.55,643.26935855576,646.204895882354,0.3,0.32258064516129,737.020240068436
1726,2,0.2,0.3,1,20000,200000,100,300.338307715563,306.475291771861,6.13698405629733,21.6316268364058,0.6,642.932966733395,649.069950789692,0.3,0.348837209302326,733.692855834961
1727,2,0.3,0.3,1,20000,200000,100,297.764804731545,309.129179514092,11.3643747825468,25.4074531860543,0.67,640.189550229633,651.55392501218,0.3,0.379746835443038,736.414391040802
1728,2,0.4,0.3,1,20000,200000,100,303.916462323444,311.56390821099,7.64744588754599,23.303341705512,0.64,650.535169314311,658.182615201857,0.3,0.416666666666667,736.808167695999
1729,2,0.5,0.3,1,20000,200000,100,309.825016159438,319.52574660609,9.70073044665146,24.2611839313026,0.61,653.529452587786,663.230183034437,0.3,0.461538461538462,739.57820892334
1730,2,0.1,0.4,1,20000,200000,100,297.602221685021,300.007950722181,2.40572903716013,22.711736557488,0.55,644.718678100978,647.124407138138,0.3,0.32258064516129,739.527163505554
1731,2,0.2,0.4,1,20000,200000,100,300.018277718967,305.52808673672,5.50980901775284,25.7889244736175,0.58,649.749728290759,655.259537308512,0.3,0.348837209302326,748.739857196808
1732,2,0.3,0.4,1,20000,200000,100,304.522904183409,311.701895057469,7.17899087405991,23.8244067035552,0.61,648.296094460687,655.475085334747,0.3,0.379746835443038,753.67738366127
1733,2,0.4,0.4,1,20000,200000,100,301.353183675361,310.929959952315,9.57677627695367,25.1189433825177,0.61,647.152919079279,656.729695356233,0.3,0.416666666666667,737.384896755219
1734,2,0.5,0.4,1,20000,200000,100,286.531057206491,301.579750521219,15.0486933147276,30.6837860590929,0.71,637.459483661174,652.508176975901,0.3,0.461538461538462,741.341599464417
1735,2,0.1,0.5,1,20000,200000,100,295.301048476899,295.410785169572,0.109736692673439,20.909322213575,0.54,638.545103795766,638.65484048844,0.3,0.32258064516129,738.905109167099
1736,2,0.2,0.5,1,20000,200000,100,299.900490295193,304.011929588563,4.11143929337006,27.3437279838976,0.54,653.246800078752,657.358239372122,0.3,0.348837209302326,742.791753530502
1737,2,0.3,0.5,1,20000,200000,100,299.168600781214,301.570697588062,2.40209680684813,28.036710194467,0.47,649.814843698069,652.216940504917,0.3,0.379746835443038,738.178031206131
1738,2,0.4,0.5,1,20000,200000,100,303.733257671139,313.512787105727,9.77952943458729,25.2414669801294,0.68,646.50117525592,656.280704690508,0.3,0.416666666666667,736.386718511581
1739,2,0.5,0.5,1,20000,200000,100,309.968659742691,322.11909382381,12.1504340811188,25.5044754408016,0.62,650.24766021387,662.398094294989,0.3,0.461538461538462,738.360920906067
1740,2,0.1,0.6,1,20000,200000,100,296.814102269116,298.745742858021,1.93164058890564,24.7145332446018,0.46,642.997196822895,644.928837411801,0.3,0.32258064516129,739.008814334869
1741,2,0.2,0.6,1,20000,200000,100,305.806701397309,311.928455552066,6.12175415475712,23.1122800839074,0.59,653.642859175965,659.764613330722,0.3,0.348837209302326,736.375884056091
1742,2,0.3,0.6,1,20000,200000,100,305.158087966871,317.858661422559,12.7005734556885,24.7550493686521,0.72,652.819299879242,665.51987333493,0.3,0.379746835443038,734.370651960373
1743,2,0.4,0.6,1,20000,200000,100,300.104543216663,309.843571240107,9.73902802344424,25.493011773711,0.58,645.259976544879,654.999004568323,0.3,0.416666666666667,736.980863571167
1744,2,0.5,0.6,1,20000,200000,100,290.774066303102,303.532942161125,12.7588758580224,24.7392566487498,0.67,640.304740270703,653.063616128725,0.3,0.461538461538462,737.327069282532
1745,2,0.1,0.7,1,20000,200000,100,308.972414005159,310.676292375197,1.70387837003782,26.8213296046376,0.53,652.304399867029,654.008278237067,0.3,0.32258064516129,746.137659311295
1746,2,0.2,0.7,1,20000,200000,100,305.166957896249,313.898901538961,8.73194364271139,25.6828192596467,0.6,647.947116043999,656.679059686711,0.3,0.348837209302326,747.148580551148
1747,2,0.3,0.7,1,20000,200000,100,300.754468453428,313.23701824215,12.4825497887218,25.3220342270432,0.68,647.374263667046,659.856813455768,0.3,0.379746835443038,755.772727012634
1748,2,0.4,0.7,1,20000,200000,100,301.426327138504,312.721622296204,11.2952951576999,30.5156885611256,0.62,648.849298266019,660.144593423719,0.3,0.416666666666667,759.531244039536
1749,2,0.5,0.7,1,20000,200000,100,302.538508712542,315.952990153612,13.4144814410701,24.30674589706,0.64,649.602795993648,663.017277434718,0.3,0.461538461538462,745.285088062286
1750,2,0.1,0.3,2,20000,200000,100,310.603397841815,311.427989936221,0.824592094405855,26.3690584838138,0.41,654.404851074937,655.229443169343,0.3,0.32258064516129,740.749495983124
1751,2,0.2,0.3,2,20000,200000,100,304.267864579398,312.259001556104,7.9911369767056,27.0751411529182,0.61,650.238537209333,658.229674186039,0.3,0.348837209302326,738.703204154968
1752,2,0.3,0.3,2,20000,200000,100,303.801794207319,314.487529968635,10.6857357613157,23.2775490633932,0.66,655.540557359446,666.226293120762,0.3,0.379746835443038,740.708402395249
1753,2,0.4,0.3,2,20000,200000,100,298.919245882255,311.081082850719,12.1618369684639,27.7875555417795,0.67,647.41140838442,659.573245352883,0.3,0.416666666666667,740.408109426498
1754,2,0.5,0.3,2,20000,200000,100,309.271479740482,322.850571162433,13.5790914219515,27.447203737803,0.66,656.121719479761,669.700810901713,0.3,0.461538461538462,739.977705478668
1755,2,0.1,0.4,2,20000,200000,100,301.090542583871,305.403858020149,4.31331543627724,24.6193529860976,0.46,645.734265929578,650.047581365855,0.3,0.32258064516129,738.337329387665
1756,2,0.2,0.4,2,20000,200000,100,310.238652223634,313.727140082349,3.48848785871439,24.0945562984794,0.54,651.210888983772,654.699376842487,0.3,0.348837209302326,738.45184469223
1757,2,0.3,0.4,2,20000,200000,100,305.835411380098,311.473460815755,5.63804943565684,23.6529092824438,0.61,651.214815396765,656.852864832422,0.3,0.379746835443038,736.138813018799
1758,2,0.4,0.4,2,20000,200000,100,300.673209144046,309.211747216697,8.53853807265126,23.7648527173978,0.64,643.318865532753,651.857403605404,0.3,0.416666666666667,735.135136842728
1759,2,0.5,0.4,2,20000,200000,100,310.994304718969,326.540419172175,15.5461144532065,24.1492748057091,0.75,660.183280272679,675.729394725885,0.3,0.461538461538462,735.107208967209
1760,2,0.1,0.5,2,20000,200000,100,311.914359829236,310.52475011247,-1.38960971676644,20.6121316936761,0.45,658.415686224988,657.026076508221,0.3,0.32258064516129,734.419156551361
1761,2,0.2,0.5,2,20000,200000,100,308.925402201868,312.467237561448,3.54183535958036,25.8535299513655,0.52,656.669889428219,660.2117247878,0.3,0.348837209302326,740.923001050949
1762,2,0.3,0.5,2,20000,200000,100,295.414927990598,304.192244134511,8.7773161439133,24.1276851750324,0.64,645.404693186041,654.182009329954,0.3,0.379746835443038,738.518525600433
1763,2,0.4,0.5,2,20000,200000,100,307.346742475093,318.689300931853,11.3425584567599,29.1465691202951,0.64,653.59045812617,664.93301658293,0.3,0.416666666666667,752.309895038605
1764,2,0.5,0.5,2,20000,200000,100,286.49977977645,301.392113196594,14.8923334201434,23.9537453714366,0.75,630.777640421811,645.669973841954,0.3,0.461538461538462,755.779937744141
1765,2,0.1,0.6,2,20000,200000,100,296.833148238198,304.762642327059,7.92949408886105,25.4113223458278,0.6,642.684646446526,650.614140535387,0.3,0.32258064516129,745.7570271492
1766,2,0.2,0.6,2,20000,200000,100,309.109379302377,314.616484966069,5.50710566369161,26.5339096769782,0.57,655.609798978401,661.116904642093,0.3,0.348837209302326,737.273689746857
1767,2,0.3,0.6,2,20000,200000,100,299.287618072543,310.589850897985,11.3022328254415,30.3309523012449,0.62,645.549758151876,656.851990977317,0.3,0.379746835443038,737.425783872604
1768,2,0.4,0.6,2,20000,200000,100,311.192309011511,320.495917289303,9.30360827779224,27.2419813443019,0.59,656.574870337435,665.878478615228,0.3,0.416666666666667,738.512897253037
1769,2,0.5,0.6,2,20000,200000,100,297.965583497244,311.582801499976,13.6172180027321,23.8875789229155,0.67,644.320139769941,657.937357772673,0.3,0.461538461538462,737.613700866699
1770,2,0.1,0.7,2,20000,200000,100,307.487447077029,317.054390075115,9.56694299808583,31.7464160173726,0.62,653.383732921344,662.95067591943,0.3,0.32258064516129,742.065610170364
1771,2,0.2,0.7,2,20000,200000,100,315.440897929208,322.051474092594,6.61057616338645,26.2524002872127,0.58,656.854080945301,663.464657108687,0.3,0.348837209302326,743.584985017777
1772,2,0.3,0.7,2,20000,200000,100,303.653234573563,312.98141291507,9.32817834150619,26.7137469869316,0.6,647.420319931623,656.748498273129,0.3,0.379746835443038,741.687250375748
1773,2,0.4,0.7,2,20000,200000,100,313.30721275793,326.554449704885,13.2472369469546,25.4912949754113,0.69,656.748068594195,669.995305541149,0.3,0.416666666666667,739.248852729797
1774,2,0.5,0.7,2,20000,200000,100,295.225612267924,310.648108342012,15.4224960740876,25.643735257086,0.7,644.955013290349,660.377509364437,0.3,0.461538461538462,740.324959993362
1775,2,0.1,0.3,3,20000,200000,100,306.598970200911,313.171157258367,6.57218705745559,25.4905744588085,0.58,646.077908858194,652.65009591565,0.3,0.32258064516129,734.728090047836
1776,2,0.2,0.3,3,20000,200000,100,317.180113719176,320.619261250378,3.43914753120235,28.8452072103963,0.55,659.236156671644,662.675304202847,0.3,0.348837209302326,738.362295389175
1777,2,0.3,0.3,3,20000,200000,100,304.530098231634,311.615400497044,7.08530226540987,24.5239498368269,0.57,645.873720151972,652.959022417382,0.3,0.379746835443038,740.935132741928
1778,2,0.4,0.3,3,20000,200000,100,314.156549567631,328.096733089786,13.9401835221548,29.2424058335302,0.65,659.153642126604,673.093825648759,0.3,0.416666666666667,739.301682472229
1779,2,0.5,0.3,3,20000,200000,100,299.737405410572,311.329246495864,11.5918410852918,22.2616926102026,0.73,647.155827402246,658.747668487538,0.3,0.461538461538462,752.028711795807
1780,2,0.1,0.4,3,20000,200000,100,292.67830567901,297.753946844042,5.07564116503207,26.8862655358774,0.58,641.66650146053,646.742142625562,0.3,0.32258064516129,755.665217161179
1781,2,0.2,0.4,3,20000,200000,100,306.572281544685,307.84709734771,1.27481580302533,23.8369948372957,0.5,654.191315211775,655.4661310148,0.3,0.348837209302326,762.231871366501
1782,2,0.3,0.4,3,20000,200000,100,298.151863466013,302.765424333166,4.61356086715369,23.6823714587946,0.58,646.999607066986,651.61316793414,0.3,0.379746835443038,735.98676109314
1783,2,0.4,0.4,3,20000,200000,100,303.926886773838,314.749755016835,10.8228682429975,25.5794602630677,0.63,651.53366025202,662.356528495018,0.3,0.416666666666667,736.385239124298
1784,2,0.5,0.4,3,20000,200000,100,299.520813329722,311.104637614773,11.5838242850513,22.2651897034362,0.7,641.230705872974,652.814530158025,0.3,0.461538461538462,739.695271968842
1785,2,0.1,0.5,3,20000,200000,100,294.864418289825,300.988339475682,6.12392118585659,27.4282463131891,0.51,641.795261379433,647.91918256529,0.3,0.32258064516129,740.625738143921
1786,2,0.2,0.5,3,20000,200000,100,304.270183379707,311.664435652529,7.39425227282218,23.3467682716764,0.62,646.515048926483,653.909301199305,0.3,0.348837209302326,778.084711551666
1787,2,0.3,0.5,3,20000,200000,100,296.614538853843,306.162127504404,9.54758865056149,27.191292921655,0.62,646.39887926584,655.946467916402,0.3,0.379746835443038,739.9770424366
1788,2,0.4,0.5,3,20000,200000,100,295.987450731165,311.570506056215,15.5830553250501,23.3393010711665,0.75,640.822156375307,656.405211700357,0.3,0.416666666666667,738.64640212059
1789,2,0.5,0.5,3,20000,200000,100,305.673773779669,320.319258004305,14.6454842246358,22.6266996153921,0.78,650.091268419763,664.736752644399,0.3,0.461538461538462,736.542675256729
1790,2,0.1,0.6,3,20000,200000,100,297.6408943155,302.059170611916,4.41827629641636,25.3890036355575,0.59,642.991595376389,647.409871672805,0.3,0.32258064516129,742.529464483261
1791,2,0.2,0.6,3,20000,200000,100,300.352296790233,307.756644514308,7.40434772407547,24.2759541129888,0.61,647.435824490767,654.840172214842,0.3,0.348837209302326,746.146307229996
1792,2,0.3,0.6,3,20000,200000,100,304.89138743336,312.913990367465,8.02260293410585,26.3130756846517,0.6,646.448295349195,654.4708982833,0.3,0.379746835443038,740.970383405685
1793,2,0.4,0.6,3,20000,200000,100,301.902937637251,314.859195540945,12.9562579036938,25.2074686740304,0.73,647.384442962934,660.340700866628,0.3,0.416666666666667,738.787205457687
1794,2,0.5,0.6,3,20000,200000,100,304.274447147981,320.282573775739,16.0081266277579,24.4521947532237,0.74,645.036984028384,661.045110656141,0.3,0.461538461538462,740.799376249313
1795,2,0.1,0.7,3,20000,200000,100,303.747451842056,309.934814933898,6.18736309184158,23.1132183454199,0.59,652.81710564495,659.004468736791,0.3,0.32258064516129,755.31261754036
1796,2,0.2,0.7,3,20000,200000,100,298.066001541633,307.758091829532,9.69209028789915,26.0146777283071,0.64,644.965968374542,654.658058662441,0.3,0.348837209302326,756.675995111466
1797,2,0.3,0.7,3,20000,200000,100,305.064675014219,315.78160563588,10.7169306216605,28.2756533071139,0.63,648.941116806733,659.658047428393,0.3,0.379746835443038,749.445414066315
1798,2,0.4,0.7,3,20000,200000,100,308.018230736487,319.53132954671,11.5130988102221,27.1439775114589,0.64,650.08632726971,661.599426079932,0.3,0.416666666666667,746.573661327362
1799,2,0.5,0.7,3,20000,200000,100,303.971707667906,319.22910581804,15.2573981501345,26.9860392930074,0.72,648.374443030905,663.631841181039,0.3,0.461538461538462,743.5212225914
1800,2,0.1,0.3,0,3000,300000,100,307.686899202964,311.345441254313,3.6585420513489,29.2667009528232,0.5,652.262856566656,655.921398618005,0.3,0.32258064516129,740.743826627731
1801,2,0.2,0.3,0,3000,300000,100,296.832365353585,305.881969822786,9.0496044692011,19.6311203669271,0.66,644.433223681254,653.482828150456,0.3,0.348837209302326,740.49634718895
1802,2,0.3,0.3,0,3000,300000,100,300.780898777513,309.251674460561,8.47077568304785,26.3819947256517,0.58,648.615388588258,657.086164271306,0.3,0.379746835443038,740.484916448593
1803,2,0.4,0.3,0,3000,300000,100,309.393126375744,319.816672524044,10.4235461483,23.2966763928487,0.66,655.023728275195,665.447274423495,0.3,0.416666666666667,738.226102113724
1804,2,0.5,0.3,0,3000,300000,100,306.247632578423,316.749720366736,10.5020877883132,24.1816054270207,0.67,650.73242177317,661.234509561483,0.3,0.461538461538462,738.306014299393
1805,2,0.1,0.4,0,3000,300000,100,308.433696028059,309.402124461167,0.96842843310729,25.7343163992145,0.44,655.524061155806,656.492489588914,0.3,0.32258064516129,736.150899171829
1806,2,0.2,0.4,0,3000,300000,100,302.47069755009,306.092748821076,3.62205127098613,23.2549035355351,0.59,649.156459088063,652.778510359049,0.3,0.348837209302326,736.365659236908
1807,2,0.3,0.4,0,3000,300000,100,300.816397597442,305.217006304872,4.40060870743013,25.082917360473,0.61,647.476849513461,651.877458220891,0.3,0.379746835443038,736.905372142792
1808,2,0.4,0.4,0,3000,300000,100,301.328721138937,310.120226929281,8.79150579034366,25.1412181408914,0.64,645.806210573405,654.597716363749,0.3,0.416666666666667,736.090742349625
1809,2,0.5,0.4,0,3000,300000,100,298.790893821967,309.311613729072,10.5207199071049,24.2074830901431,0.7,643.944475017814,654.465194924919,0.3,0.461538461538462,743.74644613266
1810,2,0.1,0.5,0,3000,300000,100,306.689378040269,308.301984745908,1.61260670563909,24.624712549167,0.52,653.157140384563,654.769747090202,0.3,0.32258064516129,745.101858854294
1811,2,0.2,0.5,0,3000,300000,100,304.460349705933,314.483065215096,10.022715509163,28.7434160722424,0.61,649.048362288412,659.071077797575,0.3,0.348837209302326,756.79611492157
1812,2,0.3,0.5,0,3000,300000,100,299.857067795015,306.658274975148,6.80120718013294,25.7653817837813,0.57,643.386203107997,650.18741028813,0.3,0.379746835443038,757.213468551636
1813,2,0.4,0.5,0,3000,300000,100,301.937220340661,309.091173410523,7.15395306986219,22.2837260564407,0.6,648.543676571573,655.697629641435,0.3,0.416666666666667,745.374071359634
1814,2,0.5,0.5,0,3000,300000,100,302.87640569897,308.714969956985,5.83856425801459,23.9172437595099,0.63,650.496691311243,656.335255569258,0.3,0.461538461538462,743.997780561447
1815,2,0.1,0.6,0,3000,300000,100,307.075619915192,310.277105542277,3.20148562708486,22.9713199262133,0.51,654.024790543722,657.226276170807,0.3,0.32258064516129,741.224882125855
1816,2,0.2,0.6,0,3000,300000,100,299.006516183836,305.399801969966,6.3932857861298,25.8275455575956,0.55,643.463287175761,649.856572961891,0.3,0.348837209302326,744.873851537705
1817,2,0.3,0.6,0,3000,300000,100,307.095661487449,316.721216467107,9.62555497965888,28.9125089626257,0.61,649.985406884873,659.610961864532,0.3,0.379746835443038,743.531132459641
1818,2,0.4,0.6,0,3000,300000,100,307.020090806473,318.780284290081,11.7601934836077,27.3864849994136,0.62,649.80375346539,661.563946948997,0.3,0.416666666666667,741.684569120407
1819,2,0.5,0.6,0,3000,300000,100,300.916104912452,313.050636003495,12.1345310910431,24.6117480857466,0.67,646.471913805327,658.60644489637,0.3,0.461538461538462,742.326824188232
1820,2,0.1,0.7,0,3000,300000,100,303.930423172642,309.615901112121,5.68547793947888,24.6675432152938,0.59,649.87404668206,655.559524621539,0.3,0.32258064516129,744.843355894089
1821,2,0.2,0.7,0,3000,300000,100,313.321673301252,317.290242348238,3.96856904698635,24.7932853660947,0.57,654.411295168438,658.379864215424,0.3,0.348837209302326,741.841439723969
1822,2,0.3,0.7,0,3000,300000,100,307.164342666947,314.828216406336,7.66387373938974,29.1242571896865,0.61,653.86087333043,661.524747069819,0.3,0.379746835443038,739.806099414825
1823,2,0.4,0.7,0,3000,300000,100,306.890363217485,315.676677047294,8.78631382980881,24.6027027641511,0.63,652.678934688222,661.46524851803,0.3,0.416666666666667,738.595850706101
1824,2,0.5,0.7,0,3000,300000,100,302.653053379158,316.319006901854,13.665953522696,25.5611877594181,0.73,648.120877763284,661.78683128598,0.3,0.461538461538462,740.141213655472
1825,2,0.1,0.3,1,3000,300000,100,298.429431607479,299.660231126105,1.23079951862593,22.704304039015,0.5,646.654710633213,647.885510151839,0.3,0.32258064516129,743.917909860611
1826,2,0.2,0.3,1,3000,300000,100,304.260058797523,306.02269605886,1.7626372613366,21.280590284222,0.55,652.736189475062,654.498826736398,0.3,0.348837209302326,738.287223100662
1827,2,0.3,0.3,1,3000,300000,100,309.827438363603,311.317888038357,1.49044967475447,17.8415030048241,0.5,652.2889813849,653.779431059654,0.3,0.379746835443038,751.002483606339
1828,2,0.4,0.3,1,3000,300000,100,305.943896367854,316.283018827741,10.3391224598873,24.6909531758631,0.66,651.867977457378,662.207099917265,0.3,0.416666666666667,754.747938632965
1829,2,0.5,0.3,1,3000,300000,100,302.527091263281,311.552637942553,9.02554667927135,20.6405238944682,0.65,648.397716356508,657.42326303578,0.3,0.461538461538462,750.190656423569
1830,2,0.1,0.4,1,3000,300000,100,313.990218282565,311.062488750346,-2.92772953221919,21.2805038003349,0.39,660.015208494238,657.087478962019,0.3,0.32258064516129,738.99445772171
1831,2,0.2,0.4,1,3000,300000,100,294.717880077113,303.886167938435,9.16828786132201,23.9975560657245,0.6,643.560829913383,652.729117774705,0.3,0.348837209302326,737.75136756897
1832,2,0.3,0.4,1,3000,300000,100,304.464315078671,312.41614957084,7.95183449216883,31.3399048038447,0.6,648.711125935424,656.662960427592,0.3,0.379746835443038,738.900881767273
1833,2,0.4,0.4,1,3000,300000,100,310.032522909502,317.758502270715,7.72597936121302,24.0331822126361,0.62,650.441422842079,658.167402203292,0.3,0.416666666666667,739.040883302689
1834,2,0.5,0.4,1,3000,300000,100,298.225239102377,312.771779207305,14.5465401049283,25.9625592021935,0.73,645.79948480912,660.346024914048,0.3,0.461538461538462,775.402604818344
1835,2,0.1,0.5,1,3000,300000,100,303.974187455313,310.25836324881,6.28417579349747,28.5014684820137,0.59,646.354366630853,652.638542424351,0.3,0.32258064516129,742.869410276413
1836,2,0.2,0.5,1,3000,300000,100,311.670522349737,318.144803243673,6.47428089393576,22.8346938014086,0.64,653.864102104585,660.338382998521,0.3,0.348837209302326,741.733313322067
1837,2,0.3,0.5,1,3000,300000,100,308.387937475018,315.799735184242,7.41179770922422,24.507632455619,0.63,652.578934859101,659.990732568325,0.3,0.379746835443038,739.062457084656
1838,2,0.4,0.5,1,3000,300000,100,313.204820234922,320.104758962692,6.89993872777048,23.729515430263,0.62,658.898566784945,665.798505512715,0.3,0.416666666666667,741.214393138886
1839,2,0.5,0.5,1,3000,300000,100,314.125540527172,322.615932944321,8.49039241714951,21.2062817502168,0.61,657.687505628354,666.177898045504,0.3,0.461538461538462,741.725979566574
1840,2,0.1,0.6,1,3000,300000,100,296.767583748509,305.870185150175,9.10260140166615,24.0166955124546,0.65,646.164653231522,655.267254633188,0.3,0.32258064516129,738.800195932388
1841,2,0.2,0.6,1,3000,300000,100,303.647386037969,309.426098181245,5.7787121432768,26.9348526129425,0.56,648.570607954941,654.349320098218,0.3,0.348837209302326,743.795326471329
1842,2,0.3,0.6,1,3000,300000,100,298.922142341022,311.378434522665,12.4562921816432,28.3356520273255,0.68,644.051903845414,656.508196027057,0.3,0.379746835443038,743.832526445389
1843,2,0.4,0.6,1,3000,300000,100,315.65945193517,325.157641324694,9.49818938952405,24.8034949552542,0.58,662.383547230434,671.881736619958,0.3,0.416666666666667,757.169728279114
1844,2,0.5,0.6,1,3000,300000,100,313.163013650094,325.392676655301,12.2296630052065,22.7127486393876,0.69,658.447113608559,670.676776613765,0.3,0.461538461538462,757.862331628799
1845,2,0.1,0.7,1,3000,300000,100,313.03306426107,318.614420456828,5.5813561957582,26.0492302906499,0.58,655.253278878744,660.834635074502,0.3,0.32258064516129,765.485171079636
1846,2,0.2,0.7,1,3000,300000,100,296.974282420844,308.758045099722,11.7837626788783,26.5454831389292,0.69,643.736871521754,655.520634200633,0.3,0.348837209302326,743.831822633743
1847,2,0.3,0.7,1,3000,300000,100,294.620598393462,305.428365771994,10.8077673785315,25.1052332371923,0.66,641.293561355263,652.101328733794,0.3,0.379746835443038,744.021960020065
1848,2,0.4,0.7,1,3000,300000,100,300.142583865342,307.789381445653,7.6467975803118,25.5811931823123,0.58,650.849331345288,658.4961289256,0.3,0.416666666666667,744.884810209274
1849,2,0.5,0.7,1,3000,300000,100,309.639875793184,316.380379844451,6.74050405126635,25.1747093053549,0.62,656.997079879615,663.737583930881,0.3,0.461538461538462,744.305305719376
1850,2,0.1,0.3,2,3000,300000,100,305.669078178454,306.464595105598,0.795516927143385,25.409922945187,0.51,653.161674801705,653.957191728848,0.3,0.32258064516129,745.569453239441
1851,2,0.2,0.3,2,3000,300000,100,300.136320734796,303.669273448309,3.53295271351275,18.4863006538304,0.56,647.460529606907,650.99348232042,0.3,0.348837209302326,737.871952772141
1852,2,0.3,0.3,2,3000,300000,100,301.976349361939,308.09178302091,6.11543365897096,21.3834401632752,0.57,647.4825324142,653.597966073171,0.3,0.379746835443038,736.494006633759
1853,2,0.4,0.3,2,3000,300000,100,306.525342399676,317.16654692006,10.6412045203839,24.9721139226789,0.69,650.72477714842,661.365981668804,0.3,0.416666666666667,733.620418787003
1854,2,0.5,0.3,2,3000,300000,100,300.056544086755,309.455903520682,9.3993594339263,25.2052143943843,0.65,647.748331216904,657.14769065083,0.3,0.461538461538462,735.425009012222
1855,2,0.1,0.4,2,3000,300000,100,303.862250148003,301.962613200739,-1.89963694726398,22.2662524799953,0.41,649.725856363292,647.826219416027,0.3,0.32258064516129,735.057621002197
1856,2,0.2,0.4,2,3000,300000,100,300.824151946827,305.79107735391,4.96692540708361,24.1958013344635,0.57,642.508666716112,647.475592123195,0.3,0.348837209302326,738.007545232773
1857,2,0.3,0.4,2,3000,300000,100,301.014186589688,310.210703538816,9.19651694912822,27.3063805380732,0.56,648.408157975497,657.604674924625,0.3,0.379746835443038,739.074266672134
1858,2,0.4,0.4,2,3000,300000,100,309.763667996718,320.666209763348,10.9025417666297,26.9930130115058,0.66,655.959748276358,666.862290042987,0.3,0.416666666666667,740.178151130676
1859,2,0.5,0.4,2,3000,300000,100,306.573619161028,314.776472093231,8.20285293220321,24.2385077479916,0.61,651.231087699191,659.433940631394,0.3,0.461538461538462,751.495186805725
1860,2,0.1,0.5,2,3000,300000,100,307.739344896065,312.804765224721,5.06542032865592,26.6385690021018,0.58,654.307859280877,659.373279609533,0.3,0.32258064516129,758.321527481079
1861,2,0.2,0.5,2,3000,300000,100,309.430469958131,314.800559353858,5.37008939572663,27.5890613306088,0.51,654.376082215261,659.746171610987,0.3,0.348837209302326,742.893096923828
1862,2,0.3,0.5,2,3000,300000,100,305.76681602365,311.051143659317,5.28432763566658,26.0106680033601,0.58,648.373809804321,653.658137439988,0.3,0.379746835443038,747.533432245255
1863,2,0.4,0.5,2,3000,300000,100,300.449027021946,307.400301760712,6.95127473876609,24.9412376552511,0.62,646.955732075542,653.907006814308,0.3,0.416666666666667,743.234826803207
1864,2,0.5,0.5,2,3000,300000,100,302.001952329506,310.881677566455,8.87972523694855,24.2071877913409,0.65,648.912074911398,657.791800148347,0.3,0.461538461538462,745.173321723938
1865,2,0.1,0.6,2,3000,300000,100,306.058489547136,309.640437268688,3.58194772155138,28.3627980226783,0.49,651.179940041891,654.761887763442,0.3,0.32258064516129,745.204109668732
1866,2,0.2,0.6,2,3000,300000,100,289.837438984096,295.935959187144,6.09852020304806,23.6647515268097,0.6,641.090962085586,647.189482288634,0.3,0.348837209302326,741.244899749756
1867,2,0.3,0.6,2,3000,300000,100,294.680874345911,304.259543134829,9.57866878891854,25.8993748037487,0.64,644.793608422009,654.372277210928,0.3,0.379746835443038,743.734492301941
1868,2,0.4,0.6,2,3000,300000,100,306.717614732691,315.58647893075,8.86886419805859,25.3573203404991,0.64,651.153104743387,660.021968941445,0.3,0.416666666666667,742.542998552322
1869,2,0.5,0.6,2,3000,300000,100,307.45211910414,319.564969711096,12.1128506069551,24.0018512256841,0.66,651.656936004995,663.76978661195,0.3,0.461538461538462,743.091881990433
1870,2,0.1,0.7,2,3000,300000,100,298.710915349249,305.840201786851,7.12928643760269,24.7607985058752,0.59,641.885646962811,649.014933400413,0.3,0.32258064516129,739.807214736939
1871,2,0.2,0.7,2,3000,300000,100,305.133516099616,315.659402297818,10.5258861982019,26.6046555004429,0.61,648.703484941799,659.22937114,0.3,0.348837209302326,738.47375535965
1872,2,0.3,0.7,2,3000,300000,100,301.693734196681,311.12861121987,9.43487702318895,26.96376945996,0.67,650.248729857109,659.683606880298,0.3,0.379746835443038,742.247905492783
1873,2,0.4,0.7,2,3000,300000,100,302.61671951975,314.381107781192,11.7643882614419,23.5781182662712,0.68,645.649143822653,657.413532084095,0.3,0.416666666666667,743.38304066658
1874,2,0.5,0.7,2,3000,300000,100,307.205974224358,314.750973601306,7.54499937694767,24.7033161111594,0.6,652.509654170437,660.054653547385,0.3,0.461538461538462,745.475160598755
1875,2,0.1,0.3,3,3000,300000,100,304.576407117812,302.740622540971,-1.83578457684072,27.7454433516408,0.49,650.171361281394,648.335576704553,0.3,0.32258064516129,757.104592084885
1876,2,0.2,0.3,3,3000,300000,100,309.738957152869,314.938570002749,5.19961284987963,20.104460654471,0.67,652.691876761181,657.891489611061,0.3,0.348837209302326,754.262143850327
1877,2,0.3,0.3,3,3000,300000,100,308.133637297897,317.495945188033,9.36230789013511,23.5129141994509,0.66,652.350576947182,661.712884837317,0.3,0.379746835443038,738.775495529175
1878,2,0.4,0.3,3,3000,300000,100,308.485883584249,318.523170458269,10.0372868740199,29.3218255955108,0.6,653.020750185657,663.058037059677,0.3,0.416666666666667,737.280940532684
1879,2,0.5,0.3,3,3000,300000,100,296.047998604384,305.955440710758,9.90744210637348,25.9567652675853,0.63,642.774061166851,652.681503273225,0.3,0.461538461538462,738.494771957398
1880,2,0.1,0.4,3,3000,300000,100,316.108365502851,313.603397942542,-2.50496756030876,25.6566668608723,0.46,657.506267844384,655.001300284076,0.3,0.32258064516129,739.38826584816
1881,2,0.2,0.4,3,3000,300000,100,307.784832093076,313.506510258706,5.72167816563007,25.6888247826756,0.49,655.670811162002,661.392489327632,0.3,0.348837209302326,738.843238592148
1882,2,0.3,0.4,3,3000,300000,100,304.350399823011,317.708090601941,13.35769077893,25.1419478360256,0.7,646.980147583343,660.337838362273,0.3,0.379746835443038,737.655039310455
1883,2,0.4,0.4,3,3000,300000,100,309.301205194011,322.382901105498,13.0816959114861,25.5120997326421,0.64,654.515742818748,667.597438730234,0.3,0.416666666666667,741.507275819779
1884,2,0.5,0.4,3,3000,300000,100,311.454238734711,322.439670684727,10.9854319500162,28.9463293248761,0.57,657.034222902957,668.019654852974,0.3,0.461538461538462,738.490884542465
1885,2,0.1,0.5,3,3000,300000,100,302.204736407675,307.589815335037,5.38507892736261,27.0098295583095,0.61,647.006616499342,652.391695426705,0.3,0.32258064516129,742.579424858093
1886,2,0.2,0.5,3,3000,300000,100,296.59271037518,303.841748658642,7.2490382834619,24.2530754370562,0.57,642.44939159517,649.698429878632,0.3,0.348837209302326,743.634407281876
1887,2,0.3,0.5,3,3000,300000,100,301.587199484609,311.786728634239,10.1995291496303,23.5760671005027,0.66,648.831103331636,659.030632481266,0.3,0.379746835443038,742.637073993683
1888,2,0.4,0.5,3,3000,300000,100,299.981871351106,309.877220737422,9.89534938631566,26.2363173668047,0.58,647.238906338915,657.13425572523,0.3,0.416666666666667,741.013166189194
1889,2,0.5,0.5,3,3000,300000,100,292.532420493346,304.974471755568,12.4420512622217,24.3231234588754,0.66,638.150252829485,650.592304091707,0.3,0.461538461538462,754.855299472809
1890,2,0.1,0.6,3,3000,300000,100,306.230942661828,311.921574090406,5.69063142857758,25.2694023067433,0.55,647.916687842721,653.607319271299,0.3,0.32258064516129,743.927624464035
1891,2,0.2,0.6,3,3000,300000,100,301.303976267748,312.751592489601,11.4476162218526,26.4611017760699,0.63,648.869448695123,660.317064916976,0.3,0.348837209302326,758.164084196091
1892,2,0.3,0.6,3,3000,300000,100,296.067265501584,305.483762208641,9.41649670705726,25.0006021760058,0.66,641.66991818538,651.086414892437,0.3,0.379746835443038,758.935321807861
1893,2,0.4,0.6,3,3000,300000,100,308.396584310605,316.964374310851,8.56779000024589,25.1254558205868,0.61,651.557077405554,660.1248674058,0.3,0.416666666666667,746.527965545654
1894,2,0.5,0.6,3,3000,300000,100,302.508770436461,316.482619858633,13.973849422172,24.2893112601722,0.69,647.1264558596,661.100305281772,0.3,0.461538461538462,741.283262252808
1895,2,0.1,0.7,3,3000,300000,100,313.130432444402,314.714416947891,1.58398450348903,30.0330754975245,0.5,659.056288828268,660.640273331757,0.3,0.32258064516129,744.616023302078
1896,2,0.2,0.7,3,3000,300000,100,307.884932138463,316.929934482058,9.04500234359426,25.4059915769643,0.55,651.827846842914,660.872849186508,0.3,0.348837209302326,742.275856256485
1897,2,0.3,0.7,3,3000,300000,100,302.454562240755,310.204040376934,7.74947813617921,23.4619140610145,0.61,650.4545497294,658.204027865579,0.3,0.379746835443038,744.965902328491
1898,2,0.4,0.7,3,3000,300000,100,305.607178615072,312.894220870681,7.28704225560849,25.5922208818142,0.56,652.420299771631,659.707342027239,0.3,0.416666666666667,744.348746776581
1899,2,0.5,0.7,3,3000,300000,100,303.886997959544,315.300880758609,11.4138827990652,23.1931886738567,0.68,650.525167727583,661.939050526648,0.3,0.461538461538462,743.668364286423
1900,2,0.1,0.3,0,6500,300000,100,316.39626971945,319.533217042337,3.13694732288756,20.9734174263582,0.54,660.05937756836,663.196324891247,0.3,0.32258064516129,739.975749015808
1901,2,0.2,0.3,0,6500,300000,100,308.109668894353,311.803519635578,3.69385074122443,23.7265399679222,0.57,649.298501955973,652.992352697198,0.3,0.348837209302326,735.64749455452
1902,2,0.3,0.3,0,6500,300000,100,300.376519733139,305.759933310084,5.38341357694489,20.7445676343986,0.59,649.182509029155,654.5659226061,0.3,0.379746835443038,735.442459106445
1903,2,0.4,0.3,0,6500,300000,100,298.439670300988,308.383241115396,9.94357081440823,24.098006259263,0.64,640.999229109766,650.942799924174,0.3,0.416666666666667,734.356122732163
1904,2,0.5,0.3,0,6500,300000,100,298.955721780677,311.763712852868,12.8079910721913,23.0263007156755,0.65,644.222806128684,657.030797200875,0.3,0.461538461538462,734.855106115341
1905,2,0.1,0.4,0,6500,300000,100,301.078270475155,302.573357684642,1.49508720948661,25.3877364631389,0.51,647.67078194876,649.165869158247,0.3,0.32258064516129,755.328150510788
1906,2,0.2,0.4,0,6500,300000,100,300.871790901393,309.586292801352,8.7145018999593,24.6011774147234,0.64,645.499872775181,654.214374675141,0.3,0.348837209302326,743.555602312088
1907,2,0.3,0.4,0,6500,300000,100,299.449481663921,306.114374108477,6.66489244455565,24.6849015170109,0.62,649.887674261972,656.552566706528,0.3,0.379746835443038,749.664267063141
1908,2,0.4,0.4,0,6500,300000,100,304.149690481138,318.434161585202,14.2844711040637,23.7422886587261,0.66,646.026581196733,660.311052300797,0.3,0.416666666666667,756.763743162155
1909,2,0.5,0.4,0,6500,300000,100,296.03050545314,308.503138172213,12.4726327190734,26.2931470747854,0.67,639.404618141625,651.877250860698,0.3,0.461538461538462,775.114802122116
1910,2,0.1,0.5,0,6500,300000,100,315.23478917868,319.274498450057,4.03970927137708,25.0585206025101,0.59,658.21509048072,662.254799752097,0.3,0.32258064516129,744.224239110947
1911,2,0.2,0.5,0,6500,300000,100,310.628030259925,316.624329000676,5.99629874075062,27.9474477719762,0.64,655.686640358352,661.682939099103,0.3,0.348837209302326,746.274545431137
1912,2,0.3,0.5,0,6500,300000,100,307.507207517194,315.384983540295,7.87777602310034,29.8033985663697,0.59,653.814198113613,661.691974136713,0.3,0.379746835443038,742.52605843544
1913,2,0.4,0.5,0,6500,300000,100,306.257058716141,312.610433159777,6.35337444363546,27.7959005064897,0.55,650.784551452669,657.137925896305,0.3,0.416666666666667,742.06881570816
1914,2,0.5,0.5,0,6500,300000,100,298.235649087029,312.44120618237,14.2055570953405,24.1852749550266,0.72,643.098372810811,657.303929906152,0.3,0.461538461538462,743.916565418243
1915,2,0.1,0.6,0,6500,300000,100,307.046023571826,311.429325856189,4.38330228436362,29.3889459641571,0.56,650.100612520222,654.483914804586,0.3,0.32258064516129,742.946571588516
1916,2,0.2,0.6,0,6500,300000,100,311.941583470557,317.65732321617,5.71573974561315,29.5642629113349,0.6,653.763343369601,659.479083115214,0.3,0.348837209302326,741.384302854538
1917,2,0.3,0.6,0,6500,300000,100,308.654982934585,313.864617318541,5.20963438395594,25.6447785665917,0.55,656.991252715423,662.200887099378,0.3,0.379746835443038,739.624344348908
1918,2,0.4,0.6,0,6500,300000,100,299.189283556661,308.033149194237,8.84386563757635,28.2926338355639,0.58,645.187032364612,654.030898002188,0.3,0.416666666666667,746.086445808411
1919,2,0.5,0.6,0,6500,300000,100,307.095534601348,319.754740308618,12.6592057072703,25.1577741936329,0.69,653.960674429112,666.619880136383,0.3,0.461538461538462,740.909385442734
1920,2,0.1,0.7,0,6500,300000,100,312.354670709704,315.961042437838,3.60637172813427,27.0936514833532,0.5,656.07525457168,659.681626299814,0.3,0.32258064516129,740.028183221817
1921,2,0.2,0.7,0,6500,300000,100,305.007552099716,312.64320182888,7.63564972916452,24.013003478847,0.6,648.902839112,656.538488841165,0.3,0.348837209302326,759.352432012558
1922,2,0.3,0.7,0,6500,300000,100,305.268644174244,314.673539316016,9.40489514177269,27.3547246463143,0.64,650.067019173951,659.471914315724,0.3,0.379746835443038,757.141628980637
1923,2,0.4,0.7,0,6500,300000,100,305.251282821855,315.402590118746,10.1513072968907,27.8117465963862,0.59,651.287790355317,661.439097652207,0.3,0.416666666666667,753.838758230209
1924,2,0.5,0.7,0,6500,300000,100,311.964910946736,317.403115270418,5.43820432368219,28.1749739435809,0.51,657.175079088743,662.613283412425,0.3,0.461538461538462,755.611039161682
1925,2,0.1,0.3,1,6500,300000,100,304.025318148507,306.000454298637,1.97513615012952,23.2529785998162,0.51,647.495663146324,649.470799296453,0.3,0.32258064516129,742.672731161118
1926,2,0.2,0.3,1,6500,300000,100,302.920490837701,305.348411666046,2.42792082834467,20.3133665464797,0.48,650.681710901158,653.109631729502,0.3,0.348837209302326,743.114587306976
1927,2,0.3,0.3,1,6500,300000,100,303.585539251854,308.889963414209,5.30442416235501,20.7524605336097,0.62,649.051750707547,654.356174869902,0.3,0.379746835443038,745.763254642487
1928,2,0.4,0.3,1,6500,300000,100,304.89428217627,309.692863299415,4.79858112314435,24.026331354766,0.55,649.685504116264,654.484085239408,0.3,0.416666666666667,737.606443881989
1929,2,0.5,0.3,1,6500,300000,100,303.035148868466,316.937197751969,13.9020488835032,26.8310496679365,0.66,651.118173787838,665.020222671341,0.3,0.461538461538462,736.591253042221
1930,2,0.1,0.4,1,6500,300000,100,299.262285628522,298.937724805253,-0.324560823268441,23.2814045263433,0.45,645.309570733638,644.985009910369,0.3,0.32258064516129,746.469809055328
1931,2,0.2,0.4,1,6500,300000,100,305.379481341189,310.048631427465,4.66915008627641,27.6820547533113,0.52,651.067513017255,655.736663103531,0.3,0.348837209302326,747.782675266266
1932,2,0.3,0.4,1,6500,300000,100,295.215295450566,303.838608589776,8.62331313921096,22.4599270084976,0.63,641.913433437964,650.536746577175,0.3,0.379746835443038,737.019551753998
1933,2,0.4,0.4,1,6500,300000,100,311.434597781928,320.721898398549,9.28730061662159,24.5368864476544,0.6,655.123428921845,664.410729538467,0.3,0.416666666666667,736.652899503708
1934,2,0.5,0.4,1,6500,300000,100,304.167941015427,316.099367516786,11.9314265013597,20.3156432350852,0.73,649.470470830927,661.401897332287,0.3,0.461538461538462,736.115882635117
1935,2,0.1,0.5,1,6500,300000,100,305.342064094601,307.773457755503,2.4313936609013,25.600024932175,0.61,654.270029188909,656.70142284981,0.3,0.32258064516129,740.158836841583
1936,2,0.2,0.5,1,6500,300000,100,302.391881281349,303.164230797109,0.772349515759638,25.7236642407308,0.49,644.374334154887,645.146683670647,0.3,0.348837209302326,739.553019762039
1937,2,0.3,0.5,1,6500,300000,100,310.545703073375,317.210005477158,6.66430240378236,25.6983885387756,0.67,657.577594207442,664.241896611225,0.3,0.379746835443038,757.309925794602
1938,2,0.4,0.5,1,6500,300000,100,294.91910759352,305.335332325079,10.4162247315587,22.7527782278804,0.67,641.320433813849,651.736658545408,0.3,0.416666666666667,756.950983524323
1939,2,0.5,0.5,1,6500,300000,100,301.479634915281,309.941866360105,8.46223144482386,23.6161756232806,0.57,648.747858304791,657.210089749614,0.3,0.461538461538462,753.799747943878
1940,2,0.1,0.6,1,6500,300000,100,313.310652470773,317.087321788837,3.77666931806408,25.3261162194046,0.57,656.862394895787,660.639064213851,0.3,0.32258064516129,755.325906991959
1941,2,0.2,0.6,1,6500,300000,100,309.390767582818,316.49723081176,7.10646322894201,28.0530666548822,0.56,653.869080527422,660.975543756364,0.3,0.348837209302326,748.214900970459
1942,2,0.3,0.6,1,6500,300000,100,312.342166390372,317.642798485505,5.3006320951332,20.7478367801418,0.59,659.605561192676,664.906193287809,0.3,0.379746835443038,745.692399978638
1943,2,0.4,0.6,1,6500,300000,100,305.221708382339,316.801790118215,11.5800817358755,21.2722826510789,0.7,649.780030659567,661.360112395442,0.3,0.416666666666667,748.815770149231
1944,2,0.5,0.6,1,6500,300000,100,301.493481604621,313.155138170451,11.6616565658299,22.7500940431614,0.64,652.352790040551,664.014446606381,0.3,0.461538461538462,744.591473579407
1945,2,0.1,0.7,1,6500,300000,100,301.271080587663,310.74912967473,9.47804908706652,25.5150395328702,0.62,647.393675769928,656.871724856994,0.3,0.32258064516129,743.548119783402
1946,2,0.2,0.7,1,6500,300000,100,303.142031503911,310.52415017491,7.38211867099846,27.8523902858554,0.59,646.432053787218,653.814172458216,0.3,0.348837209302326,742.951791524887
1947,2,0.3,0.7,1,6500,300000,100,304.842957207254,314.945139889624,10.1021826823705,26.3999664421265,0.66,649.707797238304,659.809979920674,0.3,0.379746835443038,741.936182022095
1948,2,0.4,0.7,1,6500,300000,100,313.32512622497,318.545660475861,5.22053425089078,25.9375103986461,0.54,661.89517621351,667.115710464401,0.3,0.416666666666667,742.028636693954
1949,2,0.5,0.7,1,6500,300000,100,297.683011360198,303.264109423098,5.58109806290001,24.7085108542482,0.54,646.205748251721,651.786846314621,0.3,0.461538461538462,745.928311824799
1950,2,0.1,0.3,2,6500,300000,100,306.633185685599,307.404566948614,0.771381263014319,20.8097025786627,0.53,652.388147658908,653.159528921922,0.3,0.32258064516129,736.231141090393
1951,2,0.2,0.3,2,6500,300000,100,296.451104581401,299.519796409938,3.06869182853716,23.8206638275461,0.52,643.292909034976,646.361600863514,0.3,0.348837209302326,735.531703233719
1952,2,0.3,0.3,2,6500,300000,100,300.376340669611,308.485500083961,8.10915941434967,21.1527777269358,0.72,644.976850361605,653.086009775954,0.3,0.379746835443038,735.265695095062
1953,2,0.4,0.3,2,6500,300000,100,307.284800706969,315.42666806984,8.14186736287053,24.2150003110494,0.64,645.845268637501,653.987136000371,0.3,0.416666666666667,750.238340616226
1954,2,0.5,0.3,2,6500,300000,100,298.96907003293,305.183555537932,6.21448550500208,23.4052476262998,0.55,648.704967293266,654.919452798268,0.3,0.461538461538462,750.130436420441
1955,2,0.1,0.4,2,6500,300000,100,304.282676396827,309.393698305238,5.11102190841045,23.1656952988003,0.54,649.89087309882,655.00189500723,0.3,0.32258064516129,754.430554866791
1956,2,0.2,0.4,2,6500,300000,100,306.363922501264,312.936222183356,6.57229968209258,24.1507365250904,0.58,655.139709263206,661.712008945298,0.3,0.348837209302326,756.542695760727
1957,2,0.3,0.4,2,6500,300000,100,308.601738376305,318.099071583478,9.49733320717322,25.8768341856799,0.63,655.468226047758,664.965559254931,0.3,0.379746835443038,744.576831102371
1958,2,0.4,0.4,2,6500,300000,100,301.68561378738,311.751753178629,10.0661393912486,21.2170166702117,0.62,649.332785018824,659.398924410072,0.3,0.416666666666667,742.902416467667
1959,2,0.5,0.4,2,6500,300000,100,309.118025583889,321.341467623433,12.2234420395437,25.5116877208254,0.62,653.158604444927,665.382046484471,0.3,0.461538461538462,742.754687547684
1960,2,0.1,0.5,2,6500,300000,100,290.94430509684,295.383334570209,4.43902947336876,25.578340837212,0.56,636.246975174957,640.686004648325,0.3,0.32258064516129,744.10565662384
1961,2,0.2,0.5,2,6500,300000,100,320.034035428192,323.230333328745,3.19629790055332,30.3604639919063,0.5,662.950173416587,666.14647131714,0.3,0.348837209302326,743.127309083939
1962,2,0.3,0.5,2,6500,300000,100,310.441481296309,319.122749170926,8.68126787461704,23.5381416473282,0.59,655.873264507615,664.554532382232,0.3,0.379746835443038,744.673532485962
1963,2,0.4,0.5,2,6500,300000,100,301.143064581866,312.424216820485,11.2811522386194,23.5077563660691,0.62,649.731429447541,661.01258168616,0.3,0.416666666666667,742.244678258896
1964,2,0.5,0.5,2,6500,300000,100,313.623538955106,326.190652882454,12.5671139273481,21.9579116410475,0.7,653.886629549966,666.453743477314,0.3,0.461538461538462,741.314870595932
1965,2,0.1,0.6,2,6500,300000,100,306.608263273392,308.940151156052,2.33188788266048,24.1215446826084,0.53,650.946539169797,653.278427052457,0.3,0.32258064516129,740.759489059448
1966,2,0.2,0.6,2,6500,300000,100,306.762509642536,314.126056817485,7.36354717494952,25.7861289589134,0.58,652.949225280289,660.312772455238,0.3,0.348837209302326,740.415944814682
1967,2,0.3,0.6,2,6500,300000,100,287.385317013166,293.286714942976,5.9013979298104,25.5681591982454,0.6,635.896656178107,641.798054107917,0.3,0.379746835443038,741.522608280182
1968,2,0.4,0.6,2,6500,300000,100,311.813844159723,317.02219753774,5.20835337801614,21.5600340599753,0.63,655.874459162171,661.082812540187,0.3,0.416666666666667,740.151147842407
1969,2,0.5,0.6,2,6500,300000,100,310.794735405684,321.181903876286,10.3871684706027,20.5998597680072,0.71,660.252479110464,670.639647581067,0.3,0.461538461538462,755.280302286148
1970,2,0.1,0.7,2,6500,300000,100,308.012602492826,316.048120484775,8.03551799194841,28.0002328954226,0.6,655.855587665017,663.891105656965,0.3,0.32258064516129,757.381162405014
1971,2,0.2,0.7,2,6500,300000,100,299.042527443785,298.645820298389,-0.396707145395819,31.1781794139778,0.45,642.559419815751,642.162712670355,0.3,0.348837209302326,756.311987400055
1972,2,0.3,0.7,2,6500,300000,100,315.560379180701,319.017789915754,3.45741073505305,24.5014459018134,0.58,657.495594797154,660.953005532207,0.3,0.379746835443038,758.428727865219
1973,2,0.4,0.7,2,6500,300000,100,295.721687805359,302.217835931999,6.49614812664063,26.2472270291399,0.55,645.597897495467,652.094045622107,0.3,0.416666666666667,747.04806470871
1974,2,0.5,0.7,2,6500,300000,100,303.961044528646,316.031903444846,12.0708589162005,21.7221964023718,0.74,651.237886226658,663.308745142859,0.3,0.461538461538462,751.695158720017
1975,2,0.1,0.3,3,6500,300000,100,311.781402519858,313.403608794065,1.62220627420673,23.3857307998313,0.5,661.199292964481,662.821499238687,0.3,0.32258064516129,742.874148130417
1976,2,0.2,0.3,3,6500,300000,100,307.09945233981,309.587717896886,2.48826555707668,22.36082408295,0.55,649.791176888797,652.279442445874,0.3,0.348837209302326,739.909864187241
1977,2,0.3,0.3,3,6500,300000,100,308.833907553123,313.229990475977,4.39608292285358,21.9633417065837,0.55,649.560983280146,653.957066203,0.3,0.379746835443038,738.940831899643
1978,2,0.4,0.3,3,6500,300000,100,309.375505685988,317.669505194705,8.29399950871662,26.6362483186555,0.58,653.227431108073,661.52143061679,0.3,0.416666666666667,737.70495057106
1979,2,0.5,0.3,3,6500,300000,100,300.702637748456,315.514601820718,14.8119640722615,25.0208357972437,0.71,646.901134389395,661.713098461657,0.3,0.461538461538462,740.477076768875
1980,2,0.1,0.4,3,6500,300000,100,317.323028250932,320.342129337873,3.01910108694063,23.0278544754745,0.57,659.198596342625,662.217697429566,0.3,0.32258064516129,743.840748548508
1981,2,0.2,0.4,3,6500,300000,100,303.495087824836,307.188627345406,3.69353952056933,23.6949198495286,0.52,650.097210623563,653.790750144133,0.3,0.348837209302326,743.188477993012
1982,2,0.3,0.4,3,6500,300000,100,305.655987459264,312.670765729322,7.01477827005838,23.6097020971225,0.6,648.524778658638,655.539556928696,0.3,0.379746835443038,735.892240047455
1983,2,0.4,0.4,3,6500,300000,100,310.742908504791,315.598224895015,4.85531639022418,20.9320451326333,0.59,654.16290832722,659.018224717444,0.3,0.416666666666667,735.627306938171
1984,2,0.5,0.4,3,6500,300000,100,316.043565059117,324.232975875715,8.18941081659776,23.5048464594325,0.63,657.615688785159,665.805099601757,0.3,0.461538461538462,735.847557783127
1985,2,0.1,0.5,3,6500,300000,100,299.417077527929,302.289722364701,2.87264483677265,28.2770472886926,0.54,646.514431907194,649.387076743967,0.3,0.32258064516129,755.288287162781
1986,2,0.2,0.5,3,6500,300000,100,311.483060429896,316.750308444911,5.26724801501434,23.4681174954945,0.54,653.777948620926,659.04519663594,0.3,0.348837209302326,755.348791599274
1987,2,0.3,0.5,3,6500,300000,100,307.273034842652,316.199213109501,8.9261782668489,24.0254775091019,0.69,648.026628270247,656.952806537096,0.3,0.379746835443038,754.286384344101
1988,2,0.4,0.5,3,6500,300000,100,318.573136132124,328.200137437666,9.62700130554123,27.8580586889488,0.64,660.46313970642,670.090141011961,0.3,0.416666666666667,760.269611597061
1989,2,0.5,0.5,3,6500,300000,100,311.806659486997,321.421968209165,9.61530872216816,21.622228989076,0.63,654.853132763882,664.468441486051,0.3,0.461538461538462,762.073060035706
1990,2,0.1,0.6,3,6500,300000,100,319.17684832159,323.485476297526,4.3086279759358,27.2798209789113,0.52,661.060665674542,665.369293650478,0.3,0.32258064516129,747.20307135582
1991,2,0.2,0.6,3,6500,300000,100,304.925344672546,310.740497739105,5.81515306655985,28.02804410609,0.6,650.38730257876,656.20245564532,0.3,0.348837209302326,746.90992474556
1992,2,0.3,0.6,3,6500,300000,100,294.908912333973,303.191540647704,8.28262831373101,24.1158777360447,0.68,644.549310902817,652.831939216548,0.3,0.379746835443038,744.207980871201
1993,2,0.4,0.6,3,6500,300000,100,299.99669050276,306.546022817766,6.54933231500607,24.5026286121526,0.64,650.571750870144,657.12108318515,0.3,0.416666666666667,744.414373636246
1994,2,0.5,0.6,3,6500,300000,100,310.955085619412,315.290732187382,4.33564656797066,23.2135594485659,0.61,659.257743661262,663.593390229233,0.3,0.461538461538462,742.803929328919
1995,2,0.1,0.7,3,6500,300000,100,311.483182234802,315.060548155359,3.57736592055744,25.8429848664166,0.52,655.923177781538,659.500543702095,0.3,0.32258064516129,744.058657169342
1996,2,0.2,0.7,3,6500,300000,100,310.267921179889,316.131914944966,5.8639937650769,28.9767829933423,0.55,653.555083624261,659.419077389338,0.3,0.348837209302326,743.990324020386
1997,2,0.3,0.7,3,6500,300000,100,304.05279259553,312.60983517941,8.55704258388027,25.7539393899832,0.61,653.731598354141,662.288640938021,0.3,0.379746835443038,740.673113107681
1998,2,0.4,0.7,3,6500,300000,100,310.043852212266,320.433496477482,10.3896442652158,22.8002581655446,0.65,656.686693292058,667.076337557274,0.3,0.416666666666667,739.084457397461
1999,2,0.5,0.7,3,6500,300000,100,306.876262033623,320.976836426119,14.1005743924959,24.7331422520387,0.74,651.61956101744,665.720135409936,0.3,0.461538461538462,743.289881229401
2000,2,0.1,0.3,0,10000,300000,100,311.046791267283,311.690508516072,0.643717248788714,21.5219301145756,0.58,653.60164809468,654.245365343469,0.3,0.32258064516129,739.508023262024
2001,2,0.2,0.3,0,10000,300000,100,310.326032327229,312.570675368375,2.24464304114602,22.0817136682957,0.56,650.70436022717,652.949003268316,0.3,0.348837209302326,749.509579658508
2002,2,0.3,0.3,0,10000,300000,100,310.421174762739,315.402412851055,4.98123808831557,18.5838066136233,0.65,657.535547671599,662.516785759914,0.3,0.379746835443038,751.036439657211
2003,2,0.4,0.3,0,10000,300000,100,308.767284660945,311.630097845602,2.86281318465686,19.0705291356258,0.51,654.39287598323,657.255689167887,0.3,0.416666666666667,749.5781955719
2004,2,0.5,0.3,0,10000,300000,100,312.435329659422,322.783256600681,10.3479269412581,24.1816693520951,0.65,661.095187100472,671.44311404173,0.3,0.461538461538462,750.590216159821
2005,2,0.1,0.4,0,10000,300000,100,297.56004097876,297.585588785963,0.0255478072038227,24.2758434066006,0.44,646.265908518948,646.291456326152,0.3,0.32258064516129,741.555171966553
2006,2,0.2,0.4,0,10000,300000,100,314.678186431386,319.52596444302,4.84777801163353,22.1923925832155,0.61,654.481440692666,659.329218704299,0.3,0.348837209302326,749.090493917465
2007,2,0.3,0.4,0,10000,300000,100,313.684067761104,326.662308078231,12.9782403171269,20.0457333628927,0.73,655.646962746423,668.62520306355,0.3,0.379746835443038,742.953424215317
2008,2,0.4,0.4,0,10000,300000,100,306.739542781718,317.906773423199,11.167230641481,27.8361737482155,0.63,650.294708490965,661.461939132446,0.3,0.416666666666667,740.839905738831
2009,2,0.5,0.4,0,10000,300000,100,304.059805606367,313.854442164458,9.79463655809115,27.0455571301922,0.64,648.25708046069,658.051717018781,0.3,0.461538461538462,737.639034748077
2010,2,0.1,0.5,0,10000,300000,100,292.4472791947,299.021750812174,6.57447161747429,25.5855007098679,0.59,639.579183065962,646.153654683436,0.3,0.32258064516129,743.309650182724
2011,2,0.2,0.5,0,10000,300000,100,305.993542459409,311.943517366965,5.94997490755653,25.2499107310381,0.65,648.740854261816,654.690829169372,0.3,0.348837209302326,744.577857017517
2012,2,0.3,0.5,0,10000,300000,100,300.344028493541,302.415075938458,2.07104744491771,23.1314515512739,0.58,644.972023216155,647.043070661073,0.3,0.379746835443038,742.001195669174
2013,2,0.4,0.5,0,10000,300000,100,306.008186842198,315.774206655111,9.76601981291302,23.698802547488,0.6,655.561056567753,665.327076380666,0.3,0.416666666666667,741.484891653061
2014,2,0.5,0.5,0,10000,300000,100,303.050874009615,315.494404654815,12.4435306451994,24.1970094325511,0.7,646.718672236249,659.162202881448,0.3,0.461538461538462,741.224594831467
2015,2,0.1,0.6,0,10000,300000,100,302.646610351722,307.46610639091,4.81949603918881,28.750753170051,0.59,648.026540118417,652.846036157606,0.3,0.32258064516129,740.364696979523
2016,2,0.2,0.6,0,10000,300000,100,308.496542759175,314.349011054302,5.85246829512618,26.1607757702868,0.58,653.091674972502,658.944143267629,0.3,0.348837209302326,743.509601354599
2017,2,0.3,0.6,0,10000,300000,100,303.592549778196,314.743966549398,11.1514167712017,27.3900668527752,0.66,650.055999739476,661.207416510677,0.3,0.379746835443038,755.884886264801
2018,2,0.4,0.6,0,10000,300000,100,297.910074799033,308.954714693991,11.0446398949579,26.8793618262963,0.65,640.485433829529,651.530073724487,0.3,0.416666666666667,756.688287973404
2019,2,0.5,0.6,0,10000,300000,100,305.375190923042,319.32919517479,13.954004251748,24.249994355376,0.74,655.398820002819,669.352824254567,0.3,0.461538461538462,753.598887205124
2020,2,0.1,0.7,0,10000,300000,100,302.660661934026,304.595052048527,1.93439011450152,27.0183260967927,0.48,643.818303943839,645.75269405834,0.3,0.32258064516129,759.437571287155
2021,2,0.2,0.7,0,10000,300000,100,305.843419526768,311.907523779608,6.06410425283927,24.966423089353,0.6,649.625498787483,655.689603040322,0.3,0.348837209302326,756.885182619095
2022,2,0.3,0.7,0,10000,300000,100,295.062761988819,303.40774981427,8.34498782545112,28.2900196584415,0.6,644.850406356178,653.195394181629,0.3,0.379746835443038,747.260694026947
2023,2,0.4,0.7,0,10000,300000,100,305.951696870225,313.123390740131,7.17169386990578,22.1481061048054,0.61,648.017747425248,655.189441295154,0.3,0.416666666666667,746.431475400925
2024,2,0.5,0.7,0,10000,300000,100,300.404016446387,310.423324429133,10.0193079827466,25.1403872999601,0.58,641.838963397308,651.858271380055,0.3,0.461538461538462,745.162331581116
2025,2,0.1,0.3,1,10000,300000,100,309.180566752124,310.422753269901,1.24218651777692,23.0800677500808,0.56,647.571110348421,648.813296866198,0.3,0.32258064516129,737.651713848114
2026,2,0.2,0.3,1,10000,300000,100,296.3949100291,299.837614854581,3.44270482548147,21.8403934991017,0.53,645.233580701679,648.676285527161,0.3,0.348837209302326,735.729454278946
2027,2,0.3,0.3,1,10000,300000,100,308.973006522469,311.977605152827,3.00459863035755,23.6493015844111,0.55,652.716031068947,655.720629699304,0.3,0.379746835443038,738.644312858582
2028,2,0.4,0.3,1,10000,300000,100,306.464048096404,314.809207104712,8.34515900830807,21.4059704798397,0.69,651.313345392663,659.658504400971,0.3,0.416666666666667,739.741309165955
2029,2,0.5,0.3,1,10000,300000,100,308.075578392091,321.312126046805,13.2365476547146,25.6596622011178,0.72,657.018981167143,670.255528821857,0.3,0.461538461538462,736.60254573822
2030,2,0.1,0.4,1,10000,300000,100,306.978624135401,308.639988612094,1.66136447669348,27.8946673628765,0.53,654.421036326075,656.082400802768,0.3,0.32258064516129,738.424995183945
2031,2,0.2,0.4,1,10000,300000,100,307.701494869645,311.53937996568,3.83788509603586,23.7538879040001,0.58,649.274793196111,653.112678292146,0.3,0.348837209302326,736.023531198502
2032,2,0.3,0.4,1,10000,300000,100,293.969308232265,300.457133809281,6.48782557701595,22.9789186109948,0.62,640.659319104524,647.14714468154,0.3,0.379746835443038,734.968273639679
2033,2,0.4,0.4,1,10000,300000,100,309.017760684665,315.736082934433,6.71832224976873,25.7552066360905,0.63,654.695442778136,661.413765027904,0.3,0.416666666666667,752.096394062042
2034,2,0.5,0.4,1,10000,300000,100,297.737184900183,310.111746664832,12.3745617646487,23.3827421136255,0.62,645.374135657607,657.748697422256,0.3,0.461538461538462,750.905395507813
2035,2,0.1,0.5,1,10000,300000,100,307.386059689236,310.905245490263,3.51918580102715,24.7032689016997,0.51,650.502055748825,654.021241549852,0.3,0.32258064516129,756.226881980896
2036,2,0.2,0.5,1,10000,300000,100,310.359291582725,317.42043868702,7.06114710429513,30.6082008331493,0.55,655.310307964321,662.371455068616,0.3,0.348837209302326,756.619516134262
2037,2,0.3,0.5,1,10000,300000,100,317.814570583,324.139008674019,6.32443809101815,26.0105227149409,0.6,665.664113921222,671.98855201224,0.3,0.379746835443038,746.84010720253
2038,2,0.4,0.5,1,10000,300000,100,313.922744564753,323.348781450627,9.42603688587373,24.5797645600265,0.63,659.307935297929,668.733972183803,0.3,0.416666666666667,752.92621254921
2039,2,0.5,0.5,1,10000,300000,100,308.46227388235,320.373556024025,11.9112821416753,24.364339473055,0.66,653.059722307251,664.971004448926,0.3,0.461538461538462,746.687875747681
2040,2,0.1,0.6,1,10000,300000,100,305.78562699458,311.735907446932,5.95028045235198,26.1700952862832,0.61,648.093645270886,654.043925723238,0.3,0.32258064516129,742.570786476135
2041,2,0.2,0.6,1,10000,300000,100,310.022007686254,320.834475522178,10.8124678359238,26.3061814414072,0.6,654.040890776971,664.853358612895,0.3,0.348837209302326,742.564892292023
2042,2,0.3,0.6,1,10000,300000,100,294.061531470009,304.267178945144,10.205647475135,26.158704530813,0.6,638.034582158753,648.240229633888,0.3,0.379746835443038,743.820454120636
2043,2,0.4,0.6,1,10000,300000,100,299.735033036994,306.014641927491,6.27960889049699,23.5103542935932,0.65,644.632761960468,650.912370850965,0.3,0.416666666666667,745.979103326798
2044,2,0.5,0.6,1,10000,300000,100,315.920066926457,326.449825171922,10.529758245464,24.9044102663203,0.66,664.273983579528,674.803741824992,0.3,0.461538461538462,746.235907554627
2045,2,0.1,0.7,1,10000,300000,100,298.751557936999,304.446709457822,5.69515152082341,26.434668387263,0.58,648.615899845903,654.311051366726,0.3,0.32258064516129,742.029937505722
2046,2,0.2,0.7,1,10000,300000,100,304.359558206724,309.733022803037,5.37346459631374,24.1492799814202,0.55,648.744484970076,654.11794956639,0.3,0.348837209302326,751.193497657776
2047,2,0.3,0.7,1,10000,300000,100,302.735330601497,309.277824696079,6.5424940945816,25.5177236572732,0.6,647.190851461198,653.733345555779,0.3,0.379746835443038,740.712643384934
2048,2,0.4,0.7,1,10000,300000,100,305.552804687225,313.675064054032,8.1222593668074,26.4310749532356,0.59,646.079792406741,654.202051773548,0.3,0.416666666666667,739.570341587067
2049,2,0.5,0.7,1,10000,300000,100,308.849020846248,322.800577100153,13.9515562539053,30.0989659511219,0.66,656.315196688381,670.266752942286,0.3,0.461538461538462,755.973027706146
2050,2,0.1,0.3,2,10000,300000,100,299.353572062272,301.55637455279,2.20280249051784,19.8187239121835,0.51,642.319771028988,644.522573519506,0.3,0.32258064516129,750.087563037872
2051,2,0.2,0.3,2,10000,300000,100,306.132699344964,309.7589994049,3.62630005993663,21.0830003581511,0.53,652.677232603419,656.303532663356,0.3,0.348837209302326,751.192260980606
2052,2,0.3,0.3,2,10000,300000,100,305.177393695049,313.434471531172,8.25707783612319,23.6954594902746,0.58,651.183276443209,659.440354279333,0.3,0.379746835443038,751.651143550873
2053,2,0.4,0.3,2,10000,300000,100,299.52164408904,307.944037646093,8.42239355705255,21.7855454715413,0.64,646.09252786449,654.514921421542,0.3,0.416666666666667,750.02300786972
2054,2,0.5,0.3,2,10000,300000,100,309.965345245426,320.31742220469,10.3520769592638,22.7571672819474,0.63,658.228719142881,668.580796102145,0.3,0.461538461538462,742.826233625412
2055,2,0.1,0.4,2,10000,300000,100,301.785875057487,302.092912197843,0.307037140356226,23.7506196417735,0.52,645.040621394477,645.347658534833,0.3,0.32258064516129,741.910820007324
2056,2,0.2,0.4,2,10000,300000,100,303.410953470811,307.882373864063,4.47142039325113,24.4714064835273,0.55,653.465435939901,657.936856333152,0.3,0.348837209302326,738.11275434494
2057,2,0.3,0.4,2,10000,300000,100,315.884676139477,322.894305872206,7.0096297327299,25.7722271874363,0.54,655.480098174058,662.489727906788,0.3,0.379746835443038,740.528967142105
2058,2,0.4,0.4,2,10000,300000,100,310.983008245298,318.852883165303,7.86987492000546,28.6923067847734,0.61,654.606835561147,662.476710481153,0.3,0.416666666666667,737.423042535782
2059,2,0.5,0.4,2,10000,300000,100,305.654775315148,313.471937089213,7.81716177406543,27.3919689959689,0.52,652.44756834421,660.264730118275,0.3,0.461538461538462,739.554547786713
2060,2,0.1,0.5,2,10000,300000,100,301.169216773236,304.395961095416,3.22674432218017,29.6598582739018,0.47,649.10745559808,652.33419992026,0.3,0.32258064516129,744.649528026581
2061,2,0.2,0.5,2,10000,300000,100,308.597835248489,311.829556473434,3.23172122494456,26.3390430383185,0.5,654.308619036015,657.540340260959,0.3,0.348837209302326,741.75455570221
2062,2,0.3,0.5,2,10000,300000,100,300.009583205131,307.30624120473,7.29665799959887,30.2102144441195,0.59,644.151581752162,651.448239751761,0.3,0.379746835443038,741.637456655502
2063,2,0.4,0.5,2,10000,300000,100,309.570264528262,319.628036675722,10.0577721474597,26.4164952168865,0.61,654.42224779945,664.48001994691,0.3,0.416666666666667,740.88488984108
2064,2,0.5,0.5,2,10000,300000,100,306.595505345787,317.187174908509,10.5916695627222,23.4788324444768,0.62,651.636560256821,662.228229819543,0.3,0.461538461538462,738.654954195023
2065,2,0.1,0.6,2,10000,300000,100,298.982265593103,301.033573912939,2.05130831983633,22.991368341051,0.5,647.851717123012,649.903025442848,0.3,0.32258064516129,755.622600078583
2066,2,0.2,0.6,2,10000,300000,100,306.161901711877,311.184698327535,5.02279661565861,23.4910111560006,0.63,651.248104930716,656.270901546375,0.3,0.348837209302326,754.292685270309
2067,2,0.3,0.6,2,10000,300000,100,287.937116918626,298.162800976431,10.2256840578052,26.0669238682111,0.61,638.745163947075,648.97084800488,0.3,0.379746835443038,757.223174333572
2068,2,0.4,0.6,2,10000,300000,100,307.511605079215,318.47211085241,10.9605057731944,21.8658570937046,0.68,653.357282481116,664.31778825431,0.3,0.416666666666667,756.021418809891
2069,2,0.5,0.6,2,10000,300000,100,312.481552579094,317.378958836519,4.89740625742523,26.649695862513,0.56,658.12813750687,663.025543764295,0.3,0.461538461538462,754.359482765198
2070,2,0.1,0.7,2,10000,300000,100,303.069239381541,307.113733990326,4.04449460878492,26.0549469250592,0.58,646.350628552936,650.39512316172,0.3,0.32258064516129,747.86922621727
2071,2,0.2,0.7,2,10000,300000,100,313.966800787583,318.922171802246,4.95537101466337,25.0449760742778,0.5,659.282101282362,664.237472297025,0.3,0.348837209302326,746.852294445038
2072,2,0.3,0.7,2,10000,300000,100,310.729685148787,323.534418036604,12.8047328878163,26.8174018189669,0.65,654.72580895539,667.530541843206,0.3,0.379746835443038,746.2895591259
2073,2,0.4,0.7,2,10000,300000,100,303.547434939928,317.180237103578,13.63280216365,23.8658050056561,0.68,646.69023824014,660.32304040379,0.3,0.416666666666667,742.773463726044
2074,2,0.5,0.7,2,10000,300000,100,312.602966732257,323.954322457554,11.3513557252973,24.4175965591496,0.7,654.87692194889,666.228277674188,0.3,0.461538461538462,741.661422014237
2075,2,0.1,0.3,3,10000,300000,100,293.480220968418,299.054152855913,5.57393188749477,22.641540128409,0.55,642.875727705856,648.449659593351,0.3,0.32258064516129,738.059176445007
2076,2,0.2,0.3,3,10000,300000,100,305.204606724879,311.122408521266,5.91780179638711,20.313778778387,0.56,652.736198805692,658.654000602079,0.3,0.348837209302326,736.361217737198
2077,2,0.3,0.3,3,10000,300000,100,316.277672091362,321.393606625911,5.11593453454907,16.0114439379011,0.58,658.281595062215,663.397529596764,0.3,0.379746835443038,741.037088632584
2078,2,0.4,0.3,3,10000,300000,100,303.216627524821,313.101681314518,9.88505378969706,20.6687447382192,0.64,647.017100419647,656.902154209344,0.3,0.416666666666667,733.285071134567
2079,2,0.5,0.3,3,10000,300000,100,306.126170259138,311.82386611507,5.69769585593186,24.9144385448737,0.55,652.990010692442,658.687706548374,0.3,0.461538461538462,736.097438097
2080,2,0.1,0.4,3,10000,300000,100,308.553659967715,307.341133977391,-1.21252599032333,23.5696223859098,0.51,655.31137376247,654.098847772146,0.3,0.32258064516129,735.82615852356
2081,2,0.2,0.4,3,10000,300000,100,308.233375347589,316.815786486187,8.58241113859813,24.8045873109525,0.66,648.922120839325,657.504531977923,0.3,0.348837209302326,749.670268535614
2082,2,0.3,0.4,3,10000,300000,100,301.2129086063,310.086515602821,8.8736069965213,24.3504619269071,0.6,647.545270981454,656.418877977975,0.3,0.379746835443038,751.720722913742
2083,2,0.4,0.4,3,10000,300000,100,288.861534259691,302.611407275124,13.7498730154331,27.887130262047,0.66,635.823725179513,649.573598194946,0.3,0.416666666666667,749.862761259079
2084,2,0.5,0.4,3,10000,300000,100,305.892509272937,318.690887497637,12.7983782247004,26.0772814022382,0.67,652.204766342603,665.003144567303,0.3,0.461538461538462,754.454105377197
2085,2,0.1,0.5,3,10000,300000,100,302.209765461124,301.309352054917,-0.900413406207476,25.8610149217009,0.44,644.715102673388,643.81468926718,0.3,0.32258064516129,744.83203959465
2086,2,0.2,0.5,3,10000,300000,100,306.757908362534,312.18136978507,5.42346142253557,25.2889936469943,0.59,658.09586378767,663.519325210206,0.3,0.348837209302326,746.123813390732
2087,2,0.3,0.5,3,10000,300000,100,308.514863328593,317.619256806015,9.10439347742177,24.0694489897554,0.67,650.004383371844,659.108776849266,0.3,0.379746835443038,741.747624635696
2088,2,0.4,0.5,3,10000,300000,100,302.805342655028,310.611582712827,7.80624005779963,25.9452963927828,0.59,645.642426336169,653.448666393969,0.3,0.416666666666667,742.678799152374
2089,2,0.5,0.5,3,10000,300000,100,293.825885153861,306.538984657299,12.713099503438,23.454156515388,0.72,643.04753763983,655.760637143268,0.3,0.461538461538462,744.639046430588
2090,2,0.1,0.6,3,10000,300000,100,297.492391462901,307.911481348075,10.4190898851745,25.45122850649,0.63,644.13652373059,654.555613615765,0.3,0.32258064516129,745.963700294495
2091,2,0.2,0.6,3,10000,300000,100,316.079250909112,318.069116648193,1.98986573908063,22.3563633602367,0.55,657.335819706822,659.325685445903,0.3,0.348837209302326,742.805417776108
2092,2,0.3,0.6,3,10000,300000,100,303.521902633778,311.258195492816,7.73629285903803,24.2871969271581,0.58,645.236247116428,652.972539975465,0.3,0.379746835443038,742.713839530945
2093,2,0.4,0.6,3,10000,300000,100,306.183073574582,316.359780496527,10.1767069219449,22.1867207003556,0.65,650.53905794012,660.715764862065,0.3,0.416666666666667,742.366401672363
2094,2,0.5,0.6,3,10000,300000,100,302.570420643953,318.051966878979,15.4815462350264,24.5778969917837,0.73,646.597594704659,662.079140939686,0.3,0.461538461538462,741.355878353119
2095,2,0.1,0.7,3,10000,300000,100,306.572521256527,314.111943169939,7.53942191341204,28.7356052873035,0.6,651.05382774609,658.593249659502,0.3,0.32258064516129,741.152229070663
2096,2,0.2,0.7,3,10000,300000,100,298.441957962924,302.564750349482,4.12279238655782,25.2731980325022,0.54,643.997736302975,648.120528689532,0.3,0.348837209302326,741.368245840073
2097,2,0.3,0.7,3,10000,300000,100,314.640213569207,324.52343788782,9.88322431861232,24.795530342646,0.6,656.895962636761,666.779186955373,0.3,0.379746835443038,753.964865207672
2098,2,0.4,0.7,3,10000,300000,100,310.108372642082,324.008028358735,13.8996557166539,26.8278304877325,0.69,649.384698595674,663.284354312327,0.3,0.416666666666667,755.307872056961
2099,2,0.5,0.7,3,10000,300000,100,303.27835442462,314.392758126453,11.1144037018326,22.0016454749925,0.72,651.30507531735,662.419479019183,0.3,0.461538461538462,758.380137681961
2100,2,0.1,0.3,0,13500,300000,100,300.291177706945,302.381584879423,2.09040717247826,21.3351919633914,0.48,647.550828456325,649.641235628804,0.3,0.32258064516129,754.554008483887
2101,2,0.2,0.3,0,13500,300000,100,306.874913376545,310.257001089604,3.38208771305802,24.5082878043888,0.55,653.19332882272,656.575416535778,0.3,0.348837209302326,738.544517755508
2102,2,0.3,0.3,0,13500,300000,100,301.68127481407,308.052720509621,6.37144569555062,26.3533064465564,0.58,648.729867938372,655.101313633922,0.3,0.379746835443038,741.338124513626
2103,2,0.4,0.3,0,13500,300000,100,299.821256516197,308.785903692558,8.96464717636167,22.4717375758721,0.62,646.585818922298,655.55046609866,0.3,0.416666666666667,735.755923986435
2104,2,0.5,0.3,0,13500,300000,100,304.616171659811,314.299114645453,9.68294298564208,27.7345573696811,0.66,648.375113705184,658.058056690826,0.3,0.461538461538462,741.388526439667
2105,2,0.1,0.4,0,13500,300000,100,292.598903356866,294.91445900704,2.3155556501739,25.7143330361391,0.49,642.743907175211,645.059462825385,0.3,0.32258064516129,739.959436893463
2106,2,0.2,0.4,0,13500,300000,100,297.750490513551,302.613869751401,4.86337923785065,23.2686632548443,0.59,646.051722075893,650.915101313743,0.3,0.348837209302326,736.674876689911
2107,2,0.3,0.4,0,13500,300000,100,308.691251592899,315.288480283896,6.59722869099647,20.0066381068191,0.6,654.58627634975,661.183505040746,0.3,0.379746835443038,740.315645456314
2108,2,0.4,0.4,0,13500,300000,100,302.874745356586,308.540657138622,5.66591178203598,27.875287689448,0.6,655.178179965354,660.84409174739,0.3,0.416666666666667,736.527754068375
2109,2,0.5,0.4,0,13500,300000,100,304.558821624732,311.855164566022,7.29634294129055,26.68239248602,0.57,652.334882322286,659.631225263577,0.3,0.461538461538462,737.302956819534
2110,2,0.1,0.5,0,13500,300000,100,307.271260906413,312.491854306754,5.22059340034106,24.1248777850183,0.55,651.999955788453,657.220549188794,0.3,0.32258064516129,742.12083697319
2111,2,0.2,0.5,0,13500,300000,100,303.696802388045,308.040497120876,4.34369473283084,28.1836603801478,0.55,651.990573675439,656.33426840827,0.3,0.348837209302326,740.819621801376
2112,2,0.3,0.5,0,13500,300000,100,301.470073012166,312.823073153948,11.3530001417818,26.7926181333478,0.67,647.762615915403,659.115616057185,0.3,0.379746835443038,742.588631391525
2113,2,0.4,0.5,0,13500,300000,100,307.757062375796,317.37181254737,9.6147501715735,25.0900354982808,0.62,656.037526870622,665.652277042195,0.3,0.416666666666667,753.373908519745
2114,2,0.5,0.5,0,13500,300000,100,312.604896236659,323.106867037628,10.5019708009684,26.2540342401253,0.66,655.415327571766,665.917298372734,0.3,0.461538461538462,754.335695028305
2115,2,0.1,0.6,0,13500,300000,100,300.553794770301,305.389903928233,4.83610915793266,25.8440015529195,0.54,645.303999428015,650.140108585948,0.3,0.32258064516129,799.076854705811
2116,2,0.2,0.6,0,13500,300000,100,314.574224780849,317.639201110809,3.06497632995937,26.225761672944,0.54,661.128065156329,664.193041486289,0.3,0.348837209302326,800.701633453369
2117,2,0.3,0.6,0,13500,300000,100,304.956236695092,315.062336842833,10.1061001477408,27.340065085428,0.65,651.335723256045,661.441823403786,0.3,0.379746835443038,743.126943588257
2118,2,0.4,0.6,0,13500,300000,100,303.811206156363,314.857641117945,11.0464349615817,29.6808814746093,0.62,651.420716887395,662.467151848977,0.3,0.416666666666667,739.407550096512
2119,2,0.5,0.6,0,13500,300000,100,309.914357526042,319.577079171656,9.6627216456143,21.8273106423823,0.62,655.24861551167,664.911337157284,0.3,0.461538461538462,741.401935338974
2120,2,0.1,0.7,0,13500,300000,100,311.193644317316,309.514110511178,-1.67953380613757,25.3898805545978,0.53,655.173381108303,653.493847302165,0.3,0.32258064516129,745.316163301468
2121,2,0.2,0.7,0,13500,300000,100,298.613146607367,301.519138975109,2.90599236774242,27.4290560400709,0.61,646.090544360003,648.996536727746,0.3,0.348837209302326,744.976447582245
2122,2,0.3,0.7,0,13500,300000,100,299.745347577491,304.167972012333,4.42262443484222,29.9854986082628,0.58,648.692266252842,653.114890687684,0.3,0.379746835443038,745.889451503754
2123,2,0.4,0.7,0,13500,300000,100,301.009619992868,308.660238481571,7.65061848870328,27.6474164683228,0.6,643.375702122982,651.026320611685,0.3,0.416666666666667,742.622797727585
2124,2,0.5,0.7,0,13500,300000,100,308.57742478831,316.524976347234,7.94755155892385,25.4639529245731,0.62,652.5610507612,660.508602320124,0.3,0.461538461538462,744.854922771454
2125,2,0.1,0.3,1,13500,300000,100,304.310324985888,315.667251153068,11.3569261671806,23.9377006615793,0.68,653.038321821495,664.395247988676,0.3,0.32258064516129,736.359464406967
2126,2,0.2,0.3,1,13500,300000,100,315.388267489418,317.017388448147,1.62912095872903,20.0907880753987,0.51,658.21502499491,659.844145953639,0.3,0.348837209302326,734.389295101166
2127,2,0.3,0.3,1,13500,300000,100,309.553022378398,315.484716938098,5.93169455969985,21.6680510215321,0.59,653.921404905514,659.853099465214,0.3,0.379746835443038,736.927590370178
2128,2,0.4,0.3,1,13500,300000,100,297.952038488889,307.089859989409,9.13782150052049,23.7857720346331,0.66,647.085572435567,656.223393936087,0.3,0.416666666666667,736.940976381302
2129,2,0.5,0.3,1,13500,300000,100,300.166358225384,310.942414376078,10.776056150694,23.6935097404519,0.69,646.319614130049,657.095670280743,0.3,0.461538461538462,749.719025850296
2130,2,0.1,0.4,1,13500,300000,100,305.022366099008,307.661709068974,2.63934296996665,20.8634470599147,0.6,651.552307298214,654.19165026818,0.3,0.32258064516129,750.249315261841
2131,2,0.2,0.4,1,13500,300000,100,299.700603992289,302.284265851207,2.58366185891786,26.0638804233083,0.55,646.340404059706,648.924065918624,0.3,0.348837209302326,789.000793457031
2132,2,0.3,0.4,1,13500,300000,100,311.424022896114,317.99466604436,6.57064314824595,22.4225863447057,0.59,657.492919218361,664.063562366607,0.3,0.379746835443038,793.055751085281
2133,2,0.4,0.4,1,13500,300000,100,307.639185648511,315.984255082836,8.34506943432549,25.5013915521595,0.59,650.027925745798,658.372995180123,0.3,0.416666666666667,738.959463119507
2134,2,0.5,0.4,1,13500,300000,100,311.327024150164,323.755457886346,12.4284337361822,21.0356827930994,0.66,653.513280037681,665.941713773863,0.3,0.461538461538462,736.908792257309
2135,2,0.1,0.5,1,13500,300000,100,311.912689391056,313.456803258227,1.54411386717089,24.841841367702,0.62,658.813799034576,660.357912901746,0.3,0.32258064516129,741.145787477493
2136,2,0.2,0.5,1,13500,300000,100,307.972558767249,313.132436073973,5.15987730672458,25.4276954395422,0.6,656.731372099692,661.891249406416,0.3,0.348837209302326,742.487454175949
2137,2,0.3,0.5,1,13500,300000,100,296.544066246549,305.040445368574,8.49637912202512,25.7634291302082,0.59,639.501965960187,647.998345082212,0.3,0.379746835443038,744.635297775269
2138,2,0.4,0.5,1,13500,300000,100,300.041686348481,310.119029609115,10.0773432606336,26.3232650315647,0.61,648.713885950491,658.791229211125,0.3,0.416666666666667,742.285163402557
2139,2,0.5,0.5,1,13500,300000,100,310.230125956296,317.147129667452,6.91700371115652,23.4607193895511,0.63,654.359959871571,661.276963582727,0.3,0.461538461538462,744.486694335938
2140,2,0.1,0.6,1,13500,300000,100,301.449369207584,305.657995009385,4.20862580180069,26.7401520087988,0.53,652.249464748942,656.458090550743,0.3,0.32258064516129,743.032764196396
2141,2,0.2,0.6,1,13500,300000,100,309.04120076743,315.558669641342,6.51746887391211,28.4847822682293,0.6,647.926712893893,654.444181767805,0.3,0.348837209302326,742.438915014267
2142,2,0.3,0.6,1,13500,300000,100,310.538301647652,315.913482300357,5.37518065270459,23.1346742484028,0.6,657.9651398594,663.340320512104,0.3,0.379746835443038,741.606730937958
2143,2,0.4,0.6,1,13500,300000,100,302.292346356898,310.546460577537,8.2541142206383,22.9455418101603,0.55,644.924274574905,653.178388795544,0.3,0.416666666666667,739.382799625397
2144,2,0.5,0.6,1,13500,300000,100,303.748342899002,317.067779157143,13.3194362581411,22.4307854491949,0.69,652.974709143553,666.294145401694,0.3,0.461538461538462,740.247658729553
2145,2,0.1,0.7,1,13500,300000,100,301.740916272908,305.767106517604,4.02619024469675,27.7288369994031,0.54,646.990961901472,651.017152146168,0.3,0.32258064516129,754.011399745941
2146,2,0.2,0.7,1,13500,300000,100,300.426238343927,308.092690292231,7.66645194830452,24.9011167144833,0.55,642.079727042363,649.746178990668,0.3,0.348837209302326,753.890883207321
2147,2,0.3,0.7,1,13500,300000,100,309.670792393906,315.927375714307,6.25658332040106,22.8827690743635,0.61,654.320519587035,660.577102907436,0.3,0.379746835443038,795.760690927506
2148,2,0.4,0.7,1,13500,300000,100,303.545923490449,308.507211778227,4.96128828777882,26.7273157485874,0.58,648.338526384202,653.299814671981,0.3,0.416666666666667,800.981250047684
2149,2,0.5,0.7,1,13500,300000,100,312.206691268071,319.19004421407,6.98335294599876,24.5075193616207,0.58,659.661477231366,666.644830177365,0.3,0.461538461538462,742.882370710373
2150,2,0.1,0.3,2,13500,300000,100,298.411470034904,299.022600087017,0.611130052112987,23.1477351112477,0.49,645.819603745073,646.430733797186,0.3,0.32258064516129,738.320851802826
2151,2,0.2,0.3,2,13500,300000,100,299.368400346415,304.051728825447,4.68332847903121,25.8498373084818,0.58,646.743330838349,651.42665931738,0.3,0.348837209302326,736.565326929092
2152,2,0.3,0.3,2,13500,300000,100,303.517375876514,314.780212553273,11.2628366767593,26.165821666797,0.7,649.288965638238,660.551802314997,0.3,0.379746835443038,740.654661893845
2153,2,0.4,0.3,2,13500,300000,100,305.765372331775,319.006027300666,13.2406549688908,22.7350367931156,0.69,649.653982845528,662.894637814419,0.3,0.416666666666667,737.958441972733
2154,2,0.5,0.3,2,13500,300000,100,305.157021350368,315.748373258899,10.5913519085301,24.9143347732772,0.6,652.145762109345,662.737114017875,0.3,0.461538461538462,739.65868473053
2155,2,0.1,0.4,2,13500,300000,100,307.140964477991,309.078189847183,1.93722536919202,20.5063060891349,0.54,653.287420752139,655.224646121331,0.3,0.32258064516129,740.28037571907
2156,2,0.2,0.4,2,13500,300000,100,310.198963771066,309.741053870396,-0.457909900670052,24.7067871730105,0.47,649.426954604602,648.969044703931,0.3,0.348837209302326,737.166305303574
2157,2,0.3,0.4,2,13500,300000,100,306.775909915824,316.360651546934,9.5847416311098,21.7100849848519,0.63,649.402606461304,658.987348092414,0.3,0.379746835443038,737.420785665512
2158,2,0.4,0.4,2,13500,300000,100,299.624743001865,310.720038753832,11.0952957519669,24.4869950160802,0.68,647.694857152373,658.790152904339,0.3,0.416666666666667,736.790213108063
2159,2,0.5,0.4,2,13500,300000,100,307.099916718261,318.442843788237,11.3429270699764,22.7861847384009,0.72,655.862852835319,667.205779905295,0.3,0.461538461538462,737.701501369476
2160,2,0.1,0.5,2,13500,300000,100,293.707386349417,300.647851558833,6.94046520941632,27.1535384571667,0.61,639.364558672631,646.305023882047,0.3,0.32258064516129,739.403015851975
2161,2,0.2,0.5,2,13500,300000,100,297.57113973886,302.771065762876,5.19992602401677,23.3045977264558,0.57,646.209389552255,651.409315576272,0.3,0.348837209302326,755.336428642273
2162,2,0.3,0.5,2,13500,300000,100,306.866377800816,311.999976452553,5.13359865173727,26.6175640354694,0.6,652.704244144599,657.837842796336,0.3,0.379746835443038,752.620394945145
2163,2,0.4,0.5,2,13500,300000,100,303.84335216554,314.629644628471,10.7862924629313,27.8581116882573,0.66,650.011446431925,660.797738894856,0.3,0.416666666666667,793.810056447983
2164,2,0.5,0.5,2,13500,300000,100,308.647374554572,318.901975013059,10.2546004584868,21.5527724363899,0.67,655.291158610397,665.545759068884,0.3,0.461538461538462,798.85705947876
2165,2,0.1,0.6,2,13500,300000,100,304.601443682245,308.394891927227,3.79344824498175,25.2378493005282,0.54,652.150613979784,655.944062224766,0.3,0.32258064516129,740.613531827927
2166,2,0.2,0.6,2,13500,300000,100,301.785441717636,303.970488031177,2.18504631354144,25.9220011808238,0.51,644.916113444518,647.101159758059,0.3,0.348837209302326,747.683609962463
2167,2,0.3,0.6,2,13500,300000,100,304.39658657558,311.438366884978,7.04178030939788,23.8626434650693,0.65,651.008183252494,658.049963561892,0.3,0.379746835443038,739.781084060669
2168,2,0.4,0.6,2,13500,300000,100,300.762429533364,312.632982424008,11.8705528906448,22.7296118027246,0.67,649.503925404908,661.374478295553,0.3,0.416666666666667,746.576691389084
2169,2,0.5,0.6,2,13500,300000,100,305.760401230083,317.833753171215,12.0733519411322,26.643482622937,0.67,653.470766310613,665.544118251745,0.3,0.461538461538462,743.61198592186
2170,2,0.1,0.7,2,13500,300000,100,309.491219437882,315.140607405723,5.64938796784123,24.4991011571811,0.61,658.590603611774,664.239991579616,0.3,0.32258064516129,745.680330514908
2171,2,0.2,0.7,2,13500,300000,100,308.141625980881,315.556409694208,7.41478371332701,27.2333142376482,0.6,649.573786982317,656.988570695644,0.3,0.348837209302326,744.993448972702
2172,2,0.3,0.7,2,13500,300000,100,304.264112516376,312.838972867931,8.57486035155557,28.2084872605671,0.66,646.217045145138,654.791905496694,0.3,0.379746835443038,745.536372900009
2173,2,0.4,0.7,2,13500,300000,100,307.056903332665,316.833526719271,9.77662338660613,25.5582731375806,0.59,652.492265580526,662.268888967132,0.3,0.416666666666667,742.86511015892
2174,2,0.5,0.7,2,13500,300000,100,301.059958024451,311.209455219923,10.1494971954723,21.8726473612725,0.66,646.222984177382,656.372481372854,0.3,0.461538461538462,740.492122411728
2175,2,0.1,0.3,3,13500,300000,100,303.415062042342,306.159459138996,2.74439709665318,24.0817587416266,0.56,648.882925584706,651.62732268136,0.3,0.32258064516129,734.897970199585
2176,2,0.2,0.3,3,13500,300000,100,304.531024808199,311.426868895855,6.89584408765609,26.1592686299198,0.63,650.757915472476,657.653759560132,0.3,0.348837209302326,735.919549226761
2177,2,0.3,0.3,3,13500,300000,100,306.111416708225,317.685470226054,11.5740535178293,23.7113640200818,0.66,649.670940257259,661.244993775088,0.3,0.379746835443038,750.528141021729
2178,2,0.4,0.3,3,13500,300000,100,311.676048494107,320.448029318961,8.77198082485351,24.66394010908,0.63,654.688848578033,663.460829402887,0.3,0.416666666666667,748.579120397568
2179,2,0.5,0.3,3,13500,300000,100,306.220652209485,317.870202762796,11.6495505533103,24.897824696801,0.71,649.906029823238,661.555580376548,0.3,0.461538461538462,790.038484811783
2180,2,0.1,0.4,3,13500,300000,100,310.057556600657,313.636611433052,3.57905483239463,25.384387873434,0.51,653.367317633571,656.946372465965,0.3,0.32258064516129,792.954304456711
2181,2,0.2,0.4,3,13500,300000,100,298.876334421878,302.361772108214,3.48543768633536,27.4051479464385,0.51,643.662314685166,647.147752371501,0.3,0.348837209302326,744.094723463059
2182,2,0.3,0.4,3,13500,300000,100,308.755466386466,312.278702926545,3.52323654007894,26.0855870303898,0.57,656.335498471876,659.858735011954,0.3,0.379746835443038,738.496542930603
2183,2,0.4,0.4,3,13500,300000,100,293.935051874467,304.564752012309,10.6297001378425,24.7988566908827,0.66,642.765051898167,653.39475203601,0.3,0.416666666666667,865.717200279236
2184,2,0.5,0.4,3,13500,300000,100,309.385102822988,323.896193116386,14.5110902933979,24.1660997076367,0.76,651.025183175512,665.53627346891,0.3,0.461538461538462,739.51548075676
2185,2,0.1,0.5,3,13500,300000,100,297.645775550531,301.312904067262,3.66712851673134,23.0400147867114,0.54,644.21319271363,647.880321230361,0.3,0.32258064516129,743.905069589615
2186,2,0.2,0.5,3,13500,300000,100,304.049746603781,310.260517646938,6.21077104315694,24.7379832262733,0.58,651.458987479797,657.669758522954,0.3,0.348837209302326,741.989928245545
2187,2,0.3,0.5,3,13500,300000,100,304.860609034975,314.212350812671,9.35174177769633,25.1924756998852,0.64,650.140131395603,659.491873173299,0.3,0.379746835443038,743.395605564118
2188,2,0.4,0.5,3,13500,300000,100,309.790257935536,319.723356476058,9.93309854052162,25.7926286483678,0.66,654.53875123811,664.471849778632,0.3,0.416666666666667,743.102827548981
2189,2,0.5,0.5,3,13500,300000,100,308.654780001449,323.521745435792,14.8669654343428,25.1191418958633,0.68,654.014900575822,668.881866010165,0.3,0.461538461538462,739.795357465744
2190,2,0.1,0.6,3,13500,300000,100,309.939663798877,313.801186571842,3.86152277296416,26.3969589108302,0.58,653.441897227061,657.303420000025,0.3,0.32258064516129,741.906472444534
2191,2,0.2,0.6,3,13500,300000,100,308.948275160552,317.577250812933,8.62897565238091,26.0372063974521,0.61,653.611212821191,662.240188473572,0.3,0.348837209302326,742.957224845886
2192,2,0.3,0.6,3,13500,300000,100,314.323726394276,319.572916304988,5.24918991071224,26.0145209646979,0.61,654.353627421792,659.602817332505,0.3,0.379746835443038,740.272379636765
2193,2,0.4,0.6,3,13500,300000,100,304.768678839711,310.082666400708,5.31398756099675,22.8628508564221,0.55,652.597575769887,657.911563330884,0.3,0.416666666666667,756.669427156448
2194,2,0.5,0.6,3,13500,300000,100,311.411972918027,318.923089867054,7.51111694902689,21.5105966166409,0.58,654.083892932991,661.595009882018,0.3,0.461538461538462,756.759221792221
2195,2,0.1,0.7,3,13500,300000,100,303.500242665594,307.88795413853,4.38771147293539,26.9201643497668,0.58,644.341995817252,648.729707290188,0.3,0.32258064516129,794.660893917084
2196,2,0.2,0.7,3,13500,300000,100,304.740923132924,306.185499131445,1.4445759985207,24.603700641773,0.54,653.520136714671,654.964712713192,0.3,0.348837209302326,802.694275856018
2197,2,0.3,0.7,3,13500,300000,100,306.128212350584,317.257509273456,11.1292969228725,28.6597925100916,0.65,652.128936548424,663.258233471296,0.3,0.379746835443038,747.332070589066
2198,2,0.4,0.7,3,13500,300000,100,303.686217028814,310.211308218206,6.52509118939153,23.6599858849034,0.61,651.721867126159,658.24695831555,0.3,0.416666666666667,744.918389081955
2199,2,0.5,0.7,3,13500,300000,100,300.229656217513,310.970756416827,10.7411001993148,22.9383907198126,0.7,652.858291284867,663.599391484181,0.3,0.461538461538462,741.584099292755
2200,2,0.1,0.3,0,17000,300000,100,298.376599967694,300.401107938782,2.02450797108771,20.7610479083727,0.56,640.069195071356,642.093703042444,0.3,0.32258064516129,741.77108502388
2201,2,0.2,0.3,0,17000,300000,100,301.443216436749,304.983321158798,3.54010472204892,23.3018721498842,0.55,649.078446608388,652.618551330437,0.3,0.348837209302326,738.15282535553
2202,2,0.3,0.3,0,17000,300000,100,301.974613460692,304.617659835141,2.64304637444829,22.3817287723157,0.53,648.718137719083,651.361184093531,0.3,0.379746835443038,739.891602039337
2203,2,0.4,0.3,0,17000,300000,100,301.355171399763,312.285639629891,10.9304682301277,25.0138138924407,0.64,648.673238304472,659.6037065346,0.3,0.416666666666667,737.12407374382
2204,2,0.5,0.3,0,17000,300000,100,306.769252871288,323.353744018904,16.5844911476162,25.6655314243518,0.76,650.314947413457,666.899438561073,0.3,0.461538461538462,739.474792003632
2205,2,0.1,0.4,0,17000,300000,100,298.325054719155,298.925734831503,0.600680112347657,23.4956881136277,0.48,642.879548621563,643.480228733911,0.3,0.32258064516129,735.922883272171
2206,2,0.2,0.4,0,17000,300000,100,302.516675505294,308.76883384996,6.25215834466549,23.8512857502575,0.61,648.930117412199,655.182275756865,0.3,0.348837209302326,738.094308853149
2207,2,0.3,0.4,0,17000,300000,100,310.90126299915,314.604718954238,3.70345595508715,28.8986185751945,0.59,653.585238910073,657.28869486516,0.3,0.379746835443038,737.837033748627
2208,2,0.4,0.4,0,17000,300000,100,303.358387914129,312.25355795751,8.89517004338112,23.8647898975107,0.67,645.757466920936,654.652636964317,0.3,0.416666666666667,744.771691322327
2209,2,0.5,0.4,0,17000,300000,100,300.43117684132,314.358763208627,13.9275863673067,23.6383757794791,0.73,646.911897861555,660.839484228862,0.3,0.461538461538462,752.781414270401
2210,2,0.1,0.5,0,17000,300000,100,305.880232824305,312.922079933425,7.04184710912005,23.9532518520099,0.63,653.634572284992,660.676419394112,0.3,0.32258064516129,754.25389790535
2211,2,0.2,0.5,0,17000,300000,100,294.633420667503,303.403282840841,8.76986217333863,23.4571823352782,0.62,640.246716893489,649.016579066827,0.3,0.348837209302326,794.645222663879
2212,2,0.3,0.5,0,17000,300000,100,302.725238174012,310.620861235525,7.89562306151332,23.6238070290253,0.63,645.759535837281,653.655158898795,0.3,0.379746835443038,799.746193408966
2213,2,0.4,0.5,0,17000,300000,100,309.97362142036,317.03342782327,7.05980640291041,25.7535443583261,0.59,651.755245622057,658.815052024967,0.3,0.416666666666667,746.894869327545
2214,2,0.5,0.5,0,17000,300000,100,307.27328111561,318.432631492621,11.1593503770118,26.3325191303037,0.67,654.235239649562,665.394590026574,0.3,0.461538461538462,740.825553417206
2215,2,0.1,0.6,0,17000,300000,100,301.131001083648,304.813329687813,3.68232860416559,28.3550413588418,0.51,645.861948049895,649.54427665406,0.3,0.32258064516129,740.887597322464
2216,2,0.2,0.6,0,17000,300000,100,296.420014286591,309.11004388193,12.6900295953389,25.6990735929618,0.66,642.236682367422,654.926711962761,0.3,0.348837209302326,743.026425600052
2217,2,0.3,0.6,0,17000,300000,100,313.332099381457,322.122142044214,8.79004266275743,27.2282233867445,0.64,658.947157789021,667.737200451778,0.3,0.379746835443038,743.273944377899
2218,2,0.4,0.6,0,17000,300000,100,309.303841521461,316.74810751162,7.44426599015869,22.7178735963311,0.56,650.027308810538,657.471574800697,0.3,0.416666666666667,743.925640583038
2219,2,0.5,0.6,0,17000,300000,100,306.368905143029,318.715611349505,12.346706206476,24.6140412886087,0.75,650.470823835742,662.817530042218,0.3,0.461538461538462,743.215901613236
2220,2,0.1,0.7,0,17000,300000,100,308.689923754296,315.017645531456,6.32772177716049,28.4261441113433,0.55,655.012099290599,661.339821067759,0.3,0.32258064516129,744.356640815735
2221,2,0.2,0.7,0,17000,300000,100,300.272687258112,311.335867543883,11.0631802857711,26.7633198157542,0.63,645.224150487118,656.287330772889,0.3,0.348837209302326,741.402714490891
2222,2,0.3,0.7,0,17000,300000,100,312.251682162151,315.9765321626,3.72485000044835,24.0447281390889,0.53,658.991468860864,662.716318861312,0.3,0.379746835443038,739.046875238419
2223,2,0.4,0.7,0,17000,300000,100,302.218898506491,310.1025242336,7.883625727109,24.0448735100526,0.59,647.677941374021,655.56156710113,0.3,0.416666666666667,740.7360227108
2224,2,0.5,0.7,0,17000,300000,100,301.38770099533,313.121018033086,11.7333170377565,22.9428619856774,0.68,650.644927146733,662.37824418449,0.3,0.461538461538462,741.365594625473
2225,2,0.1,0.3,1,17000,300000,100,299.797426316358,303.270859442068,3.47343312571065,24.4316510201135,0.53,646.7333037272,650.20673685291,0.3,0.32258064516129,747.80463886261
2226,2,0.2,0.3,1,17000,300000,100,300.107514604497,306.102609436351,5.99509483185381,25.6276139959019,0.56,644.443391704304,650.438486536157,0.3,0.348837209302326,751.233604669571
2227,2,0.3,0.3,1,17000,300000,100,302.861341840428,310.011698745289,7.1503569048616,29.0753438720057,0.65,647.48561515308,654.635972057941,0.3,0.379746835443038,789.697751760483
2228,2,0.4,0.3,1,17000,300000,100,306.09332508976,312.919053018137,6.82572792837709,20.1189517838496,0.59,654.059267662309,660.884995590687,0.3,0.416666666666667,795.163822412491
2229,2,0.5,0.3,1,17000,300000,100,311.213738149301,320.485730602909,9.27199245360803,21.9304171389162,0.62,654.244968456195,663.516960909803,0.3,0.461538461538462,742.171214818955
2230,2,0.1,0.4,1,17000,300000,100,299.319923690519,303.376375072433,4.05645138191471,25.0503072011764,0.58,646.459361506601,650.515812888516,0.3,0.32258064516129,737.428062915802
2231,2,0.2,0.4,1,17000,300000,100,306.716252323364,314.441811825465,7.72555950210103,24.4622128944551,0.58,651.901828521518,659.627388023619,0.3,0.348837209302326,884.168530702591
2232,2,0.3,0.4,1,17000,300000,100,301.006319252404,311.131432591732,10.1251133393281,23.3076625136886,0.66,644.093663135318,654.218776474646,0.3,0.379746835443038,742.303325176239
2233,2,0.4,0.4,1,17000,300000,100,302.774659748421,312.177157576516,9.40249782809508,23.8847958353985,0.66,651.165214850488,660.567712678584,0.3,0.416666666666667,739.012234210968
2234,2,0.5,0.4,1,17000,300000,100,312.745208103055,318.575084663362,5.82987656030642,24.1070411316307,0.58,654.257713379526,660.087589939832,0.3,0.461538461538462,760.602009057999
2235,2,0.1,0.5,1,17000,300000,100,304.650618146218,310.006081752811,5.35546360659251,24.8755705776592,0.52,650.286839991071,655.642303597664,0.3,0.32258064516129,741.5433781147
2236,2,0.2,0.5,1,17000,300000,100,305.16194319702,308.602693812516,3.44075061549637,23.091351515414,0.55,652.865622922956,656.306373538452,0.3,0.348837209302326,743.856785774231
2237,2,0.3,0.5,1,17000,300000,100,313.97874001617,319.581768993358,5.60302897718776,21.8442962503147,0.55,656.831312512641,662.434341489828,0.3,0.379746835443038,741.238160848618
2238,2,0.4,0.5,1,17000,300000,100,300.307084449379,308.169591482946,7.86250703356699,27.5878857039835,0.57,645.083641742889,652.946148776456,0.3,0.416666666666667,743.135949611664
2239,2,0.5,0.5,1,17000,300000,100,299.681840892734,307.54871952535,7.86687863261598,24.7654231393748,0.59,647.557226969475,655.424105602091,0.3,0.461538461538462,741.94652056694
2240,2,0.1,0.6,1,17000,300000,100,293.830555028672,296.309070159128,2.47851513045595,25.3461348499289,0.54,641.444628630362,643.923143760818,0.3,0.32258064516129,739.874109268189
2241,2,0.2,0.6,1,17000,300000,100,304.355882753708,309.094354739631,4.73847198592345,23.4740891238951,0.58,654.754834944666,659.49330693059,0.3,0.348837209302326,753.975574493408
2242,2,0.3,0.6,1,17000,300000,100,302.344142638653,307.967464186812,5.62332154815895,24.5411525458663,0.54,651.886774410374,657.510095958533,0.3,0.379746835443038,752.572855949402
2243,2,0.4,0.6,1,17000,300000,100,302.677437675888,312.073288807013,9.39585113112514,28.7800060565758,0.59,646.342952612775,655.7388037439,0.3,0.416666666666667,799.741906166077
2244,2,0.5,0.6,1,17000,300000,100,310.906013420146,317.583832168369,6.67781874822302,23.6372800607912,0.59,655.221752366422,661.899571114645,0.3,0.461538461538462,797.189566373825
2245,2,0.1,0.7,1,17000,300000,100,296.862560640165,308.117978983082,11.2554183429168,22.173236867651,0.71,644.24617530348,655.501593646397,0.3,0.32258064516129,740.882234811783
2246,2,0.2,0.7,1,17000,300000,100,309.524766315538,315.519017909137,5.994251593599,24.2926967188557,0.58,656.600092179491,662.594343773091,0.3,0.348837209302326,738.652687549591
2247,2,0.3,0.7,1,17000,300000,100,305.296441460764,311.288203700268,5.99176223950424,24.355549244891,0.57,647.831838647556,653.823600887061,0.3,0.379746835443038,884.440247058869
2248,2,0.4,0.7,1,17000,300000,100,304.300818339628,314.913513522912,10.612695183284,27.1827569538232,0.6,650.30483473924,660.917529922524,0.3,0.416666666666667,744.967862606049
2249,2,0.5,0.7,1,17000,300000,100,302.215443290058,310.002829936098,7.78738664604021,24.0362263890634,0.56,649.337605320253,657.124991966293,0.3,0.461538461538462,743.022691011429
2250,2,0.1,0.3,2,17000,300000,100,308.636357541265,310.797830258679,2.16147271741338,20.6614496009866,0.55,657.841038296988,660.002511014402,0.3,0.32258064516129,739.792932271957
2251,2,0.2,0.3,2,17000,300000,100,302.135675322516,305.731539848873,3.59586452635679,24.6447706656396,0.58,646.165000655862,649.760865182219,0.3,0.348837209302326,735.523305892944
2252,2,0.3,0.3,2,17000,300000,100,301.703394034682,308.120569144215,6.4171751095336,26.9458305550692,0.63,644.390831716359,650.808006825893,0.3,0.379746835443038,740.824675321579
2253,2,0.4,0.3,2,17000,300000,100,299.836292463105,306.605849555421,6.76955709231575,26.0345293750393,0.58,641.277743312396,648.047300404712,0.3,0.416666666666667,738.157164573669
2254,2,0.5,0.3,2,17000,300000,100,303.824073086601,310.746362257557,6.92228917095626,24.234925068714,0.56,655.437080495694,662.35936966665,0.3,0.461538461538462,961.251846075058
2255,2,0.1,0.4,2,17000,300000,100,308.603192901116,307.827841904875,-0.775350996240836,26.7455240015357,0.52,654.562599357831,653.78724836159,0.3,0.32258064516129,734.96607041359
2256,2,0.2,0.4,2,17000,300000,100,302.780173290853,304.223791259123,1.44361796827026,25.7976378611224,0.49,646.835711430374,648.279329398645,0.3,0.348837209302326,735.232111930847
2257,2,0.3,0.4,2,17000,300000,100,304.768499963085,310.755339570271,5.98683960718615,23.7069204490087,0.61,656.504562452748,662.491402059935,0.3,0.379746835443038,751.212064504624
2258,2,0.4,0.4,2,17000,300000,100,304.495545933771,311.570613356618,7.07506742284706,23.9403964837145,0.63,650.421460209347,657.496527632194,0.3,0.416666666666667,750.257512807846
2259,2,0.5,0.4,2,17000,300000,100,299.630628525089,313.181399891277,13.550771366188,26.0931887892957,0.69,645.274380825028,658.825152191216,0.3,0.461538461538462,791.412169933319
2260,2,0.1,0.5,2,17000,300000,100,315.600839798545,318.189968591837,2.5891287932914,23.3356263805831,0.57,660.380545325618,662.969674118909,0.3,0.32258064516129,799.916876792908
2261,2,0.2,0.5,2,17000,300000,100,299.364901876152,304.769085685702,5.40418380955038,22.9300540489701,0.61,647.156166808195,652.560350617746,0.3,0.348837209302326,745.489107131958
2262,2,0.3,0.5,2,17000,300000,100,304.324006644635,310.390816868023,6.06681022338841,23.7172015512256,0.62,650.775348349861,656.842158573249,0.3,0.379746835443038,741.72637796402
2263,2,0.4,0.5,2,17000,300000,100,309.272723318358,319.444551195581,10.1718278772237,24.6376997516426,0.61,655.404770624134,665.576598501358,0.3,0.416666666666667,868.595844984055
2264,2,0.5,0.5,2,17000,300000,100,302.214837754184,313.673433527635,11.4585957734508,20.5029459896787,0.68,647.186435984707,658.645031758157,0.3,0.461538461538462,745.379577875137
2265,2,0.1,0.6,2,17000,300000,100,308.971969437121,309.18423053498,0.212261097859084,24.6134903011583,0.45,655.723174820085,655.935435917944,0.3,0.32258064516129,739.266028881073
2266,2,0.2,0.6,2,17000,300000,100,306.339940666248,315.042364571895,8.70242390564687,25.5983098072773,0.6,648.902903633995,657.605327539642,0.3,0.348837209302326,764.511952400208
2267,2,0.3,0.6,2,17000,300000,100,295.016205082063,304.386874557113,9.37066947505031,25.5228069923334,0.58,644.789133189811,654.159802664862,0.3,0.379746835443038,739.457672357559
2268,2,0.4,0.6,2,17000,300000,100,317.117679870577,325.638623252455,8.52094338187761,25.3403415511334,0.62,660.030311150392,668.55125453227,0.3,0.416666666666667,743.477475166321
2269,2,0.5,0.6,2,17000,300000,100,311.179028811022,323.092654527566,11.9136257165436,22.7605266906444,0.65,657.600245964224,669.513871680768,0.3,0.461538461538462,744.596176862717
2270,2,0.1,0.7,2,17000,300000,100,307.428316221377,310.736441595658,3.30812537428076,25.5738654195734,0.55,657.058135247502,660.366260621783,0.3,0.32258064516129,741.988478660584
2271,2,0.2,0.7,2,17000,300000,100,303.330655111422,313.679779727706,10.3491246162835,24.6458545486951,0.63,648.641972750168,658.991097366451,0.3,0.348837209302326,738.158197164536
2272,2,0.3,0.7,2,17000,300000,100,305.242875730217,310.890966689429,5.64809095921158,23.6944536487981,0.54,652.082734530476,657.730825489688,0.3,0.379746835443038,740.804762125015
2273,2,0.4,0.7,2,17000,300000,100,296.189175299474,309.566502867808,13.3773275683335,28.763407697962,0.68,643.357275913701,656.734603482035,0.3,0.416666666666667,795.801631689072
2274,2,0.5,0.7,2,17000,300000,100,305.818729222953,316.131893401189,10.3131641782365,26.0663543245301,0.64,647.410171518302,657.723335696538,0.3,0.461538461538462,754.687657117844
2275,2,0.1,0.3,3,17000,300000,100,299.651966988741,302.91313271334,3.26116572459915,21.5914624715295,0.63,644.827794457307,648.088960181907,0.3,0.32258064516129,796.295247077942
2276,2,0.2,0.3,3,17000,300000,100,296.865031000902,301.886523039603,5.02149203870063,26.2291595739114,0.59,645.829308190996,650.850800229696,0.3,0.348837209302326,793.26044344902
2277,2,0.3,0.3,3,17000,300000,100,304.225770650238,312.517320657888,8.29155000765037,21.64003172237,0.73,651.691690656578,659.983240664228,0.3,0.379746835443038,736.76476764679
2278,2,0.4,0.3,3,17000,300000,100,301.673568578816,309.525677296559,7.85210871774263,22.8091752300599,0.55,645.314517630095,653.166626347838,0.3,0.416666666666667,735.099301338196
2279,2,0.5,0.3,3,17000,300000,100,297.131379198959,305.72303381334,8.59165461438096,23.9479019518231,0.64,647.544313061438,656.135967675819,0.3,0.461538461538462,738.111098527908
2280,2,0.1,0.4,3,17000,300000,100,302.973505056167,298.301316493508,-4.67218856265877,23.3698076344875,0.38,651.117253867396,646.445065304737,0.3,0.32258064516129,741.243420600891
2281,2,0.2,0.4,3,17000,300000,100,300.73671023203,306.130987257417,5.39427702538719,24.5701757073902,0.6,655.180174709131,660.574451734518,0.3,0.348837209302326,736.223390579224
2282,2,0.3,0.4,3,17000,300000,100,309.463890227599,314.054304195344,4.59041396774497,25.1852591790342,0.52,651.634774458286,656.225188426031,0.3,0.379746835443038,735.738063812256
2283,2,0.4,0.4,3,17000,300000,100,309.080026551554,318.531916220938,9.45188966938389,23.981695687399,0.58,654.096411226294,663.548300895678,0.3,0.416666666666667,738.245438575745
2284,2,0.5,0.4,3,17000,300000,100,296.266548914044,306.498728103144,10.2321791890999,27.1219400937255,0.63,649.905911877667,660.138091066767,0.3,0.461538461538462,741.627483129501
2285,2,0.1,0.5,3,17000,300000,100,308.63566455619,313.786077410483,5.15041285429344,25.5423346836801,0.56,654.550849220418,659.701262074711,0.3,0.32258064516129,755.441030979157
2286,2,0.2,0.5,3,17000,300000,100,299.087293349144,306.637408988479,7.55011563933478,24.6423297685295,0.6,644.730211480593,652.280327119928,0.3,0.348837209302326,740.719391345978
2287,2,0.3,0.5,3,17000,300000,100,302.837603812476,310.971914208136,8.13431039565997,29.1830599133885,0.65,652.693288022493,660.827598418153,0.3,0.379746835443038,741.28678226471
2288,2,0.4,0.5,3,17000,300000,100,310.08253861689,318.244627101638,8.16208848474745,24.387546973693,0.59,655.300310165634,663.462398650381,0.3,0.416666666666667,741.316041707993
2289,2,0.5,0.5,3,17000,300000,100,301.566587479331,311.466654377745,9.90006689841414,26.6034409030399,0.61,652.270122516248,662.170189414662,0.3,0.461538461538462,796.592169761658
2290,2,0.1,0.6,3,17000,300000,100,320.181258357755,321.399368687794,1.21811033003832,27.6251757579596,0.54,662.589559769032,663.80767009907,0.3,0.32258064516129,753.63712644577
2291,2,0.2,0.6,3,17000,300000,100,305.351700062205,310.02092931126,4.66922924905475,26.1869671982573,0.59,656.234622531953,660.903851781008,0.3,0.348837209302326,796.449902534485
2292,2,0.3,0.6,3,17000,300000,100,305.150571900955,312.41460734479,7.26403544383445,21.1540775158978,0.61,650.327394304914,657.591429748748,0.3,0.379746835443038,797.069405078888
2293,2,0.4,0.6,3,17000,300000,100,316.070524970851,320.094948982163,4.02442401131209,27.463669992766,0.55,659.101105980503,663.125529991815,0.3,0.416666666666667,741.849203586578
2294,2,0.5,0.6,3,17000,300000,100,304.209580500772,311.76509296013,7.55551245935891,25.6468979297926,0.53,650.815479634336,658.370992093695,0.3,0.461538461538462,741.535079479218
2295,2,0.1,0.7,3,17000,300000,100,302.873110278879,305.160876745135,2.28776646625543,27.5068507892683,0.55,649.314410489617,651.602176955873,0.3,0.32258064516129,740.227605819702
2296,2,0.2,0.7,3,17000,300000,100,300.934654059216,308.425741369236,7.49108731001905,25.8624389883751,0.62,645.785671118487,653.276758428506,0.3,0.348837209302326,745.325829029083
2297,2,0.3,0.7,3,17000,300000,100,295.279430029489,303.101194757311,7.82176472782147,30.896067501289,0.53,645.24365973876,653.065424466581,0.3,0.379746835443038,741.916011810303
2298,2,0.4,0.7,3,17000,300000,100,312.099984651399,322.139676259455,10.0396916080557,25.6655041492509,0.63,658.924992504709,668.964684112765,0.3,0.416666666666667,741.365591287613
2299,2,0.5,0.7,3,17000,300000,100,299.375065541398,308.074656162952,8.69959062155439,25.1833927190046,0.58,645.646584021811,654.346174643366,0.3,0.461538461538462,739.454480409622
2300,2,0.1,0.3,0,20000,300000,100,306.671383372714,309.825118677148,3.15373530443388,20.1834919505317,0.6,652.552473538439,655.706208842873,0.3,0.32258064516129,739.49160861969
2301,2,0.2,0.3,0,20000,300000,100,309.133008342938,313.03729553862,3.9042871956815,26.7658510932559,0.6,655.375842115413,659.280129311094,0.3,0.348837209302326,738.000508308411
2302,2,0.3,0.3,0,20000,300000,100,311.39959153182,309.918525266773,-1.48106626504763,22.5708439119994,0.5,657.648448170617,656.16738190557,0.3,0.379746835443038,745.087552309036
2303,2,0.4,0.3,0,20000,300000,100,303.064065863062,313.663240145256,10.5991742821941,23.1985381410722,0.69,650.422250449926,661.02142473212,0.3,0.416666666666667,735.636496305466
2304,2,0.5,0.3,0,20000,300000,100,300.055474040338,311.8287534359,11.7732793955614,26.6451390228587,0.65,652.029369608592,663.802649004153,0.3,0.461538461538462,733.658575534821
2305,2,0.1,0.4,0,20000,300000,100,314.128382872001,318.32687218797,4.19848931596911,25.4443604807863,0.54,656.245173601399,660.443662917368,0.3,0.32258064516129,796.934664011002
2306,2,0.2,0.4,0,20000,300000,100,307.711196771441,311.513467784683,3.80227101324211,24.6189829766974,0.53,649.548356229327,653.350627242569,0.3,0.348837209302326,790.444990873337
2307,2,0.3,0.4,0,20000,300000,100,304.265093178167,314.758831510539,10.4937383323724,22.9766821179921,0.63,647.757013157702,658.250751490074,0.3,0.379746835443038,786.092148303986
2308,2,0.4,0.4,0,20000,300000,100,308.050563356374,318.190188374738,10.1396250183639,20.8502749673185,0.65,651.050637951536,661.1902629699,0.3,0.416666666666667,789.79584312439
2309,2,0.5,0.4,0,20000,300000,100,300.506324311594,314.113870122308,13.6075458107138,19.0150690533801,0.78,643.646886882729,657.254432693442,0.3,0.461538461538462,744.40588593483
2310,2,0.1,0.5,0,20000,300000,100,303.172872311993,304.888394952632,1.71552264063844,21.7569335004589,0.57,651.507202021668,653.222724662306,0.3,0.32258064516129,742.631969690323
2311,2,0.2,0.5,0,20000,300000,100,296.713984303577,302.21006472323,5.49608041965286,25.7591166349488,0.59,644.061313278401,649.557393698054,0.3,0.348837209302326,743.851931810379
2312,2,0.3,0.5,0,20000,300000,100,303.133838399451,312.37018756493,9.23634916547931,23.5157417436364,0.68,648.707180010361,657.94352917584,0.3,0.379746835443038,745.65956902504
2313,2,0.4,0.5,0,20000,300000,100,310.536563543862,320.028242183549,9.49167863968741,24.6005882098837,0.67,658.775561552908,668.267240192595,0.3,0.416666666666667,741.01293182373
2314,2,0.5,0.5,0,20000,300000,100,303.832323873031,318.244045433546,14.4117215605155,25.0620810885091,0.7,651.449775607694,665.86149716821,0.3,0.461538461538462,741.271918296814
2315,2,0.1,0.6,0,20000,300000,100,315.415636393158,319.8909153931,4.47527899994224,23.0208454131595,0.57,663.091070777061,667.566349777003,0.3,0.32258064516129,739.044185400009
2316,2,0.2,0.6,0,20000,300000,100,308.769833214121,311.627505800933,2.85767258681166,24.0631460546041,0.56,658.175755916532,661.033428503344,0.3,0.348837209302326,739.064322710037
2317,2,0.3,0.6,0,20000,300000,100,307.012980754965,315.763146963622,8.75016620865685,23.2257334097157,0.6,655.007086916889,663.757253125546,0.3,0.379746835443038,740.985148906708
2318,2,0.4,0.6,0,20000,300000,100,300.564326406173,313.204386811892,12.640060405719,24.1394530391387,0.7,643.719241893679,656.359302299398,0.3,0.416666666666667,742.390278100967
2319,2,0.5,0.6,0,20000,300000,100,311.687626749741,317.3856562788,5.69802952905839,21.2710512685866,0.59,658.817780557039,664.515810086097,0.3,0.461538461538462,740.217019081116
2320,2,0.1,0.7,0,20000,300000,100,300.743077111597,308.442292309353,7.69921519775668,24.2092707983913,0.63,647.820265700012,655.519480897769,0.3,0.32258064516129,741.033982753754
2321,2,0.2,0.7,0,20000,300000,100,313.234639883873,317.046785340685,3.81214545681185,27.0597577713268,0.54,658.00074216767,661.812887624482,0.3,0.348837209302326,793.420623540878
2322,2,0.3,0.7,0,20000,300000,100,309.972744998216,315.597873277898,5.62512827968211,24.0789641210926,0.58,657.399497437864,663.024625717546,0.3,0.379746835443038,795.090836763382
2323,2,0.4,0.7,0,20000,300000,100,310.474042501673,319.406209344289,8.93216684261645,23.4414373891349,0.66,652.88657986224,661.818746704857,0.3,0.416666666666667,793.757947683334
2324,2,0.5,0.7,0,20000,300000,100,301.204080366044,311.613994643027,10.4099142769833,21.4172034184758,0.66,647.01646010181,657.426374378793,0.3,0.461538461538462,795.999433040619
2325,2,0.1,0.3,1,20000,300000,100,304.847312688619,305.681839259596,0.834526570977853,20.1004206222441,0.51,650.614381779348,651.448908350325,0.3,0.32258064516129,741.20063996315
2326,2,0.2,0.3,1,20000,300000,100,310.921449888471,312.96054417445,2.03909428597816,23.6397022645075,0.49,656.039845613108,658.078939899087,0.3,0.348837209302326,737.660127878189
2327,2,0.3,0.3,1,20000,300000,100,303.625270307313,308.166232191458,4.54096188414509,27.6465384525455,0.57,645.3031619975,649.844123881645,0.3,0.379746835443038,737.343677520752
2328,2,0.4,0.3,1,20000,300000,100,301.276735540968,305.777852955901,4.50111741493378,21.3527914015483,0.58,650.115261897107,654.616379312041,0.3,0.416666666666667,736.174242019653
2329,2,0.5,0.3,1,20000,300000,100,303.912559446339,317.92329351825,14.0107340719112,25.7778395890964,0.72,651.846530963328,665.857265035239,0.3,0.461538461538462,735.627045154572
2330,2,0.1,0.4,1,20000,300000,100,301.201157461201,305.660375371929,4.45921791072798,22.3841258328425,0.58,645.037935091635,649.497153002363,0.3,0.32258064516129,738.538964033127
2331,2,0.2,0.4,1,20000,300000,100,314.345588632541,319.231986080537,4.88639744799543,20.5299347985881,0.59,661.4026418077,666.289039255695,0.3,0.348837209302326,736.072350978851
2332,2,0.3,0.4,1,20000,300000,100,302.065342467591,311.428621603017,9.36327913542584,24.0122054798178,0.69,649.775719276313,659.138998411739,0.3,0.379746835443038,738.075765132904
2333,2,0.4,0.4,1,20000,300000,100,313.605565486351,320.405881886927,6.80031640057547,21.1004139285312,0.6,659.803115219948,666.603431620524,0.3,0.416666666666667,736.839442968369
2334,2,0.5,0.4,1,20000,300000,100,308.621926793438,316.292731792657,7.67080499921938,20.0647416756094,0.67,653.675183930105,661.345988929325,0.3,0.461538461538462,736.533756494522
2335,2,0.1,0.5,1,20000,300000,100,299.607561281232,304.908485261275,5.30092398004295,23.9604220674203,0.58,645.397346082626,650.698270062668,0.3,0.32258064516129,740.478758335114
2336,2,0.2,0.5,1,20000,300000,100,301.611958571109,311.734966127347,10.1230075562382,27.9326509160622,0.62,650.89168273267,661.014690288908,0.3,0.348837209302326,742.515064954758
2337,2,0.3,0.5,1,20000,300000,100,305.678227217635,314.699808860658,9.02158164302311,25.8310311144213,0.59,650.800748057305,659.822329700328,0.3,0.379746835443038,795.658497810364
2338,2,0.4,0.5,1,20000,300000,100,297.291205560436,307.976066400435,10.6848608399987,26.6430135739512,0.67,646.698904150087,657.383764990085,0.3,0.416666666666667,795.439257383347
2339,2,0.5,0.5,1,20000,300000,100,304.817879915595,315.228878807536,10.4109988919408,21.7801730808284,0.74,648.625611224676,659.036610116617,0.3,0.461538461538462,791.244785547257
2340,2,0.1,0.6,1,20000,300000,100,311.247627746139,309.912799816395,-1.33482792974335,21.7641502733226,0.47,653.362309492259,652.027481562516,0.3,0.32258064516129,795.164764165878
2341,2,0.2,0.6,1,20000,300000,100,306.322215372105,309.542215803923,3.2200004318179,25.892419671907,0.48,653.996676006338,657.216676438156,0.3,0.348837209302326,742.851355075836
2342,2,0.3,0.6,1,20000,300000,100,305.537925076443,312.079400377711,6.54147530126822,27.3971990301446,0.6,655.442701692746,661.984176994014,0.3,0.379746835443038,747.254110336304
2343,2,0.4,0.6,1,20000,300000,100,294.12125037763,302.863877062682,8.74262668505171,25.7564971183518,0.63,642.385514386343,651.128141071395,0.3,0.416666666666667,742.670828342438
2344,2,0.5,0.6,1,20000,300000,100,305.864836891492,315.083061023563,9.21822413207192,25.9210340484964,0.63,650.876796077423,660.095020209495,0.3,0.461538461538462,741.378962039948
2345,2,0.1,0.7,1,20000,300000,100,308.076098996495,312.481549161432,4.40545016493686,25.2975309682495,0.57,653.913709431718,658.319159596655,0.3,0.32258064516129,742.400622606278
2346,2,0.2,0.7,1,20000,300000,100,301.197377242003,307.269923681193,6.07254643919053,26.6692201627764,0.6,647.719503835558,653.792050274749,0.3,0.348837209302326,738.971822023392
2347,2,0.3,0.7,1,20000,300000,100,305.583447280416,313.580411259391,7.99696397897493,23.8047707038276,0.61,652.016965488746,660.013929467721,0.3,0.379746835443038,740.014930486679
2348,2,0.4,0.7,1,20000,300000,100,311.025420725162,320.127801672648,9.10238094748656,27.0526512669525,0.6,660.36655014654,669.468931094026,0.3,0.416666666666667,740.835859537125
2349,2,0.5,0.7,1,20000,300000,100,304.940411412029,312.308672629042,7.36826121701377,22.3579139989034,0.61,646.165539120708,653.533800337722,0.3,0.461538461538462,740.835362672806
2350,2,0.1,0.3,2,20000,300000,100,302.381169740707,308.370335199082,5.98916545837531,19.9735392414218,0.59,648.491261955233,654.480427413608,0.3,0.32258064516129,736.45812535286
2351,2,0.2,0.3,2,20000,300000,100,314.130697421812,312.136083158109,-1.99461426370306,24.0565110014195,0.42,661.549220944885,659.554606681182,0.3,0.348837209302326,736.315252542496
2352,2,0.3,0.3,2,20000,300000,100,299.105005120309,310.505236926523,11.400231806214,25.1870179016347,0.67,644.887762547699,656.287994353913,0.3,0.379746835443038,736.146689653397
2353,2,0.4,0.3,2,20000,300000,100,306.077749726339,318.456706464079,12.3789567377405,23.8328821796205,0.69,655.524970385156,667.903927122896,0.3,0.416666666666667,790.908174514771
2354,2,0.5,0.3,2,20000,300000,100,313.05733935541,321.828415986241,8.77107663083084,21.7722289403905,0.65,656.234515017869,665.0055916487,0.3,0.461538461538462,790.292029619217
2355,2,0.1,0.4,2,20000,300000,100,301.100974180402,306.338767357781,5.23779317737921,25.9661265955528,0.56,644.710581794571,649.94837497195,0.3,0.32258064516129,808.087192296982
2356,2,0.2,0.4,2,20000,300000,100,303.557464915059,303.910760418204,0.353295503145523,25.5987434591789,0.44,646.219160633703,646.572456136849,0.3,0.348837209302326,790.499381542206
2357,2,0.3,0.4,2,20000,300000,100,312.414476618037,317.568641760978,5.15416514294103,24.3498454127454,0.53,653.777309462023,658.931474604964,0.3,0.379746835443038,742.678457975388
2358,2,0.4,0.4,2,20000,300000,100,299.516530901054,308.414411561806,8.89788066075258,22.0762534782841,0.69,647.352076800185,656.249957460937,0.3,0.416666666666667,737.448797225952
2359,2,0.5,0.4,2,20000,300000,100,300.870674848532,312.948450037278,12.0777751887457,21.0474570959126,0.7,646.394295498426,658.472070687171,0.3,0.461538461538462,737.02040219307
2360,2,0.1,0.5,2,20000,300000,100,306.522080808918,307.50592140359,0.983840594672679,26.9174316326479,0.49,646.189173310586,647.173013905259,0.3,0.32258064516129,745.652117729187
2361,2,0.2,0.5,2,20000,300000,100,289.389597562473,296.279233767279,6.88963620480554,26.6782271915635,0.63,639.559562985981,646.449199190787,0.3,0.348837209302326,739.83694601059
2362,2,0.3,0.5,2,20000,300000,100,306.21299154619,311.274192478933,5.06120093274368,28.2965500792049,0.6,649.637532474811,654.698733407555,0.3,0.379746835443038,740.090493917465
2363,2,0.4,0.5,2,20000,300000,100,306.327510353912,319.304362069979,12.9768517160673,24.2947512638122,0.68,647.667921003298,660.644772719366,0.3,0.416666666666667,741.653443813324
2364,2,0.5,0.5,2,20000,300000,100,309.083393907228,322.804159171472,13.7207652642437,24.9979854099923,0.7,649.64991573804,663.370681002284,0.3,0.461538461538462,740.775606632233
2365,2,0.1,0.6,2,20000,300000,100,300.242482984081,305.360587699127,5.1181047150456,25.0630646775165,0.61,646.997040865253,652.115145580299,0.3,0.32258064516129,741.608150243759
2366,2,0.2,0.6,2,20000,300000,100,308.187655707762,315.359200437069,7.17154472930731,21.384764899046,0.64,656.968184886453,664.13972961576,0.3,0.348837209302326,741.474470376968
2367,2,0.3,0.6,2,20000,300000,100,302.577518245811,306.829850168751,4.25233192294029,25.2574790539584,0.59,651.783664511349,656.03599643429,0.3,0.379746835443038,741.554058790207
2368,2,0.4,0.6,2,20000,300000,100,303.590738810769,311.07208257873,7.48134376796144,28.1392260250767,0.58,650.981225362864,658.462569130825,0.3,0.416666666666667,740.148059129715
2369,2,0.5,0.6,2,20000,300000,100,299.241021291134,310.654408221212,11.4133869300777,23.7516207136022,0.69,646.404942555818,657.818329485896,0.3,0.461538461538462,797.087749958038
2370,2,0.1,0.7,2,20000,300000,100,316.418547051418,321.549701476007,5.13115442458895,22.9283398000058,0.59,658.365114100832,663.49626852542,0.3,0.32258064516129,792.931173086166
2371,2,0.2,0.7,2,20000,300000,100,310.261364717773,314.101109813074,3.83974509530099,22.8630213592162,0.58,658.212176158129,662.05192125343,0.3,0.348837209302326,792.307668209076
2372,2,0.3,0.7,2,20000,300000,100,306.699185003441,309.367513654893,2.66832865145198,23.2504470731023,0.62,653.316192496131,655.984521147583,0.3,0.379746835443038,795.703436851502
2373,2,0.4,0.7,2,20000,300000,100,304.136828149176,309.760587521608,5.62375937243238,26.3188812941581,0.6,649.571699099228,655.19545847166,0.3,0.416666666666667,756.284439563751
2374,2,0.5,0.7,2,20000,300000,100,306.011460104243,314.421683993929,8.41022388968595,26.2754721361115,0.63,649.489617606642,657.899841496328,0.3,0.461538461538462,745.710694789887
2375,2,0.1,0.3,3,20000,300000,100,302.373710485251,305.128102393813,2.75439190856179,17.7164890083827,0.58,648.453553757833,651.207945666394,0.3,0.32258064516129,737.661926031113
2376,2,0.2,0.3,3,20000,300000,100,302.477871062553,307.645674094114,5.16780303156075,26.9867298522383,0.59,652.571820137691,657.739623169252,0.3,0.348837209302326,737.503611087799
2377,2,0.3,0.3,3,20000,300000,100,303.929356683708,307.715877783584,3.78652109987609,25.5045879420838,0.54,652.60502546151,656.391546561386,0.3,0.379746835443038,735.54634976387
2378,2,0.4,0.3,3,20000,300000,100,300.119359438706,306.867924560565,6.74856512185851,21.9998586083118,0.61,647.821675065597,654.570240187455,0.3,0.416666666666667,734.349156141281
2379,2,0.5,0.3,3,20000,300000,100,298.333392577678,309.171708114701,10.8383155370237,23.2574776975764,0.69,643.546451654671,654.384767191695,0.3,0.461538461538462,737.117019414902
2380,2,0.1,0.4,3,20000,300000,100,303.509001663584,310.260717050972,6.75171538738839,26.7563064716779,0.64,652.514881469651,659.26659685704,0.3,0.32258064516129,738.940320014954
2381,2,0.2,0.4,3,20000,300000,100,294.625497243758,303.772390192009,9.14689294825147,25.5333188736556,0.63,639.264216937055,648.411109885307,0.3,0.348837209302326,737.452476024628
2382,2,0.3,0.4,3,20000,300000,100,308.513119853915,315.124075453348,6.61095559943261,19.0754076481175,0.62,651.524822004454,658.135777603886,0.3,0.379746835443038,962.005987405777
2383,2,0.4,0.4,3,20000,300000,100,298.156860011585,309.407479328497,11.2506193169129,20.4552924228994,0.69,648.365829820202,659.616449137115,0.3,0.416666666666667,732.974635362625
2384,2,0.5,0.4,3,20000,300000,100,310.05948520026,318.140902748461,8.08141754820106,21.7781484815409,0.64,656.996380148924,665.077797697125,0.3,0.461538461538462,736.052562952042
2385,2,0.1,0.5,3,20000,300000,100,311.23109115821,312.684915703967,1.4538245457568,26.1393900740177,0.51,652.309504955564,653.763329501321,0.3,0.32258064516129,793.648463010788
2386,2,0.2,0.5,3,20000,300000,100,304.803467324983,308.47879373599,3.67532641100783,24.3098995723565,0.62,651.402753751392,655.0780801624,0.3,0.348837209302326,794.781548023224
2387,2,0.3,0.5,3,20000,300000,100,303.290380675617,309.542851985528,6.25247130991104,29.2482690102707,0.53,652.362364941303,658.614836251214,0.3,0.379746835443038,793.387674093246
2388,2,0.4,0.5,3,20000,300000,100,310.653325550054,323.318926396368,12.6656008463134,26.1723355574293,0.67,656.819622649586,669.4852234959,0.3,0.416666666666667,793.75300693512
2389,2,0.5,0.5,3,20000,300000,100,308.450591730934,323.255618425744,14.8050266948107,26.4162519133669,0.73,651.111850746758,665.916877441568,0.3,0.461538461538462,752.835792303085
2390,2,0.1,0.6,3,20000,300000,100,302.94439697786,307.580396934196,4.63599995633587,28.8032838938617,0.59,651.68312749229,656.319127448625,0.3,0.32258064516129,743.490123987198
2391,2,0.2,0.6,3,20000,300000,100,295.079641987689,303.561267001278,8.48162501358902,25.2017021943719,0.63,638.310917475342,646.792542488931,0.3,0.348837209302326,741.696321487427
2392,2,0.3,0.6,3,20000,300000,100,297.147630158925,306.80663709262,9.65900693369477,23.7154769619364,0.63,640.616584965303,650.275591898998,0.3,0.379746835443038,744.499116420746
2393,2,0.4,0.6,3,20000,300000,100,300.908490496442,308.485673819964,7.57718332352213,25.9373891093164,0.62,648.035364472636,655.612547796159,0.3,0.416666666666667,739.65463590622
2394,2,0.5,0.6,3,20000,300000,100,303.886945272925,316.422572758773,12.5356274858481,22.4589481547625,0.71,649.551425973821,662.087053459669,0.3,0.461538461538462,739.995627164841
2395,2,0.1,0.7,3,20000,300000,100,300.132717976766,306.080251728516,5.94753375175055,25.1151408253444,0.6,647.377961501941,653.325495253691,0.3,0.32258064516129,741.739516735077
2396,2,0.2,0.7,3,20000,300000,100,304.126734115454,309.020514750356,4.89378063490196,27.28334196255,0.63,649.327762099084,654.221542733986,0.3,0.348837209302326,740.075303316116
2397,2,0.3,0.7,3,20000,300000,100,296.607175207192,305.835582597718,9.22840739052602,25.0065584549679,0.68,647.957869288302,657.186276678828,0.3,0.379746835443038,741.527794361115
2398,2,0.4,0.7,3,20000,300000,100,302.98526928238,314.618053833904,11.6327845515246,21.4212668465009,0.68,649.009091864931,660.641876416456,0.3,0.416666666666667,741.378612756729
2399,2,0.5,0.7,3,20000,300000,100,295.566868731054,305.261998451646,9.69512972059231,26.0714584404504,0.64,643.035161883812,652.730291604404,0.3,0.461538461538462,738.478574752808
2400,2,0.1,0.3,0,3000,500000,100,306.748168245679,308.718583238114,1.97041499243568,27.5839254037652,0.49,657.193340913031,659.163755905466,0.3,0.32258064516129,744.557035207749
2401,2,0.2,0.3,0,3000,500000,100,302.01328774423,301.814547392299,-0.198740351931451,25.3369397567332,0.5,649.835209185327,649.636468833396,0.3,0.348837209302326,796.811322212219
2402,2,0.3,0.3,0,3000,500000,100,299.46019662593,307.513792470818,8.05359584488889,23.2363975554613,0.65,648.42746337041,656.481059215299,0.3,0.379746835443038,795.440988302231
2403,2,0.4,0.3,0,3000,500000,100,311.614963302959,318.864293322337,7.24933001937807,25.0106434744829,0.59,660.510473891886,667.759803911264,0.3,0.416666666666667,792.560905218124
2404,2,0.5,0.3,0,3000,500000,100,304.976226306704,318.254646827455,13.2784205207513,24.1825391312245,0.7,647.626239532378,660.90466005313,0.3,0.461538461538462,795.433552026749
2405,2,0.1,0.4,0,3000,500000,100,312.012566120353,315.423367534611,3.41080141425883,23.9264727755098,0.5,659.200543861987,662.611345276246,0.3,0.32258064516129,743.984455108643
2406,2,0.2,0.4,0,3000,500000,100,305.556297928661,309.787699799425,4.23140187076364,24.0973653569168,0.59,651.377007933915,655.608409804679,0.3,0.348837209302326,745.919509887695
2407,2,0.3,0.4,0,3000,500000,100,298.637552820595,307.225795077429,8.58824225683406,22.9881696786873,0.65,645.486984762851,654.075227019685,0.3,0.379746835443038,740.520977497101
2408,2,0.4,0.4,0,3000,500000,100,305.142671136328,312.19884925003,7.05617811370208,25.0583262221585,0.61,651.26274301551,658.318921129212,0.3,0.416666666666667,741.272871732712
2409,2,0.5,0.4,0,3000,500000,100,310.175282159672,320.710981900798,10.5356997411259,23.3163422266855,0.67,651.361223311298,661.896923052424,0.3,0.461538461538462,740.460589170456
2410,2,0.1,0.5,0,3000,500000,100,302.684315149078,308.714638424615,6.03032327553686,26.5139734339605,0.57,646.824333411334,652.854656686871,0.3,0.32258064516129,740.226161003113
2411,2,0.2,0.5,0,3000,500000,100,293.28881779874,298.638585980997,5.34976818225645,25.5783396896866,0.53,641.618960433777,646.968728616034,0.3,0.348837209302326,741.359318256378
2412,2,0.3,0.5,0,3000,500000,100,307.317961294153,314.114391106751,6.79642981259796,22.1719584700922,0.58,651.999797101633,658.796226914231,0.3,0.379746835443038,741.07767033577
2413,2,0.4,0.5,0,3000,500000,100,300.312815230328,308.032181325773,7.71936609544456,24.5922432814301,0.64,644.820956439001,652.540322534445,0.3,0.416666666666667,739.279903888702
2414,2,0.5,0.5,0,3000,500000,100,303.765814305808,313.844473810972,10.0786595051635,25.5212285510233,0.64,650.617108059288,660.695767564451,0.3,0.461538461538462,744.834584236145
2415,2,0.1,0.6,0,3000,500000,100,300.022400670714,303.669291448944,3.64689077822929,27.0774782726373,0.55,644.312175133469,647.959065911698,0.3,0.32258064516129,743.593219995499
2416,2,0.2,0.6,0,3000,500000,100,305.318336002015,312.449164403132,7.13082840111768,25.6766705634181,0.59,653.668516733416,660.799345134533,0.3,0.348837209302326,743.143318891525
2417,2,0.3,0.6,0,3000,500000,100,310.167669881023,318.061210255809,7.89354037478605,24.7489736644004,0.61,656.574976581369,664.468516956155,0.3,0.379746835443038,793.542006015778
2418,2,0.4,0.6,0,3000,500000,100,300.619881128592,310.304043622412,9.68416249381958,23.8832984694938,0.69,648.515833816807,658.199996310626,0.3,0.416666666666667,794.61018538475
2419,2,0.5,0.6,0,3000,500000,100,303.569937606565,313.28399236631,9.71405475974469,25.391568578824,0.66,646.949972083568,656.664026843313,0.3,0.461538461538462,1181.81043195725
2420,2,0.1,0.7,0,3000,500000,100,305.44360784742,311.345273089915,5.90166524249436,25.9058005163024,0.57,649.717783806531,655.619449049025,0.3,0.32258064516129,794.505177974701
2421,2,0.2,0.7,0,3000,500000,100,301.442128496184,307.376306356498,5.9341778603141,26.6575065013602,0.55,644.286804733159,650.220982593473,0.3,0.348837209302326,744.271542787552
2422,2,0.3,0.7,0,3000,500000,100,310.783640000381,320.605132350154,9.82149234977211,26.783695479689,0.6,653.836907964529,663.658400314301,0.3,0.379746835443038,741.502984523773
2423,2,0.4,0.7,0,3000,500000,100,302.798593570533,314.968090596492,12.1694970259595,24.6933270383627,0.67,651.483042713127,663.652539739086,0.3,0.416666666666667,742.9761531353
2424,2,0.5,0.7,0,3000,500000,100,303.042961448648,317.952484381767,14.9095229331185,20.9719670780575,0.77,650.122768159307,665.032291092426,0.3,0.461538461538462,742.03596162796
2425,2,0.1,0.3,1,3000,500000,100,298.417570953438,303.812857524792,5.39528657135353,24.9012396258103,0.55,641.962529688641,647.357816259994,0.3,0.32258064516129,740.89892244339
2426,2,0.2,0.3,1,3000,500000,100,295.653796168967,302.081306079836,6.42750991086896,25.3188630627461,0.55,644.383298822457,650.810808733326,0.3,0.348837209302326,766.317545890808
2427,2,0.3,0.3,1,3000,500000,100,303.470984416166,308.521155663167,5.05017124700096,24.5686534384816,0.53,645.90583498769,650.956006234691,0.3,0.379746835443038,740.421565294266
2428,2,0.4,0.3,1,3000,500000,100,306.465977994366,313.853791985754,7.38781399138814,22.9625439523123,0.59,648.606071146892,655.99388513828,0.3,0.416666666666667,741.710386037827
2429,2,0.5,0.3,1,3000,500000,100,297.129944724207,309.251031019497,12.1210862952901,20.9285637424942,0.73,642.694009646834,654.815095942124,0.3,0.461538461538462,740.999546527863
2430,2,0.1,0.4,1,3000,500000,100,301.595485702928,304.28068551513,2.68519981220131,27.188180951172,0.55,649.189580715713,651.874780527915,0.3,0.32258064516129,740.299500703812
2431,2,0.2,0.4,1,3000,500000,100,309.131392230423,317.324086938435,8.19269470801238,24.4145200184,0.57,652.455623539808,660.64831824782,0.3,0.348837209302326,740.015225887299
2432,2,0.3,0.4,1,3000,500000,100,313.799946074095,318.982320650698,5.18237457660294,23.5188013049188,0.63,660.358807848618,665.54118242522,0.3,0.379746835443038,738.62717461586
2433,2,0.4,0.4,1,3000,500000,100,309.729657432285,322.49543973068,12.765782298396,25.321490805089,0.67,653.61760086896,666.383383167356,0.3,0.416666666666667,792.360859394074
2434,2,0.5,0.4,1,3000,500000,100,310.167287946806,320.483644631166,10.3163566843602,23.9513627513579,0.66,649.528687980386,659.845044664746,0.3,0.461538461538462,792.333292722702
2435,2,0.1,0.5,1,3000,500000,100,293.394401474503,297.405067331807,4.01066585730341,25.8833546071195,0.53,641.040040686354,645.050706543658,0.3,0.32258064516129,794.896735668182
2436,2,0.2,0.5,1,3000,500000,100,294.270891723225,299.765158521966,5.49426679874168,23.706593051749,0.58,642.447604790029,647.941871588771,0.3,0.348837209302326,794.584360599518
2437,2,0.3,0.5,1,3000,500000,100,305.377940085902,315.286051216729,9.90811113082717,26.5856668087458,0.67,652.072689909017,661.980801039844,0.3,0.379746835443038,740.617730617523
2438,2,0.4,0.5,1,3000,500000,100,302.98699926468,312.059096714164,9.07209744948348,24.7779705966614,0.65,652.794642481222,661.866739930706,0.3,0.416666666666667,741.322512149811
2439,2,0.5,0.5,1,3000,500000,100,303.602444490382,317.114449689311,13.512005198929,25.7650281990669,0.72,648.5650831858,662.077088384729,0.3,0.461538461538462,741.866764783859
2440,2,0.1,0.6,1,3000,500000,100,299.916568457746,304.545102365347,4.62853390760055,24.9913336024701,0.56,645.824052336108,650.452586243709,0.3,0.32258064516129,742.026784420014
2441,2,0.2,0.6,1,3000,500000,100,304.11117101201,308.142572459634,4.03140144762383,25.2950073384637,0.52,645.847592772115,649.878994219738,0.3,0.348837209302326,742.447739124298
2442,2,0.3,0.6,1,3000,500000,100,302.484147844722,317.244266941822,14.7601190971004,30.7754416301973,0.67,647.182776968357,661.942896065457,0.3,0.379746835443038,740.413378477097
2443,2,0.4,0.6,1,3000,500000,100,303.745530594349,316.531605182086,12.7860745877364,27.3010957456656,0.67,648.821271371419,661.607345959155,0.3,0.416666666666667,740.262960195541
2444,2,0.5,0.6,1,3000,500000,100,311.239860069228,324.069097788378,12.82923771915,21.8123171562803,0.69,660.280620066678,673.109857785828,0.3,0.461538461538462,740.175030231476
2445,2,0.1,0.7,1,3000,500000,100,297.201395838062,301.212249070143,4.01085323208041,26.8948648947908,0.61,646.036552437499,650.04740566958,0.3,0.32258064516129,739.821680545807
2446,2,0.2,0.7,1,3000,500000,100,304.028753845608,309.582855285695,5.55410144008628,25.8201856106079,0.57,653.524084614074,659.078186054161,0.3,0.348837209302326,772.655526161194
2447,2,0.3,0.7,1,3000,500000,100,306.457370101283,310.259961762017,3.80259166073336,24.6030999127684,0.58,647.824053104004,651.626644764737,0.3,0.379746835443038,738.774050474167
2448,2,0.4,0.7,1,3000,500000,100,311.433960644988,318.279056810911,6.84509616592328,23.0758698401782,0.62,655.450772821911,662.295868987834,0.3,0.416666666666667,745.91427063942
2449,2,0.5,0.7,1,3000,500000,100,303.735691794013,313.076399949744,9.3407081557313,22.5685086247884,0.65,650.304956142194,659.645664297926,0.3,0.461538461538462,793.444925308228
2450,2,0.1,0.3,2,3000,500000,100,302.440176318037,303.536602324956,1.09642600691905,26.0231378053845,0.47,648.845697694452,649.942123701371,0.3,0.32258064516129,795.259203195572
2451,2,0.2,0.3,2,3000,500000,100,308.106205130702,314.655684741102,6.5494796103997,27.2162181105979,0.57,650.712875677596,657.262355287996,0.3,0.348837209302326,1162.44607257843
2452,2,0.3,0.3,2,3000,500000,100,310.631625934897,318.27875981695,7.64713388205307,23.9595785714901,0.6,661.708381899184,669.355515781237,0.3,0.379746835443038,793.802187204361
2453,2,0.4,0.3,2,3000,500000,100,299.117073523458,308.841760147554,9.7246866240954,20.4864486616681,0.69,644.795460778387,654.520147402482,0.3,0.416666666666667,744.220200061798
2454,2,0.5,0.3,2,3000,500000,100,304.081806637205,313.852863335223,9.77105669801826,21.8148493559259,0.63,650.435224028795,660.206280726814,0.3,0.461538461538462,741.798099279404
2455,2,0.1,0.4,2,3000,500000,100,310.675751806468,312.457313580973,1.78156177450513,28.3883093849698,0.5,653.065864136435,654.84742591094,0.3,0.32258064516129,737.085258960724
2456,2,0.2,0.4,2,3000,500000,100,299.644557159721,305.57031363386,5.92575647413854,24.6847976089733,0.57,642.091456909724,648.017213383863,0.3,0.348837209302326,749.967574119568
2457,2,0.3,0.4,2,3000,500000,100,297.553847755138,304.778796239542,7.22494848440368,25.0928369311205,0.61,643.993849307928,651.218797792332,0.3,0.379746835443038,737.863124132156
2458,2,0.4,0.4,2,3000,500000,100,297.418444371851,307.849011847661,10.4305674758104,28.264997157777,0.63,646.435476305207,656.866043781018,0.3,0.416666666666667,762.861579418182
2459,2,0.5,0.4,2,3000,500000,100,307.542880195532,318.056543135449,10.5136629399163,22.2300347641413,0.65,653.060939168892,663.574602108808,0.3,0.461538461538462,740.108109235764
2460,2,0.1,0.5,2,3000,500000,100,309.330049814439,313.962147594066,4.63209777962662,23.3694994869131,0.54,660.15342744643,664.785525226056,0.3,0.32258064516129,740.752704381943
2461,2,0.2,0.5,2,3000,500000,100,301.296412819088,307.096922026431,5.80050920734329,24.3234751342959,0.57,651.235891177486,657.036400384829,0.3,0.348837209302326,740.671647310257
2462,2,0.3,0.5,2,3000,500000,100,307.204735982169,312.083167367457,4.87843138528842,28.934920018086,0.59,648.745722841029,653.624154226317,0.3,0.379746835443038,731.07816028595
2463,2,0.4,0.5,2,3000,500000,100,308.765259643977,318.168882613287,9.40362296931019,26.209334165561,0.6,653.66619004121,663.06981301052,0.3,0.416666666666667,740.837109804154
2464,2,0.5,0.5,2,3000,500000,100,308.69208877642,320.825767510941,12.1336787345206,24.7775587911436,0.68,652.122434094035,664.256112828555,0.3,0.461538461538462,739.920929431915
2465,2,0.1,0.6,2,3000,500000,100,299.664263202476,303.26108519956,3.59682199708361,27.4799549107884,0.57,644.055690516209,647.652512513293,0.3,0.32258064516129,790.867487668991
2466,2,0.2,0.6,2,3000,500000,100,313.158136063861,319.998579881523,6.84044381766144,29.6498634196169,0.58,654.62285171156,661.463295529222,0.3,0.348837209302326,797.475437641144
2467,2,0.3,0.6,2,3000,500000,100,323.123414198899,327.550990426061,4.42757622716201,26.6394074128383,0.6,663.94062041058,668.368196637742,0.3,0.379746835443038,797.641488552094
2468,2,0.4,0.6,2,3000,500000,100,303.263587800389,308.349374671467,5.08578687107809,26.9728685320914,0.56,647.626704671799,652.712491542877,0.3,0.416666666666667,792.757957458496
2469,2,0.5,0.6,2,3000,500000,100,302.887740041643,313.941514567604,11.053774525961,24.5768465625714,0.68,647.785196968265,658.838971494226,0.3,0.461538461538462,741.96294260025
2470,2,0.1,0.7,2,3000,500000,100,298.978466412938,302.935433435643,3.95696702270526,23.8531783121555,0.58,644.169275624095,648.1262426468,0.3,0.32258064516129,740.381192922592
2471,2,0.2,0.7,2,3000,500000,100,307.699521617909,312.818772252038,5.11925063412901,25.2203368930264,0.57,653.878464287346,658.997714921475,0.3,0.348837209302326,741.690616130829
2472,2,0.3,0.7,2,3000,500000,100,303.75097364061,310.439059834833,6.68808619422301,24.0540045986233,0.61,650.49598987438,657.184076068603,0.3,0.379746835443038,741.07116651535
2473,2,0.4,0.7,2,3000,500000,100,316.030929177482,322.99819918051,6.96727000302805,22.921635063372,0.63,663.379003385219,670.346273388247,0.3,0.416666666666667,741.940577507019
2474,2,0.5,0.7,2,3000,500000,100,297.661649636416,309.134230473813,11.4725808373964,27.3001548797335,0.56,642.152221422517,653.624802259913,0.3,0.461538461538462,744.216481924057
2475,2,0.1,0.3,3,3000,500000,100,303.895596250502,301.455120464231,-2.44047578627128,26.3545537882262,0.51,650.075922917705,647.635447131434,0.3,0.32258064516129,744.728318452835
2476,2,0.2,0.3,3,3000,500000,100,307.79941384661,309.710088053467,1.91067420685718,27.9473639485261,0.55,654.573100851756,656.483775058613,0.3,0.348837209302326,737.613745927811
2477,2,0.3,0.3,3,3000,500000,100,302.309713631176,310.877490622511,8.56777699133484,23.5551641101128,0.61,643.921570284272,652.489347275607,0.3,0.379746835443038,746.418375492096
2478,2,0.4,0.3,3,3000,500000,100,305.370783005327,318.434177310754,13.0633943054269,23.6736862733913,0.72,651.804566780319,664.867961085746,0.3,0.416666666666667,741.112832307816
2479,2,0.5,0.3,3,3000,500000,100,300.84838731876,313.98205287371,13.1336655549507,24.1927510884708,0.7,649.699803780374,662.833469335324,0.3,0.461538461538462,745.229417562485
2480,2,0.1,0.4,3,3000,500000,100,295.914291841975,302.662176161217,6.74788431924135,26.4980777436305,0.58,643.975657746207,650.723542065448,0.3,0.32258064516129,741.862900495529
2481,2,0.2,0.4,3,3000,500000,100,302.882632268954,309.431273721457,6.54864145250285,26.4224095817817,0.59,648.111721814004,654.660363266507,0.3,0.348837209302326,793.991269826889
2482,2,0.3,0.4,3,3000,500000,100,302.012872230747,310.009474251486,7.99660202073907,23.3255524532097,0.63,650.366169053247,658.362771073986,0.3,0.379746835443038,792.957858085632
2483,2,0.4,0.4,3,3000,500000,100,304.307042822152,310.409235380862,6.10219255870944,24.5758773707222,0.55,657.34312186974,663.44531442845,0.3,0.416666666666667,805.747717380524
2484,2,0.5,0.4,3,3000,500000,100,311.53152490269,315.264569345304,3.73304444261358,25.4399739800615,0.59,659.143969001166,662.87701344378,0.3,0.461538461538462,792.19805765152
2485,2,0.1,0.5,3,3000,500000,100,309.011523081862,311.131494191848,2.11997110998688,23.8170064053485,0.56,653.518446055473,655.63841716546,0.3,0.32258064516129,746.51487827301
2486,2,0.2,0.5,3,3000,500000,100,298.949679588324,305.0184092787,6.06872969037632,27.8660628534289,0.64,644.139965026995,650.208694717372,0.3,0.348837209302326,740.885355234146
2487,2,0.3,0.5,3,3000,500000,100,303.500637006131,311.141518555161,7.64088154902985,27.2917744423093,0.6,648.480539837023,656.121421386053,0.3,0.379746835443038,743.59641289711
2488,2,0.4,0.5,3,3000,500000,100,306.865849712455,312.963164005396,6.09731429294133,24.7768325544252,0.6,653.46760171789,659.564916010831,0.3,0.416666666666667,738.619524478912
2489,2,0.5,0.5,3,3000,500000,100,301.54426528978,309.328699545318,7.78443425553773,23.3474293360722,0.6,650.3596637512,658.144098006738,0.3,0.461538461538462,738.333392858505
2490,2,0.1,0.6,3,3000,500000,100,299.299212848004,303.749452339217,4.45023949121303,24.4696172472691,0.5,648.87633964017,653.326579131383,0.3,0.32258064516129,742.437427997589
2491,2,0.2,0.6,3,3000,500000,100,304.759584827444,309.050688294238,4.29110346679421,24.0443889948549,0.6,649.422535316564,653.713638783358,0.3,0.348837209302326,741.15650177002
2492,2,0.3,0.6,3,3000,500000,100,307.495863031731,312.999179204411,5.50331617267986,27.8890269400597,0.53,654.24229144691,659.74560761959,0.3,0.379746835443038,740.830707073212
2493,2,0.4,0.6,3,3000,500000,100,301.481085032988,310.112933918816,8.63184888582727,24.5279090828486,0.66,652.319494309075,660.951343194902,0.3,0.416666666666667,740.195840358734
2494,2,0.5,0.6,3,3000,500000,100,303.499916200169,312.838106022546,9.33818982237694,25.006610354618,0.63,649.855502269031,659.193692091408,0.3,0.461538461538462,772.882337093353
2495,2,0.1,0.7,3,3000,500000,100,300.205079419603,302.544809217276,2.33972979767337,24.9993453206571,0.51,647.825383417405,650.165113215079,0.3,0.32258064516129,737.847983837128
2496,2,0.2,0.7,3,3000,500000,100,295.709988679894,300.908059363075,5.1980706831809,22.5397233874624,0.6,641.315719666774,646.513790349955,0.3,0.348837209302326,753.882548809052
2497,2,0.3,0.7,3,3000,500000,100,297.125506838908,309.177715070243,12.0522082313346,23.0970697664508,0.68,644.748072445271,656.800280676606,0.3,0.379746835443038,796.190949440002
2498,2,0.4,0.7,3,3000,500000,100,300.566074364846,310.33986502106,9.77379065621332,23.9955653528989,0.69,648.693123992212,658.466914648425,0.3,0.416666666666667,791.206067323685
2499,2,0.5,0.7,3,3000,500000,100,303.763763170614,314.155986257122,10.3922230865075,26.6127267510573,0.62,653.172019906494,663.564242993001,0.3,0.461538461538462,848.992357254028
2500,2,0.1,0.3,0,6500,500000,100,309.24975321147,311.280933757072,2.03118054560165,27.325187559397,0.52,652.286653107482,654.317833653083,0.3,0.32258064516129,793.153352022171
2501,2,0.2,0.3,0,6500,500000,100,301.840819698601,309.090927231322,7.25010753272104,26.6145523642912,0.57,647.332719549773,654.582827082494,0.3,0.348837209302326,742.961995124817
2502,2,0.3,0.3,0,6500,500000,100,295.637439635637,305.070534337192,9.43309470155577,26.6982884292282,0.6,643.92115393105,653.354248632605,0.3,0.379746835443038,742.809451580048
2503,2,0.4,0.3,0,6500,500000,100,301.684780471001,311.531333313085,9.84655284208368,22.1553539852404,0.67,648.67708670642,658.523639548504,0.3,0.416666666666667,742.748810529709
2504,2,0.5,0.3,0,6500,500000,100,313.851202573858,323.560845825879,9.70964325202048,21.2642380476451,0.65,657.473278055909,667.182921307929,0.3,0.461538461538462,741.70316362381
2505,2,0.1,0.4,0,6500,500000,100,292.44642972168,300.103244167867,7.65681444618635,24.4902859016271,0.61,642.044299280261,649.701113726447,0.3,0.32258064516129,738.956798315048
2506,2,0.2,0.4,0,6500,500000,100,300.066761408217,306.919377691982,6.85261628376498,22.4525101892817,0.64,645.757314391857,652.609930675622,0.3,0.348837209302326,739.581287145615
2507,2,0.3,0.4,0,6500,500000,100,307.716393185298,313.979582078383,6.2631888930853,29.388241856757,0.56,649.237441801993,655.500630695078,0.3,0.379746835443038,738.919751167297
2508,2,0.4,0.4,0,6500,500000,100,303.718661466697,317.557596974172,13.8389355074753,25.4096807659027,0.7,649.694429201283,663.533364708759,0.3,0.416666666666667,739.856391906738
2509,2,0.5,0.4,0,6500,500000,100,297.242816291045,307.078425803753,9.83560951270768,21.3926843205414,0.66,645.537983684944,655.373593197652,0.3,0.461538461538462,734.915924549103
2510,2,0.1,0.5,0,6500,500000,100,301.616332812729,309.476055980719,7.85972316798951,24.5577979440736,0.66,644.203001129649,652.062724297639,0.3,0.32258064516129,737.202615261078
2511,2,0.2,0.5,0,6500,500000,100,309.886328941032,312.061514675107,2.17518573407489,26.0836812197757,0.52,657.668037069575,659.84322280365,0.3,0.348837209302326,738.796441793442
2512,2,0.3,0.5,0,6500,500000,100,305.308092317141,309.038394064193,3.73030174705179,22.7999591835838,0.56,652.982713655611,656.713015402662,0.3,0.379746835443038,752.796679258347
2513,2,0.4,0.5,0,6500,500000,100,304.206147804369,311.955119916894,7.74897211252448,24.2955540166003,0.61,648.775879788606,656.52485190113,0.3,0.416666666666667,793.568454504013
2514,2,0.5,0.5,0,6500,500000,100,295.217404274987,307.810249043066,12.592844768079,23.5381179232369,0.71,638.874193169937,651.467037938016,0.3,0.461538461538462,789.594464063644
2515,2,0.1,0.6,0,6500,500000,100,303.092449410037,308.266068500079,5.17361909004175,25.9561700382571,0.51,645.480337658688,650.65395674873,0.3,0.32258064516129,792.123567581177
2516,2,0.2,0.6,0,6500,500000,100,296.063002653012,302.709332457559,6.64632980454771,21.4893209699711,0.66,644.821047914182,651.467377718729,0.3,0.348837209302326,796.461851119995
2517,2,0.3,0.6,0,6500,500000,100,304.496494081537,310.085267330842,5.58877324930476,24.449382598263,0.52,651.525155633131,657.113928882436,0.3,0.379746835443038,765.276002168655
2518,2,0.4,0.6,0,6500,500000,100,307.219253697354,312.500164632196,5.28091093484257,21.4506108576912,0.6,654.889681266969,660.170592201812,0.3,0.416666666666667,740.94838142395
2519,2,0.5,0.6,0,6500,500000,100,303.586250908054,311.303864569356,7.71761366130216,24.4257863051307,0.66,651.049119101138,658.766732762441,0.3,0.461538461538462,742.296340942383
2520,2,0.1,0.7,0,6500,500000,100,307.420478398336,310.96882904287,3.54835064453436,28.1169198742,0.57,651.376565594873,654.924916239407,0.3,0.32258064516129,740.081399917603
2521,2,0.2,0.7,0,6500,500000,100,298.94839378254,306.551347768993,7.60295398645292,25.4556110919927,0.59,647.390015833066,654.992969819519,0.3,0.348837209302326,737.990960836411
2522,2,0.3,0.7,0,6500,500000,100,307.396097022129,311.661990277997,4.26589325586787,20.9461455278667,0.52,654.325108817085,658.591002072953,0.3,0.379746835443038,738.392037153244
2523,2,0.4,0.7,0,6500,500000,100,297.309719877104,304.281527308948,6.97180743184409,23.1018805276814,0.6,651.400564852586,658.37237228443,0.3,0.416666666666667,739.513230800629
2524,2,0.5,0.7,0,6500,500000,100,303.239738561731,315.502632987967,12.2628944262359,25.1370172416686,0.66,649.183384127197,661.446278553433,0.3,0.461538461538462,740.074094772339
2525,2,0.1,0.3,1,6500,500000,100,306.370559353639,311.041947322854,4.67138796921485,24.9563315858295,0.58,651.490047437112,656.161435406327,0.3,0.32258064516129,740.184162378311
2526,2,0.2,0.3,1,6500,500000,100,308.621244644694,312.212486215588,3.59124157089426,25.4414798242881,0.55,655.303602323019,658.894843893913,0.3,0.348837209302326,739.525628328323
2527,2,0.3,0.3,1,6500,500000,100,311.405395631225,318.671454123339,7.26605849211454,26.7026366869636,0.61,655.351701186344,662.617759678458,0.3,0.379746835443038,739.263702392578
2528,2,0.4,0.3,1,6500,500000,100,304.069101468038,311.715729345798,7.64662787775994,19.3767820656627,0.64,647.094481620451,654.741109498211,0.3,0.416666666666667,755.645039558411
2529,2,0.5,0.3,1,6500,500000,100,306.345149869101,318.297348521841,11.9521986527399,24.4372420653242,0.71,653.776860391616,665.729059044356,0.3,0.461538461538462,792.133948564529
2530,2,0.1,0.4,1,6500,500000,100,301.339575041189,304.605355035321,3.26577999413263,23.670652074586,0.56,646.720416130378,649.986196124511,0.3,0.32258064516129,788.067798614502
2531,2,0.2,0.4,1,6500,500000,100,294.622439166469,300.280764812252,5.65832564578278,24.2982617370155,0.57,640.256691415793,645.915017061576,0.3,0.348837209302326,862.147287368775
2532,2,0.3,0.4,1,6500,500000,100,302.814119215363,312.597143637912,9.78302442254842,26.3483500821336,0.56,651.613007435122,661.39603185767,0.3,0.379746835443038,797.001505374908
2533,2,0.4,0.4,1,6500,500000,100,295.639213099844,302.924428915008,7.28521581516331,24.4269637632365,0.65,645.094852797393,652.380068612557,0.3,0.416666666666667,748.446042776108
2534,2,0.5,0.4,1,6500,500000,100,304.713866132867,314.622877362072,9.90901122920444,23.0008560613459,0.63,648.717243608494,658.626254837698,0.3,0.461538461538462,748.727841854096
2535,2,0.1,0.5,1,6500,500000,100,300.170327192237,307.55128087199,7.38095367975338,23.5723914099117,0.65,646.545904622006,653.926858301759,0.3,0.32258064516129,743.015815496445
2536,2,0.2,0.5,1,6500,500000,100,298.337240225505,304.294133729022,5.95689350351726,29.5480264463886,0.56,646.045922161433,652.00281566495,0.3,0.348837209302326,739.555421113968
2537,2,0.3,0.5,1,6500,500000,100,296.728465620268,301.962644873568,5.23417925329996,27.0468748878169,0.55,642.910486593237,648.144665846537,0.3,0.379746835443038,742.285096406937
2538,2,0.4,0.5,1,6500,500000,100,302.304305653479,309.066257048076,6.76195139459709,22.1994411607143,0.58,649.997416865768,656.759368260366,0.3,0.416666666666667,740.206952095032
2539,2,0.5,0.5,1,6500,500000,100,297.550997614692,313.432253240464,15.8812556257715,24.5425437571976,0.71,640.793339720307,656.674595346078,0.3,0.461538461538462,741.716292142868
2540,2,0.1,0.6,1,6500,500000,100,302.361061460981,305.484795644998,3.12373418401687,26.6534023222265,0.56,649.400845513467,652.524579697484,0.3,0.32258064516129,741.310611724854
2541,2,0.2,0.6,1,6500,500000,100,308.739398350714,312.937549407377,4.19815105666336,20.580348339838,0.62,652.89410130354,657.092252360203,0.3,0.348837209302326,737.818208456039
2542,2,0.3,0.6,1,6500,500000,100,313.678580330236,320.120537586712,6.44195725647617,26.227223662493,0.64,653.793848523437,660.235805779914,0.3,0.379746835443038,738.089695453644
2543,2,0.4,0.6,1,6500,500000,100,310.216047678454,317.965142089792,7.74909441133789,25.4386681082571,0.6,654.804199566757,662.553293978095,0.3,0.416666666666667,737.689666509628
2544,2,0.5,0.6,1,6500,500000,100,309.298744502986,317.972661936055,8.67391743306873,21.9389623996197,0.61,657.073589648186,665.747507081255,0.3,0.461538461538462,753.557241678238
2545,2,0.1,0.7,1,6500,500000,100,302.957153229759,308.855716090448,5.89856286068961,22.2105462968476,0.6,655.379963294237,661.278526154926,0.3,0.32258064516129,792.524300098419
2546,2,0.2,0.7,1,6500,500000,100,304.341767762068,313.134971891931,8.79320412986284,23.8690959641462,0.59,652.820197017353,661.613401147216,0.3,0.348837209302326,791.564109563828
2547,2,0.3,0.7,1,6500,500000,100,307.054508070016,314.231779260552,7.17727119053593,27.8399361921244,0.56,650.062156599851,657.239427790387,0.3,0.379746835443038,864.996849298477
2548,2,0.4,0.7,1,6500,500000,100,294.20117948999,302.34878769616,8.1476082061703,25.967953454078,0.63,640.996802720645,649.144410926816,0.3,0.416666666666667,794.063279867172
2549,2,0.5,0.7,1,6500,500000,100,302.221162622917,313.865295434301,11.6441328113843,25.379821898199,0.64,647.067967961176,658.712100772561,0.3,0.461538461538462,759.44317984581
2550,2,0.1,0.3,2,6500,500000,100,308.388178135205,312.681067080671,4.29288894546573,27.4229468472971,0.55,653.273164994934,657.5660539404,0.3,0.32258064516129,743.765166282654
2551,2,0.2,0.3,2,6500,500000,100,310.19476962198,317.211989388408,7.01721976642809,29.1655786523719,0.55,653.083045744851,660.100265511279,0.3,0.348837209302326,741.167883872986
2552,2,0.3,0.3,2,6500,500000,100,295.994357629608,302.016912883877,6.0225552542689,25.5363319175842,0.59,645.563713370566,651.586268624835,0.3,0.379746835443038,741.705338716507
2553,2,0.4,0.3,2,6500,500000,100,304.656196711979,311.762133278847,7.10593656686852,21.9733249425025,0.66,654.709866243795,661.815802810664,0.3,0.416666666666667,743.106251716614
2554,2,0.5,0.3,2,6500,500000,100,299.33780735513,310.686217979738,11.3484106246079,24.1160791729283,0.69,645.48045199294,656.828862617548,0.3,0.461538461538462,739.901010274887
2555,2,0.1,0.4,2,6500,500000,100,306.700702020397,310.435571933449,3.73486991305241,26.3490971834731,0.51,648.71074572856,652.445615641612,0.3,0.32258064516129,739.979426622391
2556,2,0.2,0.4,2,6500,500000,100,308.302994987275,316.858881025722,8.55588603844768,25.0985407559875,0.66,649.977062090584,658.532948129032,0.3,0.348837209302326,740.633128643036
2557,2,0.3,0.4,2,6500,500000,100,304.446176306717,310.035851114649,5.58967480793235,25.2482799491054,0.61,649.775874927873,655.365549735805,0.3,0.379746835443038,739.427040576935
2558,2,0.4,0.4,2,6500,500000,100,300.26524819986,311.501356572086,11.2361083722263,26.0801461700989,0.64,647.644231777219,658.880340149445,0.3,0.416666666666667,738.511470794678
2559,2,0.5,0.4,2,6500,500000,100,297.460442819441,309.731612219705,12.2711694002645,24.5472079863872,0.69,646.679384616922,658.950554017186,0.3,0.461538461538462,738.856617689133
2560,2,0.1,0.5,2,6500,500000,100,303.893360483486,305.199269568349,1.30590908486396,23.0576632699012,0.53,653.504779796528,654.810688881392,0.3,0.32258064516129,753.798163414002
2561,2,0.2,0.5,2,6500,500000,100,297.138294795992,301.273276177119,4.13498138112727,25.5001186566309,0.55,642.748947621682,646.883929002809,0.3,0.348837209302326,790.556903600693
2562,2,0.3,0.5,2,6500,500000,100,304.958886366983,307.833003935336,2.8741175683537,24.4532771452238,0.53,651.562402386595,654.436519954948,0.3,0.379746835443038,796.461324691772
2563,2,0.4,0.5,2,6500,500000,100,305.65802072589,313.437935789889,7.77991506399968,23.0214916378344,0.63,655.551596427958,663.331511491957,0.3,0.416666666666667,864.504913330078
2564,2,0.5,0.5,2,6500,500000,100,295.179138357371,309.89460284559,14.7154644882189,27.46533975129,0.71,642.971258337902,657.686722826121,0.3,0.461538461538462,795.14390206337
2565,2,0.1,0.6,2,6500,500000,100,312.428863778688,314.76085646422,2.331992685532,23.5867601099272,0.54,656.569871189811,658.901863875343,0.3,0.32258064516129,743.741460084915
2566,2,0.2,0.6,2,6500,500000,100,299.570070457438,305.264247215929,5.69417675849133,25.6595319611545,0.55,645.229819551772,650.923996310263,0.3,0.348837209302326,743.897840976715
2567,2,0.3,0.6,2,6500,500000,100,299.756487893039,308.242609378295,8.48612148525545,24.810807017797,0.61,643.624669715388,652.110791200643,0.3,0.379746835443038,740.343821763992
2568,2,0.4,0.6,2,6500,500000,100,305.356289973968,313.070567061385,7.71427708741676,25.0890595216257,0.58,654.054254325901,661.768531413318,0.3,0.416666666666667,738.903676271439
2569,2,0.5,0.6,2,6500,500000,100,299.214144772545,310.283194235694,11.0690494631489,22.799271175879,0.71,646.095193227289,657.164242690437,0.3,0.461538461538462,741.530403852463
2570,2,0.1,0.7,2,6500,500000,100,309.446580170249,312.09848580298,2.6519056327307,26.3718409845325,0.43,656.035858704306,658.687764337037,0.3,0.32258064516129,740.433636903763
2571,2,0.2,0.7,2,6500,500000,100,298.509294862182,306.044864695437,7.53556983325554,23.1813218870016,0.6,643.397818516969,650.933388350224,0.3,0.348837209302326,739.468910455704
2572,2,0.3,0.7,2,6500,500000,100,303.862506315514,317.716178441489,13.8536721259754,25.4089712441618,0.67,649.26344091472,663.117113040695,0.3,0.379746835443038,740.414017677307
2573,2,0.4,0.7,2,6500,500000,100,295.375615053605,306.887700396537,11.5120853429318,24.0143003279002,0.65,645.583849674073,657.095935017005,0.3,0.416666666666667,740.543305397034
2574,2,0.5,0.7,2,6500,500000,100,302.805714355452,315.009890805041,12.204176449589,28.5044986687507,0.65,648.925917026932,661.130093476521,0.3,0.461538461538462,740.614471673966
2575,2,0.1,0.3,3,6500,500000,100,303.171651525449,309.970275124784,6.7986235993355,24.8607058537066,0.61,650.695442806149,657.494066405485,0.3,0.32258064516129,739.468129634857
2576,2,0.2,0.3,3,6500,500000,100,308.134074394069,315.382107927212,7.24803353314264,27.2774296142675,0.61,650.743534776325,657.991568309467,0.3,0.348837209302326,754.979237318039
2577,2,0.3,0.3,3,6500,500000,100,305.948880781966,311.773578346803,5.8246975648377,25.8823988303996,0.55,651.072973437681,656.897671002518,0.3,0.379746835443038,791.788038253784
2578,2,0.4,0.3,3,6500,500000,100,300.671668420278,308.482532823782,7.81086440350403,24.0023260290256,0.61,649.135110628412,656.945975031916,0.3,0.416666666666667,791.095685720444
2579,2,0.5,0.3,3,6500,500000,100,302.25640256051,314.597042047755,12.3406394872448,23.7352241273485,0.66,650.777402642472,663.118042129717,0.3,0.461538461538462,791.59285402298
2580,2,0.1,0.4,3,6500,500000,100,301.926602179766,304.187050564539,2.26044838477216,23.261300952304,0.53,647.311822886079,649.572271270851,0.3,0.32258064516129,793.868199825287
2581,2,0.2,0.4,3,6500,500000,100,312.688457489614,320.397230453564,7.70877296395,22.6626088654365,0.63,658.756775860143,666.465548824093,0.3,0.348837209302326,750.834344148636
2582,2,0.3,0.4,3,6500,500000,100,302.567122883299,311.328308679635,8.76118579633649,24.1866924651296,0.65,648.294412364276,657.055598160612,0.3,0.379746835443038,746.345212936401
2583,2,0.4,0.4,3,6500,500000,100,304.375692600867,312.284281346882,7.90858874601538,24.1710761467949,0.61,653.021888053865,660.93047679988,0.3,0.416666666666667,740.989983797073
2584,2,0.5,0.4,3,6500,500000,100,312.94482420314,324.72478333887,11.7799591357303,21.6449378449895,0.71,652.19631740093,663.97627653666,0.3,0.461538461538462,738.887938737869
2585,2,0.1,0.5,3,6500,500000,100,299.186156527296,303.740067288889,4.55391076159343,26.7027327464457,0.58,647.693157378767,652.247068140361,0.3,0.32258064516129,739.023337364197
2586,2,0.2,0.5,3,6500,500000,100,308.072818505914,314.947344065608,6.87452555969415,24.2728998255465,0.62,651.394807213755,658.269332773449,0.3,0.348837209302326,761.807525634766
2587,2,0.3,0.5,3,6500,500000,100,308.097358565124,312.992517101848,4.89515853672452,27.7130323055297,0.58,652.918490853988,657.813649390712,0.3,0.379746835443038,740.058668613434
2588,2,0.4,0.5,3,6500,500000,100,307.70297321868,317.417175460248,9.71420224156754,25.5095559579908,0.62,652.006921798179,661.721124039746,0.3,0.416666666666667,741.472737312317
2589,2,0.5,0.5,3,6500,500000,100,297.954876296398,313.107942798414,15.1530665020158,24.5446857727222,0.69,641.339257610055,656.492324112071,0.3,0.461538461538462,738.73657655716
2590,2,0.1,0.6,3,6500,500000,100,294.761667062935,301.544112586678,6.78244552374248,24.4351534938444,0.63,643.910745819769,650.693191343511,0.3,0.32258064516129,738.756196022034
2591,2,0.2,0.6,3,6500,500000,100,309.928210858376,312.712001378908,2.78379052053116,25.1425165063547,0.51,654.182470775005,656.966261295536,0.3,0.348837209302326,738.918889522553
2592,2,0.3,0.6,3,6500,500000,100,309.417218784818,315.243851334836,5.82663255001771,24.107103741309,0.58,652.410475750067,658.237108300084,0.3,0.379746835443038,753.795130968094
2593,2,0.4,0.6,3,6500,500000,100,303.719455965233,315.355167288099,11.635711322866,19.6055314564192,0.7,649.228658828678,660.864370151543,0.3,0.416666666666667,788.845397472382
2594,2,0.5,0.6,3,6500,500000,100,306.603958783826,314.200238935592,7.59628015176626,23.0975364642587,0.66,652.740453591308,660.336733743074,0.3,0.461538461538462,792.356116771698
2595,2,0.1,0.7,3,6500,500000,100,298.990431551646,301.041562529325,2.05113097767878,24.9930694718239,0.53,651.643221836787,653.694352814466,0.3,0.32258064516129,788.926691055298
2596,2,0.2,0.7,3,6500,500000,100,312.506536887125,316.512568295575,4.00603140844978,22.0871343229583,0.6,656.182131018112,660.188162426562,0.3,0.348837209302326,794.754597663879
2597,2,0.3,0.7,3,6500,500000,100,295.691823839507,304.775610386401,9.08378654689393,24.591812468575,0.67,644.525391398885,653.609177945779,0.3,0.379746835443038,751.127343654633
2598,2,0.4,0.7,3,6500,500000,100,296.25120856364,306.92035790849,10.6691493448495,23.9058721667901,0.69,645.453863717402,656.123013062252,0.3,0.416666666666667,741.058941841126
2599,2,0.5,0.7,3,6500,500000,100,307.597977504144,320.206716967972,12.6087394638279,22.2809339359489,0.68,653.476391127668,666.085130591496,0.3,0.461538461538462,745.703824043274
2600,2,0.1,0.3,0,10000,500000,100,301.269350675545,305.373370376646,4.10401970110099,23.0550148291415,0.56,645.930752964859,650.03477266596,0.3,0.32258064516129,740.727793693543
2601,2,0.2,0.3,0,10000,500000,100,314.855727644515,320.039015720078,5.1832880755629,25.3269636536573,0.52,658.483622299225,663.666910374788,0.3,0.348837209302326,741.733956575394
2602,2,0.3,0.3,0,10000,500000,100,311.046428664723,318.411691184508,7.36526251978469,24.6844806004606,0.57,654.554791662105,661.920054181889,0.3,0.379746835443038,739.661827802658
2603,2,0.4,0.3,0,10000,500000,100,303.740594400414,309.009228089402,5.26863368898751,23.9419728078283,0.56,651.985469375811,657.254103064798,0.3,0.416666666666667,741.663903951645
2604,2,0.5,0.3,0,10000,500000,100,303.315900703375,311.832936918785,8.51703621540988,23.3122459478039,0.63,650.540403922745,659.057440138154,0.3,0.461538461538462,740.357799291611
2605,2,0.1,0.4,0,10000,500000,100,306.540476937234,310.428194681051,3.8877177438173,25.4042968893863,0.54,651.326718000609,655.214435744426,0.3,0.32258064516129,738.418469905853
2606,2,0.2,0.4,0,10000,500000,100,305.508338134759,308.789726995733,3.28138886097442,23.4195242111552,0.53,653.649114869059,656.930503730033,0.3,0.348837209302326,740.855108261108
2607,2,0.3,0.4,0,10000,500000,100,314.094724012818,322.427796862824,8.33307285000652,24.1063509399405,0.64,656.174025431513,664.50709828152,0.3,0.379746835443038,740.111397981644
2608,2,0.4,0.4,0,10000,500000,100,300.42860885078,310.36554110789,9.93693225711037,23.6242323733372,0.61,647.79606574131,657.732997998421,0.3,0.416666666666667,755.672660589218
2609,2,0.5,0.4,0,10000,500000,100,302.628001796621,315.51919534796,12.8911935513389,26.647497990075,0.66,649.08968301574,661.980876567079,0.3,0.461538461538462,792.36224603653
2610,2,0.1,0.5,0,10000,500000,100,303.929678811155,308.322414627961,4.39273581680672,23.193265764167,0.58,648.181606509176,652.574342325983,0.3,0.32258064516129,793.619479179382
2611,2,0.2,0.5,0,10000,500000,100,297.296660661148,302.064271984935,4.76761132378693,25.3605152245227,0.56,643.86415118422,648.631762508007,0.3,0.348837209302326,789.838412284851
2612,2,0.3,0.5,0,10000,500000,100,321.462612295178,333.392221202025,11.9296089068467,23.26622528751,0.72,664.02696924263,675.956578149477,0.3,0.379746835443038,797.197195529938
2613,2,0.4,0.5,0,10000,500000,100,303.697618261147,313.575221971954,9.87760371080715,27.0476012534709,0.67,648.2333325784,658.110936289207,0.3,0.416666666666667,744.012372255325
2614,2,0.5,0.5,0,10000,500000,100,309.470755235155,314.365207980049,4.89445274489415,23.5973162673488,0.6,652.188654265129,657.083107010024,0.3,0.461538461538462,742.964228391647
2615,2,0.1,0.6,0,10000,500000,100,302.646501898442,309.746285764149,7.09978386570708,25.7132664531788,0.59,643.833181940626,650.932965806333,0.3,0.32258064516129,746.734344720841
2616,2,0.2,0.6,0,10000,500000,100,304.682560273202,310.671948656232,5.98938838303021,25.1159102175905,0.55,653.854652839551,659.844041222582,0.3,0.348837209302326,739.815617084503
2617,2,0.3,0.6,0,10000,500000,100,313.677404507654,318.438827479579,4.76142297192424,26.1495475251552,0.5,661.835852655477,666.597275627401,0.3,0.379746835443038,739.532002687454
2618,2,0.4,0.6,0,10000,500000,100,302.33881911702,306.949292495685,4.6104733786641,21.7289768631461,0.6,651.99575903152,656.606232410184,0.3,0.416666666666667,762.259859800339
2619,2,0.5,0.6,0,10000,500000,100,302.25442265178,315.186054755335,12.9316321035548,21.86402404096,0.67,648.318017444913,661.249649548468,0.3,0.461538461538462,764.600512504578
2620,2,0.1,0.7,0,10000,500000,100,314.464542612863,316.567935837915,2.10339322505201,27.0721856841648,0.49,659.372134227272,661.475527452324,0.3,0.32258064516129,739.48236322403
2621,2,0.2,0.7,0,10000,500000,100,302.020768436487,305.183295021389,3.16252658490216,24.5143593061832,0.55,649.438553713032,652.601080297934,0.3,0.348837209302326,738.540749073029
2622,2,0.3,0.7,0,10000,500000,100,298.710356806873,303.385226878049,4.67487007117623,22.096725257212,0.57,647.345637429164,652.02050750034,0.3,0.379746835443038,830.086755514145
2623,2,0.4,0.7,0,10000,500000,100,308.701063123241,317.845989715041,9.14492659180017,23.573030044149,0.67,653.945190284871,663.090116876671,0.3,0.416666666666667,740.390650272369
2624,2,0.5,0.7,0,10000,500000,100,297.37478976108,310.646085710196,13.2712959491155,24.6997824010607,0.71,643.838053126915,657.109349076031,0.3,0.461538461538462,755.597761631012
2625,2,0.1,0.3,1,10000,500000,100,304.754767781561,311.253873217766,6.49910543620579,23.1644223719871,0.63,652.818155446129,659.317260882335,0.3,0.32258064516129,792.368474006653
2626,2,0.2,0.3,1,10000,500000,100,299.538365367142,305.054084103169,5.5157187360266,26.5204895677914,0.57,645.226602744836,650.742321480863,0.3,0.348837209302326,796.391709327698
2627,2,0.3,0.3,1,10000,500000,100,300.570714771655,310.38844321514,9.81772844348506,23.3226162457122,0.66,649.545935061082,659.363663504567,0.3,0.379746835443038,799.756634235382
2628,2,0.4,0.3,1,10000,500000,100,297.506437807132,306.888832999411,9.38239519227933,24.850836804932,0.66,647.959293450632,657.341688642912,0.3,0.416666666666667,795.483439683914
2629,2,0.5,0.3,1,10000,500000,100,298.722884615899,312.930913522678,14.2080289067794,24.0238255101938,0.73,646.834769138688,661.042798045467,0.3,0.461538461538462,750.010470151901
2630,2,0.1,0.4,1,10000,500000,100,307.301067805984,312.159472286514,4.85840448052998,26.1478694596447,0.54,650.927335537573,655.785740018103,0.3,0.32258064516129,742.064246654511
2631,2,0.2,0.4,1,10000,500000,100,305.762119268214,309.252517505164,3.49039823695026,25.2703775361416,0.53,653.223192032417,656.713590269368,0.3,0.348837209302326,752.923664331436
2632,2,0.3,0.4,1,10000,500000,100,305.657221131819,315.707182581929,10.0499614501101,27.8714611705099,0.64,650.65833047132,660.70829192143,0.3,0.379746835443038,740.948030948639
2633,2,0.4,0.4,1,10000,500000,100,308.758406368616,312.175033130604,3.41662676198764,24.1674093691048,0.56,653.139950165642,656.556576927629,0.3,0.416666666666667,760.419142007828
2634,2,0.5,0.4,1,10000,500000,100,306.864416754118,317.422256530437,10.5578397763184,22.8628963103908,0.62,650.24498554659,660.802825322909,0.3,0.461538461538462,787.888219833374
2635,2,0.1,0.5,1,10000,500000,100,306.064844557368,311.799533911604,5.73468935423607,24.4878957122315,0.56,648.617545460606,654.352234814842,0.3,0.32258064516129,756.83472275734
2636,2,0.2,0.5,1,10000,500000,100,309.287744308409,314.653955574768,5.36621126635859,24.5718234596305,0.54,652.988149802762,658.354361069121,0.3,0.348837209302326,737.279744148254
2637,2,0.3,0.5,1,10000,500000,100,305.278646621063,310.850147605219,5.57150098415547,24.3351433129119,0.61,650.763781057489,656.335282041644,0.3,0.379746835443038,800.189001560211
2638,2,0.4,0.5,1,10000,500000,100,299.549436392841,308.406954708625,8.85751831578413,24.7696013428318,0.63,646.211698649627,655.069216965411,0.3,0.416666666666667,781.467901229858
2639,2,0.5,0.5,1,10000,500000,100,309.361189510165,320.669689340613,11.3084998304478,25.4340540860154,0.62,650.866254531931,662.174754362379,0.3,0.461538461538462,738.5636074543
2640,2,0.1,0.6,1,10000,500000,100,303.877817058537,307.074071325627,3.19625426709077,25.4492024241643,0.53,647.859566613908,651.055820880998,0.3,0.32258064516129,753.578125715256
2641,2,0.2,0.6,1,10000,500000,100,305.300942373331,310.460254875579,5.1593125022481,25.2760665948521,0.52,652.811083957849,657.970396460097,0.3,0.348837209302326,790.7632188797
2642,2,0.3,0.6,1,10000,500000,100,314.474402126172,320.179145667227,5.70474354105517,24.880788727558,0.55,658.200066789508,663.904810330563,0.3,0.379746835443038,789.005423069
2643,2,0.4,0.6,1,10000,500000,100,306.368293122682,315.100816304567,8.73252318188602,25.5207625757138,0.62,654.272757646533,663.005280828419,0.3,0.416666666666667,849.837980270386
2644,2,0.5,0.6,1,10000,500000,100,312.163566154093,320.157317353359,7.99375119926611,20.8257942460854,0.65,657.858940403488,665.852691602754,0.3,0.461538461538462,795.751693725586
2645,2,0.1,0.7,1,10000,500000,100,305.170740364955,308.359151219662,3.18841085470659,25.9142958526437,0.5,645.273726710345,648.462137565052,0.3,0.32258064516129,748.035746097565
2646,2,0.2,0.7,1,10000,500000,100,316.157270462388,322.805187333741,6.64791687135251,24.7876181581805,0.6,660.356529054459,667.004445925812,0.3,0.348837209302326,746.465013504028
2647,2,0.3,0.7,1,10000,500000,100,307.65005537905,316.358880763709,8.70882538465895,24.9491235297207,0.63,654.76363826543,663.472463650089,0.3,0.379746835443038,752.731109142304
2648,2,0.4,0.7,1,10000,500000,100,305.304071713963,315.442121618573,10.1380499046099,26.73248921647,0.67,650.348517226704,660.486567131314,0.3,0.416666666666667,740.362366437912
2649,2,0.5,0.7,1,10000,500000,100,303.008411500739,318.609586750389,15.6011752496494,29.4552854481593,0.65,649.799372701825,665.400547951475,0.3,0.461538461538462,755.547280073166
2650,2,0.1,0.3,2,10000,500000,100,295.224035618363,301.440369670089,6.21633405172636,24.0599658057791,0.59,641.942234559546,648.158568611273,0.3,0.32258064516129,741.279875993729
2651,2,0.2,0.3,2,10000,500000,100,299.664978280725,304.696615697334,5.03163741660884,24.4071559132645,0.55,647.086039771168,652.117677187776,0.3,0.348837209302326,758.142114639282
2652,2,0.3,0.3,2,10000,500000,100,308.295471586583,317.124601463555,8.82912987697171,23.9145060759723,0.6,651.133408045195,659.962537922167,0.3,0.379746835443038,741.860806941986
2653,2,0.4,0.3,2,10000,500000,100,310.124640579324,319.158702603679,9.03406202435568,22.0106916274103,0.62,652.811331435087,661.845393459443,0.3,0.416666666666667,739.060334920883
2654,2,0.5,0.3,2,10000,500000,100,309.890495129944,320.405007924366,10.5145127944221,21.1400500924702,0.71,656.486470808774,667.000983603197,0.3,0.461538461538462,739.24093580246
2655,2,0.1,0.4,2,10000,500000,100,301.094362014435,306.143148989801,5.04878697536585,24.1125260377292,0.56,650.06587132807,655.114658303436,0.3,0.32258064516129,737.379818439484
2656,2,0.2,0.4,2,10000,500000,100,311.228972513396,315.384022860579,4.15505034718331,24.2659142195531,0.59,652.193918578726,656.348968925909,0.3,0.348837209302326,761.133417844772
2657,2,0.3,0.4,2,10000,500000,100,304.86840279416,311.911507687234,7.04310489307372,22.8123678489198,0.62,652.337835712522,659.380940605596,0.3,0.379746835443038,791.643777370453
2658,2,0.4,0.4,2,10000,500000,100,297.18105134284,306.622130009472,9.44107866663223,28.7243652383618,0.54,642.781603700863,652.222682367495,0.3,0.416666666666667,791.072423458099
2659,2,0.5,0.4,2,10000,500000,100,310.221452779239,321.264543829778,11.0430910505392,24.258334238251,0.67,655.853970560199,666.897061610738,0.3,0.461538461538462,784.597911834717
2660,2,0.1,0.5,2,10000,500000,100,295.193114293742,298.688746499007,3.49563220526579,30.0220269960126,0.59,642.43142603644,645.927058241706,0.3,0.32258064516129,793.496966838837
2661,2,0.2,0.5,2,10000,500000,100,308.599412742202,315.520101877787,6.92068913558505,22.8685949969425,0.61,654.418029745749,661.338718881334,0.3,0.348837209302326,755.722482681274
2662,2,0.3,0.5,2,10000,500000,100,311.037134875879,313.312380389702,2.27524551382359,22.9266301954261,0.56,654.445934613064,656.721180126888,0.3,0.379746835443038,741.88923740387
2663,2,0.4,0.5,2,10000,500000,100,294.21041867748,308.706448243788,14.4960295663079,24.2204976932537,0.71,643.942782230299,658.438811796607,0.3,0.416666666666667,747.273740291595
2664,2,0.5,0.5,2,10000,500000,100,307.428379725681,314.807911859422,7.37953213374094,23.5620953527934,0.55,656.864228403982,664.243760537723,0.3,0.461538461538462,741.055012941361
2665,2,0.1,0.6,2,10000,500000,100,316.448737782319,319.108960333585,2.6602225512663,24.9029333305998,0.52,659.019433750288,661.679656301554,0.3,0.32258064516129,760.949798345566
2666,2,0.2,0.6,2,10000,500000,100,304.378812927705,307.247804443557,2.86899151585116,24.0131450899119,0.52,654.64285855483,657.511850070681,0.3,0.348837209302326,763.741540908814
2667,2,0.3,0.6,2,10000,500000,100,297.241229503683,303.94708428152,6.70585477783768,25.5640621838718,0.61,642.169316951628,648.875171729466,0.3,0.379746835443038,758.486335515976
2668,2,0.4,0.6,2,10000,500000,100,308.553669395963,317.923254545541,9.36958514957822,25.120716513204,0.7,660.049440193706,669.419025343284,0.3,0.416666666666667,739.459141254425
2669,2,0.5,0.6,2,10000,500000,100,298.662986732143,310.591274156758,11.9282874246145,26.2497195906736,0.66,646.927604751039,658.855892175653,0.3,0.461538461538462,742.756427049637
2670,2,0.1,0.7,2,10000,500000,100,300.87172120541,309.256239813629,8.38451860821888,26.4367534832719,0.57,643.811564947168,652.196083555387,0.3,0.32258064516129,737.998685359955
2671,2,0.2,0.7,2,10000,500000,100,304.943451972593,311.741004598206,6.79755262561325,26.643152375572,0.62,648.215865390439,655.013418016052,0.3,0.348837209302326,738.755595207214
2672,2,0.3,0.7,2,10000,500000,100,318.345826269544,323.97062501325,5.62479874370661,26.6356468739109,0.64,660.913718684562,666.538517428268,0.3,0.379746835443038,756.586106300354
2673,2,0.4,0.7,2,10000,500000,100,310.281714632616,316.630608808105,6.34889417548869,26.1270792957277,0.63,654.294255894771,660.64315007026,0.3,0.416666666666667,792.184110403061
2674,2,0.5,0.7,2,10000,500000,100,300.286695785565,310.37976218044,10.0930663948742,20.0611559410966,0.69,646.318754492366,656.41182088724,0.3,0.461538461538462,791.042535305023
2675,2,0.1,0.3,3,10000,500000,100,306.999472933146,311.443508474711,4.44403554156475,24.9894757933909,0.55,650.185077636414,654.629113177978,0.3,0.32258064516129,788.686772584915
2676,2,0.2,0.3,3,10000,500000,100,314.38341151645,317.245512534484,2.86210101803381,24.0010979316431,0.54,654.938912031766,657.8010130498,0.3,0.348837209302326,795.638550519943
2677,2,0.3,0.3,3,10000,500000,100,306.573387073335,313.922488488391,7.34910141505591,24.0356784821239,0.65,649.890959279937,657.240060694992,0.3,0.379746835443038,747.743264436722
2678,2,0.4,0.3,3,10000,500000,100,313.36703344712,321.562362325283,8.19532887816239,25.334007633062,0.65,657.064477627329,665.259806505492,0.3,0.416666666666667,747.841634273529
2679,2,0.5,0.3,3,10000,500000,100,307.238414597209,319.198361993946,11.9599473967368,25.6677816597717,0.67,652.539427274401,664.499374671137,0.3,0.461538461538462,747.163589715958
2680,2,0.1,0.4,3,10000,500000,100,308.501203116595,312.973715558182,4.47251244158697,22.043850482326,0.61,654.749269933744,659.22178237533,0.3,0.32258064516129,742.076694965363
2681,2,0.2,0.4,3,10000,500000,100,309.937840334723,316.894809267225,6.95696893250251,21.9677067844425,0.58,654.600598669941,661.557567602443,0.3,0.348837209302326,758.30571103096
2682,2,0.3,0.4,3,10000,500000,100,302.814968316831,309.721030036635,6.90606171980413,23.3172130635592,0.63,645.383385492332,652.289447212136,0.3,0.379746835443038,739.498558282852
2683,2,0.4,0.4,3,10000,500000,100,301.236582972505,307.87067834801,6.63409537550469,24.9605991568912,0.58,647.667470803767,654.301566179272,0.3,0.416666666666667,760.014745473862
2684,2,0.5,0.4,3,10000,500000,100,298.629431952057,313.779506242201,15.1500742901439,23.3925870835656,0.76,643.107228947564,658.257303237708,0.3,0.461538461538462,742.306539773941
2685,2,0.1,0.5,3,10000,500000,100,307.296236128541,312.829208620317,5.53297249177667,26.7549043570846,0.6,650.504805635706,656.037778127482,0.3,0.32258064516129,738.750524759293
2686,2,0.2,0.5,3,10000,500000,100,295.801223396454,302.95864052675,7.15741713029617,24.4221395523752,0.63,640.770289787551,647.927706917847,0.3,0.348837209302326,741.653416395187
2687,2,0.3,0.5,3,10000,500000,100,302.18003263886,310.930083244195,8.75005060533557,20.2232339735312,0.63,653.044496164275,661.79454676961,0.3,0.379746835443038,739.776710987091
2688,2,0.4,0.5,3,10000,500000,100,307.236775383582,315.92221030961,8.68543492602846,22.9430348507792,0.62,654.193878657224,662.879313583253,0.3,0.416666666666667,782.20544052124
2689,2,0.5,0.5,3,10000,500000,100,317.146542132589,328.141189640477,10.9946475078879,22.4089514454075,0.7,660.170814643546,671.165462151434,0.3,0.461538461538462,797.636955976486
2690,2,0.1,0.6,3,10000,500000,100,307.82030991167,312.850157989935,5.02984807826518,26.2983239705219,0.54,654.240997045976,659.270845124241,0.3,0.32258064516129,790.943053007126
2691,2,0.2,0.6,3,10000,500000,100,310.074720253864,312.41738692828,2.34266667441568,24.3182213709032,0.52,656.183931625257,658.526598299673,0.3,0.348837209302326,786.500704050064
2692,2,0.3,0.6,3,10000,500000,100,299.452305108689,308.402385579702,8.95008047101259,26.7128002679457,0.62,644.357776866897,653.30785733791,0.3,0.379746835443038,782.908081531525
2693,2,0.4,0.6,3,10000,500000,100,294.469221575856,304.936472452659,10.4672508768031,27.9931027440531,0.61,637.541193407475,648.008444284278,0.3,0.416666666666667,746.853680372238
2694,2,0.5,0.6,3,10000,500000,100,304.371354438503,315.731545757918,11.3601913194153,24.8939686830231,0.69,646.354490536924,657.71468185634,0.3,0.461538461538462,748.349651813507
2695,2,0.1,0.7,3,10000,500000,100,311.155625843138,315.938362879829,4.78273703669187,24.6220800128528,0.55,654.098371453289,658.881108489981,0.3,0.32258064516129,746.243929386139
2696,2,0.2,0.7,3,10000,500000,100,299.950630575198,306.889503910773,6.9388733355756,25.3218818904034,0.61,647.102848136099,654.041721471674,0.3,0.348837209302326,758.753898143768
2697,2,0.3,0.7,3,10000,500000,100,296.721262699415,309.974625745081,13.2533630456656,24.6113141712413,0.66,645.453003776935,658.7063668226,0.3,0.379746835443038,757.253507852554
2698,2,0.4,0.7,3,10000,500000,100,295.049990389351,303.920060179308,8.87006978995702,21.6764088732483,0.69,639.643029481152,648.513099271109,0.3,0.416666666666667,811.991413354874
2699,2,0.5,0.7,3,10000,500000,100,298.302777385797,309.985822758001,11.6830453722043,25.0417413788803,0.67,649.446853731002,661.129899103206,0.3,0.461538461538462,758.027381896973
2700,2,0.1,0.3,0,13500,500000,100,310.084009294498,309.447791239047,-0.636218055451013,27.3428451473549,0.43,654.091803277311,653.455585221859,0.3,0.32258064516129,758.004252672196
2701,2,0.2,0.3,0,13500,500000,100,304.361708301784,307.547572826722,3.18586452493808,25.2952405038762,0.54,649.118281498524,652.304146023462,0.3,0.348837209302326,738.218997716904
2702,2,0.3,0.3,0,13500,500000,100,318.455820311229,328.497822606433,10.0420022952039,24.0527163958323,0.64,661.224180249344,671.266182544548,0.3,0.379746835443038,740.169706583023
2703,2,0.4,0.3,0,13500,500000,100,303.475192283276,313.860132452088,10.384940168812,24.3421924886279,0.7,647.57517102279,657.960111191602,0.3,0.416666666666667,738.97783946991
2704,2,0.5,0.3,0,13500,500000,100,304.846217934223,316.651275487217,11.8050575529943,26.0083898114642,0.64,650.638289068966,662.443346621961,0.3,0.461538461538462,781.943873882294
2705,2,0.1,0.4,0,13500,500000,100,304.907492387092,307.543026810987,2.63553442389454,29.6342634512235,0.52,651.72688066698,654.362415090874,0.3,0.32258064516129,792.325062274933
2706,2,0.2,0.4,0,13500,500000,100,297.172337761567,303.907721560419,6.73538379885189,29.5372594218849,0.58,644.620609871692,651.355993670544,0.3,0.348837209302326,790.878465652466
2707,2,0.3,0.4,0,13500,500000,100,307.271145176729,311.045471735111,3.77432655838201,28.2289121870251,0.58,648.484097301412,652.258423859794,0.3,0.379746835443038,779.538024663925
2708,2,0.4,0.4,0,13500,500000,100,299.847794940981,305.335793931537,5.48799899055522,25.7468921740984,0.55,650.852328375739,656.340327366294,0.3,0.416666666666667,785.038977146149
2709,2,0.5,0.4,0,13500,500000,100,304.886084022823,314.449773897626,9.56368987480324,22.6441753334158,0.65,651.451328004794,661.015017879597,0.3,0.461538461538462,757.768028020859
2710,2,0.1,0.5,0,13500,500000,100,304.053731738497,311.503583026142,7.44985128764515,25.0942317214085,0.56,648.294383194293,655.744234481938,0.3,0.32258064516129,747.484308004379
2711,2,0.2,0.5,0,13500,500000,100,305.560238690886,311.057500205715,5.497261514829,21.0460246016673,0.57,650.608938506588,656.106200021417,0.3,0.348837209302326,749.373954057694
2712,2,0.3,0.5,0,13500,500000,100,308.740538254445,317.101143243853,8.36060498940749,22.8336952362382,0.64,652.998534376308,661.359139365716,0.3,0.379746835443038,756.461782455444
2713,2,0.4,0.5,0,13500,500000,100,309.213288183878,313.092906937176,3.87961875329777,23.8568831874976,0.6,658.555884788425,662.435503541723,0.3,0.416666666666667,757.777091026306
2714,2,0.5,0.5,0,13500,500000,100,304.568453902968,318.13671161786,13.568257714892,30.7983008620989,0.71,653.148550127468,666.71680784236,0.3,0.461538461538462,754.784959077835
2715,2,0.1,0.6,0,13500,500000,100,311.536890136226,315.131001940008,3.59411180378192,26.3005459819301,0.55,648.686755151341,652.280866955123,0.3,0.32258064516129,756.885722875595
2716,2,0.2,0.6,0,13500,500000,100,306.22644076832,313.851591861796,7.62515109347613,24.1701198085599,0.65,653.852410318808,661.477561412284,0.3,0.348837209302326,757.000939846039
2717,2,0.3,0.6,0,13500,500000,100,310.849897695214,316.910989755687,6.06109206047288,21.2251408130929,0.61,657.778999308369,663.840091368842,0.3,0.379746835443038,738.831265687943
2718,2,0.4,0.6,0,13500,500000,100,304.735308301525,312.527709419027,7.79240111750211,25.317157059691,0.6,652.969048325525,660.761449443027,0.3,0.416666666666667,737.728518724442
2719,2,0.5,0.6,0,13500,500000,100,301.100624023368,313.955584021713,12.8549599983454,26.2049947177108,0.65,651.495039120537,664.349999118883,0.3,0.461538461538462,737.963840246201
2720,2,0.1,0.7,0,13500,500000,100,309.483895098626,314.884490472744,5.40059537411827,28.6184058393012,0.59,654.918810586232,660.319405960351,0.3,0.32258064516129,782.259366750717
2721,2,0.2,0.7,0,13500,500000,100,305.330532234386,310.056512136723,4.72597990233709,27.5621281886875,0.58,647.551134906538,652.277114808875,0.3,0.348837209302326,791.587497711182
2722,2,0.3,0.7,0,13500,500000,100,307.471926300215,311.762889485032,4.29096318481717,23.6345557287005,0.58,652.445998600836,656.736961785653,0.3,0.379746835443038,790.394715547562
2723,2,0.4,0.7,0,13500,500000,100,304.779140680285,308.940895948834,4.16175526854871,19.2175956696405,0.56,653.886681051424,658.048436319973,0.3,0.416666666666667,783.228467226028
2724,2,0.5,0.7,0,13500,500000,100,307.266666298039,318.526492738664,11.259826440625,25.0107259795659,0.66,655.349311938805,666.609138379431,0.3,0.461538461538462,781.445811986923
2725,2,0.1,0.3,1,13500,500000,100,306.220737580385,307.955741993667,1.73500441328223,24.8978535654416,0.51,644.641929796679,646.376934209961,0.3,0.32258064516129,749.173923015595
2726,2,0.2,0.3,1,13500,500000,100,299.507926994425,310.580659272591,11.0727322781655,26.8733834788018,0.65,645.130843170175,656.20357544834,0.3,0.348837209302326,748.776535272598
2727,2,0.3,0.3,1,13500,500000,100,290.924134654086,301.863101963887,10.9389673098016,25.1634774618553,0.66,639.875624769504,650.814592079305,0.3,0.379746835443038,749.684024333954
2728,2,0.4,0.3,1,13500,500000,100,297.842269417089,309.21008961433,11.3678201972413,23.5080010341981,0.63,644.044858484718,655.412678681959,0.3,0.416666666666667,760.210288524628
2729,2,0.5,0.3,1,13500,500000,100,311.021040714535,324.693680495169,13.6726397806339,24.4303661414815,0.73,656.072257406622,669.744897187256,0.3,0.461538461538462,757.223737478256
2730,2,0.1,0.4,1,13500,500000,100,300.741780361076,306.458131534975,5.71635117389902,23.6952771305229,0.61,646.282513920609,651.998865094508,0.3,0.32258064516129,757.243765830994
2731,2,0.2,0.4,1,13500,500000,100,308.516336143756,309.164012397489,0.647676253732298,25.9411409155356,0.47,655.572158757096,656.219835010829,0.3,0.348837209302326,757.68083190918
2732,2,0.3,0.4,1,13500,500000,100,306.683265604169,310.946573845468,4.26330824129918,23.7299313349019,0.54,651.763752806987,656.027061048286,0.3,0.379746835443038,758.706506490707
2733,2,0.4,0.4,1,13500,500000,100,306.945212110374,312.989240240885,6.04402813051029,27.4737454140382,0.62,651.248151560467,657.292179690977,0.3,0.416666666666667,741.39488697052
2734,2,0.5,0.4,1,13500,500000,100,303.701339936565,314.971603673353,11.2702637367877,23.3151027873108,0.65,650.031813242889,661.302076979677,0.3,0.461538461538462,739.456240177155
2735,2,0.1,0.5,1,13500,500000,100,312.421916901474,315.116675900773,2.69475899929897,23.6802237465199,0.54,653.919547528304,656.614306527603,0.3,0.32258064516129,737.571164369583
2736,2,0.2,0.5,1,13500,500000,100,313.95466224017,320.41095431642,6.45629207624983,28.0632974156956,0.59,659.829061741372,666.285353817622,0.3,0.348837209302326,783.256496906281
2737,2,0.3,0.5,1,13500,500000,100,302.975805477487,308.74190659498,5.76610111749229,27.7286000008286,0.6,649.317323845139,655.083424962631,0.3,0.379746835443038,789.5620470047
2738,2,0.4,0.5,1,13500,500000,100,298.889947517265,314.641359718077,15.7514122008119,26.3914509191973,0.7,644.563542135255,660.314954336067,0.3,0.416666666666667,790.388576507568
2739,2,0.5,0.5,1,13500,500000,100,299.125518923804,312.188892539388,13.0633736155839,23.5751290160288,0.68,647.233656966228,660.297030581812,0.3,0.461538461538462,778.897116661072
2740,2,0.1,0.6,1,13500,500000,100,306.128703569508,310.40621946124,4.27751589173292,28.038449645207,0.5,647.648718454839,651.926234346572,0.3,0.32258064516129,781.355973720551
2741,2,0.2,0.6,1,13500,500000,100,302.245121723901,308.754189711916,6.50906798801501,26.6067390372765,0.57,648.665573861478,655.174641849493,0.3,0.348837209302326,748.340320825577
2742,2,0.3,0.6,1,13500,500000,100,298.01299790305,307.466919069613,9.45392116656307,22.4650862815472,0.67,642.672448387462,652.126369554025,0.3,0.379746835443038,751.298670530319
2743,2,0.4,0.6,1,13500,500000,100,307.361523144906,314.455113563084,7.09359041817895,26.7910867505055,0.58,649.538156196572,656.631746614751,0.3,0.416666666666667,745.30442738533
2744,2,0.5,0.6,1,13500,500000,100,306.740279682524,320.660409701469,13.920130018945,23.4908072478176,0.73,648.396101363572,662.316231382517,0.3,0.461538461538462,757.139172077179
2745,2,0.1,0.7,1,13500,500000,100,304.814837462712,309.442266846402,4.62742938368986,27.9507284300402,0.57,646.606805858291,651.23423524198,0.3,0.32258064516129,756.347163677216
2746,2,0.2,0.7,1,13500,500000,100,314.30625111208,320.879172777516,6.57292166543566,24.8434622003373,0.61,661.686980431679,668.259902097114,0.3,0.348837209302326,758.662738323212
2747,2,0.3,0.7,1,13500,500000,100,298.38133153146,310.241808712063,11.860477180603,23.8801947422787,0.68,643.044087369123,654.904564549726,0.3,0.379746835443038,757.920301914215
2748,2,0.4,0.7,1,13500,500000,100,298.677756848644,306.199681450899,7.52192460225486,25.5122592129299,0.61,649.212376146939,656.734300749194,0.3,0.416666666666667,759.335124969482
2749,2,0.5,0.7,1,13500,500000,100,311.420553515111,321.050071363971,9.62951784885978,24.2437754727017,0.59,653.925511625677,663.555029474537,0.3,0.461538461538462,738.086631536484
2750,2,0.1,0.3,2,13500,500000,100,309.900076459932,311.702316620425,1.80224016049378,24.6538778203303,0.5,657.682437401131,659.484677561625,0.3,0.32258064516129,741.885854244232
2751,2,0.2,0.3,2,13500,500000,100,306.938548295204,314.649529887943,7.71098159273949,25.304470199592,0.61,655.998340676048,663.709322268788,0.3,0.348837209302326,740.600447654724
2752,2,0.3,0.3,2,13500,500000,100,302.259128230456,305.127832820155,2.8687045896986,22.6974211898234,0.58,648.930344132516,651.799048722215,0.3,0.379746835443038,781.564227104187
2753,2,0.4,0.3,2,13500,500000,100,305.034367074294,315.71839443747,10.6840273631756,23.956006469948,0.71,650.583020856322,661.267048219497,0.3,0.416666666666667,792.750939130783
2754,2,0.5,0.3,2,13500,500000,100,303.004191726447,314.580643376143,11.5764516496958,24.439724172159,0.68,649.064216807005,660.640668456701,0.3,0.461538461538462,791.116527318955
2755,2,0.1,0.4,2,13500,500000,100,306.127073289714,309.162196499195,3.03512320948094,23.9515253467836,0.53,649.579549351206,652.614672560687,0.3,0.32258064516129,799.247868537903
2756,2,0.2,0.4,2,13500,500000,100,304.679573402334,306.783701185925,2.10412778359148,26.8491219463352,0.54,654.586857477774,656.690985261365,0.3,0.348837209302326,781.288064956665
2757,2,0.3,0.4,2,13500,500000,100,304.307355469613,312.845783876256,8.53842840664342,28.054730506787,0.6,646.793734909606,655.332163316249,0.3,0.379746835443038,758.932608604431
2758,2,0.4,0.4,2,13500,500000,100,306.74027936276,315.435300483533,8.69502112077273,25.9740942475342,0.63,655.485073472342,664.180094593115,0.3,0.416666666666667,747.008114814758
2759,2,0.5,0.4,2,13500,500000,100,297.397501152297,310.034839171614,12.6373380193165,24.1894988936534,0.69,642.083865303749,654.721203323066,0.3,0.461538461538462,750.94361782074
2760,2,0.1,0.5,2,13500,500000,100,310.002355536508,309.9859429073,-0.0164126292084643,22.542529631972,0.55,658.475216499312,658.458803870104,0.3,0.32258064516129,758.643519639969
2761,2,0.2,0.5,2,13500,500000,100,310.378555085367,316.516325621488,6.13777053612102,24.835532319435,0.63,656.249385745216,662.387156281337,0.3,0.348837209302326,761.659306764603
2762,2,0.3,0.5,2,13500,500000,100,310.359948106726,317.976367841707,7.61641973498164,25.7836001781372,0.59,653.315461969567,660.931881704548,0.3,0.379746835443038,757.09543967247
2763,2,0.4,0.5,2,13500,500000,100,292.563974661722,307.765163154511,15.201188492789,27.0592201323556,0.77,636.18103003081,651.382218523599,0.3,0.416666666666667,756.994906187058
2764,2,0.5,0.5,2,13500,500000,100,303.669329932165,317.326307404029,13.6569774718642,24.4908245850211,0.72,646.825226015226,660.48220348709,0.3,0.461538461538462,757.288885116577
2765,2,0.1,0.6,2,13500,500000,100,303.597259878151,310.887197441671,7.28993756351993,26.9010861493748,0.6,651.123809123862,658.413746687382,0.3,0.32258064516129,740.770423173905
2766,2,0.2,0.6,2,13500,500000,100,310.456863649797,317.873136374515,7.41627272471774,23.6987950019781,0.58,656.393369307582,663.8096420323,0.3,0.348837209302326,743.223656415939
2767,2,0.3,0.6,2,13500,500000,100,303.56956113549,313.769138844375,10.1995777088849,22.9993332698635,0.65,652.151384535168,662.350962244053,0.3,0.379746835443038,737.425024986267
2768,2,0.4,0.6,2,13500,500000,100,300.241320654768,313.90500210623,13.6636814514628,26.7507318780769,0.65,648.76319122893,662.426872680393,0.3,0.416666666666667,779.967080831528
2769,2,0.5,0.6,2,13500,500000,100,319.025931874103,332.238601944802,13.2126700706996,23.1952960195776,0.71,664.800382294126,678.013052364825,0.3,0.461538461538462,789.430094718933
2770,2,0.1,0.7,2,13500,500000,100,303.808987042137,306.271871967171,2.46288492503429,28.209618413881,0.52,654.751107803473,657.213992728508,0.3,0.32258064516129,791.730695486069
2771,2,0.2,0.7,2,13500,500000,100,304.969108390343,313.070713879131,8.10160548878707,27.0313064726585,0.56,649.268130828264,657.369736317051,0.3,0.348837209302326,777.796921253204
2772,2,0.3,0.7,2,13500,500000,100,301.344506442586,308.774861061221,7.4303546186347,26.1755681784314,0.6,645.496536876602,652.926891495237,0.3,0.379746835443038,782.320842266083
2773,2,0.4,0.7,2,13500,500000,100,309.539048277081,317.453392892884,7.91434461580344,25.1529615454751,0.61,657.502403301867,665.41674791767,0.3,0.416666666666667,757.528791189194
2774,2,0.5,0.7,2,13500,500000,100,314.657748709367,323.093265224842,8.4355165154753,23.0420328118301,0.62,656.567090172409,665.002606687884,0.3,0.461538461538462,751.781509399414
2775,2,0.1,0.3,3,13500,500000,100,307.138329928471,314.413667019045,7.27533709057389,24.7459611421939,0.62,649.109486679644,656.384823770218,0.3,0.32258064516129,751.28070640564
2776,2,0.2,0.3,3,13500,500000,100,310.637868240774,317.945489010604,7.30762076983036,24.7925509708605,0.58,652.487223494757,659.794844264587,0.3,0.348837209302326,758.212461948395
2777,2,0.3,0.3,3,13500,500000,100,309.311749395047,315.649219600843,6.33747020579573,24.5671279014808,0.6,653.424433948638,659.761904154434,0.3,0.379746835443038,757.870091438294
2778,2,0.4,0.3,3,13500,500000,100,303.753128632264,310.905625289409,7.15249665714476,27.6082380568046,0.53,651.100934130775,658.253430787919,0.3,0.416666666666667,758.990769147873
2779,2,0.5,0.3,3,13500,500000,100,302.167916762429,312.502273081779,10.3343563193493,23.7755246655958,0.63,644.583529250505,654.917885569854,0.3,0.461538461538462,760.424323320389
2780,2,0.1,0.4,3,13500,500000,100,310.451884251489,320.239630388953,9.78774613746486,27.818933032608,0.64,656.252027082097,666.039773219562,0.3,0.32258064516129,759.024636507034
2781,2,0.2,0.4,3,13500,500000,100,299.112450281073,302.566587806633,3.45413752556051,26.9965246197904,0.55,642.193211127991,645.647348653551,0.3,0.348837209302326,739.619094848633
2782,2,0.3,0.4,3,13500,500000,100,322.336043906304,328.948289492173,6.61224558586897,25.771716299754,0.57,664.678334009443,671.290579595312,0.3,0.379746835443038,743.500279664993
2783,2,0.4,0.4,3,13500,500000,100,310.123500367367,319.268476349675,9.14497598230777,21.6304565577526,0.68,659.796654239038,668.941630221346,0.3,0.416666666666667,741.406804561615
2784,2,0.5,0.4,3,13500,500000,100,304.245486964657,314.678716466232,10.4332295015744,23.4964191243403,0.63,650.470563551839,660.903793053413,0.3,0.461538461538462,781.003806114197
2785,2,0.1,0.5,3,13500,500000,100,295.891767465186,307.001028730556,11.10926126537,22.3932004602204,0.62,643.013502743683,654.122764009053,0.3,0.32258064516129,790.63399720192
2786,2,0.2,0.5,3,13500,500000,100,307.124860962167,314.174514281637,7.04965331947018,23.8015107593885,0.63,652.365471895823,659.415125215294,0.3,0.348837209302326,791.119302034378
2787,2,0.3,0.5,3,13500,500000,100,296.478023183597,308.449168565783,11.9711453821856,26.7604733758407,0.64,643.27279298721,655.243938369396,0.3,0.379746835443038,872.756440401077
2788,2,0.4,0.5,3,13500,500000,100,298.540491019954,305.721058468126,7.18056744817244,24.278485087888,0.64,640.674235094875,647.854802543047,0.3,0.416666666666667,782.722640991211
2789,2,0.5,0.5,3,13500,500000,100,301.59362938736,311.005093828746,9.41146444138562,20.1443903527057,0.69,650.916937318302,660.328401759687,0.3,0.461538461538462,748.832042694092
2790,2,0.1,0.6,3,13500,500000,100,297.409687925961,301.380119296681,3.9704313707203,24.1632068442341,0.56,648.217999337545,652.188430708265,0.3,0.32258064516129,748.905948638916
2791,2,0.2,0.6,3,13500,500000,100,305.694575554966,316.725681871369,11.0311063164033,23.4827212375597,0.65,650.664960951389,661.696067267792,0.3,0.348837209302326,748.116978168488
2792,2,0.3,0.6,3,13500,500000,100,312.241206383943,321.444092956686,9.20288657274245,25.7609380646632,0.66,653.785497361641,662.988383934383,0.3,0.379746835443038,758.292470693588
2793,2,0.4,0.6,3,13500,500000,100,305.529986839544,313.258046799671,7.72805996012748,23.9062621594224,0.6,647.021374296915,654.749434257043,0.3,0.416666666666667,758.34602355957
2794,2,0.5,0.6,3,13500,500000,100,304.788624085915,313.153244472269,8.36462038635396,22.6829404074903,0.67,651.215609781541,659.580230167895,0.3,0.461538461538462,760.646094560623
2795,2,0.1,0.7,3,13500,500000,100,312.795475821226,313.392705269911,0.597229448684973,30.5666343555886,0.52,657.088139439625,657.68536888831,0.3,0.32258064516129,759.170755386353
2796,2,0.2,0.7,3,13500,500000,100,301.329541892676,304.748661071788,3.41911917911146,25.0254640759258,0.58,646.522488536606,649.941607715717,0.3,0.348837209302326,759.225584983826
2797,2,0.3,0.7,3,13500,500000,100,304.207349112222,314.817844225376,10.6104951131541,28.2707203275129,0.62,651.091423910633,661.701919023788,0.3,0.379746835443038,739.523170948029
2798,2,0.4,0.7,3,13500,500000,100,313.682277883994,320.105902431078,6.42362454708311,27.1124929151578,0.57,657.41085363566,663.834478182743,0.3,0.416666666666667,749.549287557602
2799,2,0.5,0.7,3,13500,500000,100,298.32439574673,308.464751886805,10.140356140075,24.4139402604191,0.66,648.031357655053,658.171713795128,0.3,0.461538461538462,740.251918792725
2800,2,0.1,0.3,0,17000,500000,100,311.684040602887,310.091151664158,-1.59288893872865,24.0210737576742,0.49,656.027234538699,654.434345599971,0.3,0.32258064516129,783.525149345398
2801,2,0.2,0.3,0,17000,500000,100,301.516504853174,306.467454443194,4.95094959002051,25.3321391503602,0.53,649.826400576297,654.777350166318,0.3,0.348837209302326,791.989735603333
2802,2,0.3,0.3,0,17000,500000,100,304.0418229406,313.979313420792,9.93749048019243,25.1051510646723,0.63,648.859257687258,658.79674816745,0.3,0.379746835443038,793.591371059418
2803,2,0.4,0.3,0,17000,500000,100,304.046711170763,312.190629177055,8.14391800629185,26.2160316967069,0.6,649.785689799278,657.92960780557,0.3,0.416666666666667,894.430244922638
2804,2,0.5,0.3,0,17000,500000,100,311.716262767817,326.370483035366,14.654220267549,23.0484705936611,0.72,655.491677468334,670.145897735883,0.3,0.461538461538462,783.862833976746
2805,2,0.1,0.4,0,17000,500000,100,305.068701686946,308.756049306525,3.68734761957905,26.9000063795679,0.55,653.239404529911,656.92675214949,0.3,0.32258064516129,743.918171167374
2806,2,0.2,0.4,0,17000,500000,100,299.946474525633,304.688573791225,4.74209926559167,28.0479778890527,0.6,648.563155956,653.305255221591,0.3,0.348837209302326,748.405852556229
2807,2,0.3,0.4,0,17000,500000,100,304.326294110923,314.977950928108,10.6516568171855,27.3155204036627,0.64,649.454177663018,660.105834480204,0.3,0.379746835443038,747.957442760468
2808,2,0.4,0.4,0,17000,500000,100,307.390631128704,313.059261359943,5.66863023123941,23.8475931636987,0.56,654.193849543361,659.8624797746,0.3,0.416666666666667,759.820332765579
2809,2,0.5,0.4,0,17000,500000,100,304.296116994498,318.796208104226,14.5000911097278,23.7289230053665,0.7,648.210573853824,662.710664963551,0.3,0.461538461538462,757.361165046692
2810,2,0.1,0.5,0,17000,500000,100,310.46814137783,315.66790273424,5.19976135640988,22.3462706044817,0.6,654.54142692368,659.74118828009,0.3,0.32258064516129,761.900829315186
2811,2,0.2,0.5,0,17000,500000,100,316.007624295739,322.585385038015,6.57776074227621,27.9401293765365,0.56,659.989266051268,666.567026793545,0.3,0.348837209302326,753.127994775772
2812,2,0.3,0.5,0,17000,500000,100,299.028234795105,307.799392121266,8.77115732616056,30.375396359755,0.65,651.029374883818,659.800532209979,0.3,0.379746835443038,754.641488552094
2813,2,0.4,0.5,0,17000,500000,100,305.863237372184,316.309634813337,10.4463974411528,23.3083093341197,0.64,653.550596755711,663.996994196864,0.3,0.416666666666667,738.737452507019
2814,2,0.5,0.5,0,17000,500000,100,316.745904302523,325.772519653424,9.02661535090134,26.2304218453538,0.66,659.371138177372,668.397753528273,0.3,0.461538461538462,737.460355520248
2815,2,0.1,0.6,0,17000,500000,100,294.33484742291,298.47388461989,4.13903719698014,25.0849540556969,0.53,643.23949741344,647.37853461042,0.3,0.32258064516129,753.302526235581
2816,2,0.2,0.6,0,17000,500000,100,318.726749260627,323.653728289134,4.92697902850691,26.8527174572386,0.57,663.174946004442,668.101925032949,0.3,0.348837209302326,779.982621431351
2817,2,0.3,0.6,0,17000,500000,100,294.953264078356,300.710839920496,5.75757584214062,25.4877684895833,0.61,638.211189555476,643.968765397617,0.3,0.379746835443038,791.381135225296
2818,2,0.4,0.6,0,17000,500000,100,309.920752048642,317.928871178258,8.00811912961657,24.6750374461168,0.59,656.982733970929,664.990853100545,0.3,0.416666666666667,791.343341350556
2819,2,0.5,0.6,0,17000,500000,100,300.187330005734,312.793402186726,12.6060721809911,24.6889653843784,0.66,645.197431110742,657.803503291734,0.3,0.461538461538462,782.009691238403
2820,2,0.1,0.7,0,17000,500000,100,314.837003225502,317.006140004404,2.1691367789021,25.3577439632188,0.51,661.308304793084,663.477441571987,0.3,0.32258064516129,781.242293119431
2821,2,0.2,0.7,0,17000,500000,100,306.763986442699,312.65812505486,5.89413861216172,24.4802449644132,0.61,652.577391693412,658.471530305574,0.3,0.348837209302326,741.141907453537
2822,2,0.3,0.7,0,17000,500000,100,309.938707481713,321.299358343699,11.3606508619859,26.3716003219511,0.72,654.801320973527,666.161971835513,0.3,0.379746835443038,751.191801786423
2823,2,0.4,0.7,0,17000,500000,100,301.105613569645,305.068220021837,3.96260645219179,20.9931917679583,0.54,648.054806288393,652.017412740585,0.3,0.416666666666667,747.750707149506
2824,2,0.5,0.7,0,17000,500000,100,309.17538457647,319.208859105348,10.0334745288783,27.1163394752964,0.62,654.179944391141,664.213418920019,0.3,0.461538461538462,758.115417003632
2825,2,0.1,0.3,1,17000,500000,100,302.161582468059,305.274660498018,3.1130780299595,24.768694899542,0.51,649.98311893571,653.096196965669,0.3,0.32258064516129,755.43549990654
2826,2,0.2,0.3,1,17000,500000,100,300.212007849545,306.147648867199,5.93564101765331,26.3257419228923,0.54,642.899865469504,648.835506487158,0.3,0.348837209302326,760.795703411102
2827,2,0.3,0.3,1,17000,500000,100,299.425377982333,313.19513315817,13.7697551758371,26.3859377544204,0.64,646.0898958852,659.859651061037,0.3,0.379746835443038,751.772209405899
2828,2,0.4,0.3,1,17000,500000,100,314.734184480132,322.550685516171,7.81650103603907,25.3986429400712,0.63,659.49883912875,667.31534016479,0.3,0.416666666666667,757.090460062027
2829,2,0.5,0.3,1,17000,500000,100,307.367144287403,320.974864321663,13.6077200342598,25.5354074173288,0.7,650.579336363619,664.187056397879,0.3,0.461538461538462,740.398825407028
2830,2,0.1,0.4,1,17000,500000,100,301.51584571082,302.790989312269,1.2751436014498,29.2228171198913,0.51,651.722388663079,652.997532264528,0.3,0.32258064516129,738.063928842545
2831,2,0.2,0.4,1,17000,500000,100,299.231822821192,302.736269632908,3.50444681171632,24.3809819270741,0.59,644.402740112592,647.907186924308,0.3,0.348837209302326,739.019065856934
2832,2,0.3,0.4,1,17000,500000,100,306.426138739809,311.662465623647,5.23632688383758,22.258140695676,0.6,653.332335341571,658.568662225408,0.3,0.379746835443038,782.272702932358
2833,2,0.4,0.4,1,17000,500000,100,307.148944628489,316.909291075863,9.7603464473737,23.3213577303273,0.66,650.957417330581,660.717763777954,0.3,0.416666666666667,792.766744375229
2834,2,0.5,0.4,1,17000,500000,100,305.826676492014,316.073082214357,10.2464057223431,21.9452031680405,0.62,648.00916901511,658.255574737454,0.3,0.461538461538462,789.78988814354
2835,2,0.1,0.5,1,17000,500000,100,316.281215287901,319.546537129403,3.26532184150254,25.2532497033279,0.52,656.833894607539,660.099216449042,0.3,0.32258064516129,774.579471111298
2836,2,0.2,0.5,1,17000,500000,100,299.602565896603,304.808772349932,5.20620645332886,26.6351173865505,0.56,647.470571641897,652.676778095226,0.3,0.348837209302326,781.482084035874
2837,2,0.3,0.5,1,17000,500000,100,300.22006171602,311.493496189202,11.2734344731821,27.1163733995329,0.63,645.320817324046,656.594251797228,0.3,0.379746835443038,742.945085048676
2838,2,0.4,0.5,1,17000,500000,100,310.341363943437,317.590521740052,7.24915779661572,22.6103749011036,0.67,654.096442607174,661.34560040379,0.3,0.416666666666667,748.949372053146
2839,2,0.5,0.5,1,17000,500000,100,304.964790332156,318.642044608448,13.6772542762916,22.4122173680179,0.75,650.677992475784,664.355246752075,0.3,0.461538461538462,748.642817735672
2840,2,0.1,0.6,1,17000,500000,100,299.643442966221,304.857900014298,5.21445704807647,23.4895580362684,0.54,645.945298084124,651.1597551322,0.3,0.32258064516129,760.099017620087
2841,2,0.2,0.6,1,17000,500000,100,304.647985364966,306.875347688455,2.22736232348946,23.6991441177395,0.52,648.641856385983,650.869218709472,0.3,0.348837209302326,753.806048154831
2842,2,0.3,0.6,1,17000,500000,100,307.707923379494,320.119413816767,12.411490437273,23.9601164264517,0.63,646.677051770406,659.088542207679,0.3,0.379746835443038,784.379319667816
2843,2,0.4,0.6,1,17000,500000,100,306.766521013977,318.102314574988,11.3357935610113,27.8320400655846,0.64,652.437793989871,663.773587550882,0.3,0.416666666666667,751.41246676445
2844,2,0.5,0.6,1,17000,500000,100,294.741238655689,311.84088895907,17.0996503033812,27.9478273345961,0.7,640.618925928049,657.71857623143,0.3,0.461538461538462,756.39630651474
2845,2,0.1,0.7,1,17000,500000,100,307.430700958513,312.430201373392,4.99950041487913,26.4636451477554,0.55,653.972267845841,658.97176826072,0.3,0.32258064516129,744.563817739487
2846,2,0.2,0.7,1,17000,500000,100,305.655404377047,310.148642169799,4.49323779275216,25.2420996086002,0.6,652.382781977379,656.876019770131,0.3,0.348837209302326,738.968706130981
2847,2,0.3,0.7,1,17000,500000,100,305.000571024959,315.378639447363,10.3780684224036,23.463737654437,0.7,651.074200087246,661.45226850965,0.3,0.379746835443038,737.496653079987
2848,2,0.4,0.7,1,17000,500000,100,299.064825975578,310.605045371347,11.5402193957685,26.8717433248968,0.63,643.27942090473,654.819640300499,0.3,0.416666666666667,781.529789686203
2849,2,0.5,0.7,1,17000,500000,100,308.890753388372,320.430473873499,11.5397204851269,22.1421985304057,0.72,654.972665469636,666.512385954763,0.3,0.461538461538462,779.862409353256
2850,2,0.1,0.3,2,17000,500000,100,306.033684333883,308.836917854106,2.80323352022352,25.4855350940329,0.54,650.302915727172,653.106149247395,0.3,0.32258064516129,791.449944019318
2851,2,0.2,0.3,2,17000,500000,100,300.633202959724,309.519118584101,8.88591562437774,24.5940903267767,0.58,646.494505273641,655.380420898019,0.3,0.348837209302326,764.279641389847
2852,2,0.3,0.3,2,17000,500000,100,315.942343544392,324.400460218191,8.45811667379892,23.9145337418055,0.63,661.277543291272,669.735659965071,0.3,0.379746835443038,782.50329041481
2853,2,0.4,0.3,2,17000,500000,100,304.352797659513,310.193345065023,5.84054740551061,20.6823205433232,0.62,646.487750804264,652.328298209775,0.3,0.416666666666667,743.15110039711
2854,2,0.5,0.3,2,17000,500000,100,296.818984176693,312.331069986092,15.5120858093989,27.1281888178134,0.7,645.868219317361,661.380305126759,0.3,0.461538461538462,750.701807260513
2855,2,0.1,0.4,2,17000,500000,100,308.04625652634,310.352763458152,2.30650693181251,27.1731692179153,0.53,654.538972802606,656.845479734418,0.3,0.32258064516129,745.000480175018
2856,2,0.2,0.4,2,17000,500000,100,313.702985712419,319.718367102803,6.01538139038422,23.8436642569569,0.62,654.19186442727,660.207245817654,0.3,0.348837209302326,760.791949748993
2857,2,0.3,0.4,2,17000,500000,100,307.774299854129,317.993408411625,10.2191085574953,25.980149432859,0.63,653.296234142109,663.515342699605,0.3,0.379746835443038,753.667195796967
2858,2,0.4,0.4,2,17000,500000,100,297.022308529699,305.644136424375,8.62182789467567,27.0680739552163,0.61,644.901217115404,653.523045010079,0.3,0.416666666666667,765.413756370545
2859,2,0.5,0.4,2,17000,500000,100,311.766169931603,322.717510406812,10.9513404752098,23.379213086913,0.66,657.877836485983,668.829176961192,0.3,0.461538461538462,752.659726381302
2860,2,0.1,0.5,2,17000,500000,100,305.481613497379,306.328450145074,0.84683664769495,22.8653262451982,0.52,652.205987312748,653.052823960442,0.3,0.32258064516129,758.78404045105
2861,2,0.2,0.5,2,17000,500000,100,309.330677254147,311.208093855764,1.87741660161725,25.4389827552728,0.54,654.035331289243,655.912747890861,0.3,0.348837209302326,738.232856988907
2862,2,0.3,0.5,2,17000,500000,100,304.317686382522,309.511157965619,5.19347158309714,24.7201609544326,0.57,650.429433450044,655.622905033141,0.3,0.379746835443038,737.140262842178
2863,2,0.4,0.5,2,17000,500000,100,319.830592214089,329.527696338312,9.69710412422266,23.7435324661009,0.69,665.489867716026,675.186971840248,0.3,0.416666666666667,739.123168230057
2864,2,0.5,0.5,2,17000,500000,100,307.157654417519,318.291736743211,11.134082325692,23.6180254543806,0.65,651.485754766028,662.619837091719,0.3,0.461538461538462,779.460833072662
2865,2,0.1,0.6,2,17000,500000,100,296.546898642938,297.959907031749,1.41300838881149,27.6751024420181,0.54,644.245129844771,645.658138233583,0.3,0.32258064516129,779.51281452179
2866,2,0.2,0.6,2,17000,500000,100,301.321172163277,304.771742156543,3.45056999326573,24.099536619721,0.57,645.986062389572,649.436632382838,0.3,0.348837209302326,792.313480377197
2867,2,0.3,0.6,2,17000,500000,100,314.859175000351,323.951437806435,9.09226280608406,23.4866706054104,0.69,658.152977201476,667.24524000756,0.3,0.379746835443038,758.221515893936
2868,2,0.4,0.6,2,17000,500000,100,308.702010114242,314.774398712893,6.07238859865172,21.9773326614504,0.62,653.301450409946,659.373839008598,0.3,0.416666666666667,781.877683162689
2869,2,0.5,0.6,2,17000,500000,100,297.330051900667,308.300224702297,10.9701728016301,26.8024856421933,0.64,645.25286986059,656.22304266222,0.3,0.461538461538462,749.698857307434
2870,2,0.1,0.7,2,17000,500000,100,313.669674931681,319.666910714927,5.99723578324539,26.8167629470447,0.56,655.930677182708,661.927912965953,0.3,0.32258064516129,748.413563728333
2871,2,0.2,0.7,2,17000,500000,100,300.672284088797,309.488472665754,8.81618857695742,22.0815227535876,0.63,646.983374769138,655.799563346095,0.3,0.348837209302326,742.678905487061
2872,2,0.3,0.7,2,17000,500000,100,304.798522579072,309.682692589218,4.88417001014545,22.9987956580483,0.59,649.140909254597,654.025079264743,0.3,0.379746835443038,759.812447309494
2873,2,0.4,0.7,2,17000,500000,100,314.8411536392,320.915054306489,6.07390066728816,21.937903186441,0.62,657.787354521748,663.861255189036,0.3,0.416666666666667,750.30365562439
2874,2,0.5,0.7,2,17000,500000,100,301.262735842532,315.19790680473,13.9351709621978,24.5052177611593,0.7,650.831478122213,664.766649084411,0.3,0.461538461538462,761.756451368332
2875,2,0.1,0.3,3,17000,500000,100,317.011368322367,317.319839711028,0.308471388661105,26.1301334340485,0.42,662.042765206873,662.351236595534,0.3,0.32258064516129,754.37491774559
2876,2,0.2,0.3,3,17000,500000,100,303.736966796906,304.046499089521,0.309532292615374,24.8825806919953,0.48,649.695407225785,650.004939518401,0.3,0.348837209302326,756.298332214356
2877,2,0.3,0.3,3,17000,500000,100,296.450747696346,308.653886076243,12.2031383798967,28.8282576138931,0.61,644.22739833603,656.430536715927,0.3,0.379746835443038,741.73467707634
2878,2,0.4,0.3,3,17000,500000,100,306.087538085546,316.375780351474,10.2882422659285,25.5132697320086,0.7,653.786297147213,664.074539413141,0.3,0.416666666666667,739.375292539597
2879,2,0.5,0.3,3,17000,500000,100,296.118786660463,311.341625446962,15.2228387864989,24.8552746006388,0.74,642.877987235007,658.100826021506,0.3,0.461538461538462,739.72259926796
2880,2,0.1,0.4,3,17000,500000,100,300.378736075108,306.041915215266,5.66317914015808,26.4145682962634,0.61,646.520074445194,652.183253585353,0.3,0.32258064516129,752.831223964691
2881,2,0.2,0.4,3,17000,500000,100,310.066719423285,316.926999871605,6.86028044832029,25.9618226209088,0.59,654.312300632393,661.172581080713,0.3,0.348837209302326,782.929085016251
2882,2,0.3,0.4,3,17000,500000,100,315.481875271159,320.296122520301,4.81424724914216,23.4810734228095,0.61,664.493705383251,669.307952632393,0.3,0.379746835443038,781.675864458084
2883,2,0.4,0.4,3,17000,500000,100,311.843046226522,318.930972470512,7.08792624399035,23.5147875460218,0.61,656.589971558245,663.677897802235,0.3,0.416666666666667,739.933062791824
2884,2,0.5,0.4,3,17000,500000,100,303.827152518339,314.12407999052,10.2969274721815,23.9280218143584,0.64,648.571278568484,658.868206040666,0.3,0.461538461538462,743.215979099274
2885,2,0.1,0.5,3,17000,500000,100,310.382060189667,315.531911768358,5.14985157869141,27.3643509122037,0.54,655.986392825383,661.136244404074,0.3,0.32258064516129,742.13164305687
2886,2,0.2,0.5,3,17000,500000,100,295.761754386301,301.751416774896,5.98966238859526,27.3453564869794,0.51,644.753411143679,650.743073532274,0.3,0.348837209302326,742.926084756851
2887,2,0.3,0.5,3,17000,500000,100,313.17664466988,316.990967743178,3.81432307329818,24.584857832496,0.55,655.828163007933,659.642486081231,0.3,0.379746835443038,743.074736595154
2888,2,0.4,0.5,3,17000,500000,100,304.034654495765,313.576555664311,9.54190116854592,28.6375162266825,0.63,651.093690228847,660.635591397393,0.3,0.416666666666667,753.241674900055
2889,2,0.5,0.5,3,17000,500000,100,307.681453744867,320.442815833959,12.7613620890925,23.3818557290247,0.67,652.552580803364,665.313942892456,0.3,0.461538461538462,752.755613327026
2890,2,0.1,0.6,3,17000,500000,100,302.273080074897,308.499105202906,6.22602512800952,24.4232806950775,0.55,650.437435552793,656.663460680803,0.3,0.32258064516129,752.258468866348
2891,2,0.2,0.6,3,17000,500000,100,300.991724121056,303.110227583457,2.11850346240157,25.1678109851714,0.54,644.433487196178,646.551990658579,0.3,0.348837209302326,754.077018976212
2892,2,0.3,0.6,3,17000,500000,100,304.806058583597,313.117842068883,8.31178348528656,25.5123941316923,0.62,650.589792268294,658.901575753581,0.3,0.379746835443038,753.836528778076
2893,2,0.4,0.6,3,17000,500000,100,302.709684068192,311.30899118622,8.59930711802784,24.2570691072925,0.63,648.507846105029,657.107153223057,0.3,0.416666666666667,739.237345695496
2894,2,0.5,0.6,3,17000,500000,100,308.535721058554,319.935693160878,11.3999721023244,24.0705998690844,0.66,652.668318989788,664.068291092112,0.3,0.461538461538462,738.866698503494
2895,2,0.1,0.7,3,17000,500000,100,298.574030291575,300.888583021225,2.31455272965028,24.324062371632,0.5,643.053659442155,645.368212171805,0.3,0.32258064516129,739.308083534241
2896,2,0.2,0.7,3,17000,500000,100,309.869377448734,315.109855757501,5.24047830876694,26.7816136712104,0.57,655.376421141379,660.616899450146,0.3,0.348837209302326,751.042236328125
2897,2,0.3,0.7,3,17000,500000,100,305.412503900772,310.112375157067,4.69987125629541,26.4185365017953,0.55,651.899956611765,656.59982786806,0.3,0.379746835443038,779.384147167206
2898,2,0.4,0.7,3,17000,500000,100,305.024902335395,313.079037577793,8.05413524239751,24.2226456020066,0.62,653.72467517391,661.778810416308,0.3,0.416666666666667,777.856921195984
2899,2,0.5,0.7,3,17000,500000,100,300.570738291279,308.797801497939,8.22706320665993,24.2460206434346,0.58,647.795440839523,656.022504046183,0.3,0.461538461538462,740.829888343811
2900,2,0.1,0.3,0,20000,500000,100,307.791315650917,317.316976944163,9.52566129324651,23.837552030797,0.63,652.582267884171,662.107929177417,0.3,0.32258064516129,743.021848678589
2901,2,0.2,0.3,0,20000,500000,100,314.953253880319,319.587468498386,4.63421461806721,25.5767855405387,0.58,659.067563666969,663.701778285036,0.3,0.348837209302326,743.462468862534
2902,2,0.3,0.3,0,20000,500000,100,303.804174985524,309.17137223234,5.36719724681567,24.8170919696734,0.56,648.890634393949,654.257831640765,0.3,0.379746835443038,747.857440948486
2903,2,0.4,0.3,0,20000,500000,100,304.05764431101,311.48474728008,7.4271029690709,21.8115097201669,0.63,652.097593368866,659.524696337937,0.3,0.416666666666667,741.802956581116
2904,2,0.5,0.3,0,20000,500000,100,293.219099568482,304.740961152607,11.5218615841255,27.8571461070357,0.64,638.838686988245,650.36054857237,0.3,0.461538461538462,752.821846961975
2905,2,0.1,0.4,0,20000,500000,100,305.191668844487,307.248951435597,2.05728259111041,23.0689673771555,0.52,653.288236771624,655.345519362735,0.3,0.32258064516129,751.657321214676
2906,2,0.2,0.4,0,20000,500000,100,312.290843107631,317.673475547629,5.3826324399981,21.952121251988,0.6,655.478625012039,660.861257452037,0.3,0.348837209302326,752.9172706604
2907,2,0.3,0.4,0,20000,500000,100,298.786396655687,311.001655021741,12.2152583660534,25.4640896512039,0.72,648.167464515188,660.382722881241,0.3,0.379746835443038,753.041380643845
2908,2,0.4,0.4,0,20000,500000,100,309.543911437892,319.71126487552,10.1673534376276,25.3680533814797,0.59,657.164299901664,667.331653339292,0.3,0.416666666666667,753.146777391434
2909,2,0.5,0.4,0,20000,500000,100,316.164961197737,318.757119758071,2.59215856033415,21.5492330868089,0.55,664.191613083242,666.783771643576,0.3,0.461538461538462,739.829850196838
2910,2,0.1,0.5,0,20000,500000,100,313.654455077545,313.100845372679,-0.553609704866278,27.3461352360872,0.44,657.463400697378,656.909790992512,0.3,0.32258064516129,738.120612859726
2911,2,0.2,0.5,0,20000,500000,100,295.510681055253,295.450552331667,-0.0601287235859377,22.7902421075741,0.48,644.914058435592,644.853929712006,0.3,0.348837209302326,738.030423402786
2912,2,0.3,0.5,0,20000,500000,100,305.750604242277,315.569961009769,9.81935676749163,25.0602629421291,0.62,645.456043341537,655.275400109028,0.3,0.379746835443038,752.520391941071
2913,2,0.4,0.5,0,20000,500000,100,305.75848868794,312.517237745852,6.75874905791162,21.9626062082141,0.62,650.854395186209,657.61314424412,0.3,0.416666666666667,778.44463801384
2914,2,0.5,0.5,0,20000,500000,100,302.848922838694,314.575091798716,11.7261689600213,23.325873091035,0.68,644.056561413691,655.782730373712,0.3,0.461538461538462,779.040167808533
2915,2,0.1,0.6,0,20000,500000,100,317.129542384493,324.543755520162,7.41421313566934,27.1315646566597,0.56,661.301817846453,668.716030982123,0.3,0.32258064516129,738.267018318176
2916,2,0.2,0.6,0,20000,500000,100,300.124086767969,310.261061192245,10.136974424276,29.6377592763091,0.61,644.999300117292,655.136274541568,0.3,0.348837209302326,741.836300611496
2917,2,0.3,0.6,0,20000,500000,100,310.626825827836,322.583148912014,11.9563230841779,22.9240431598769,0.73,649.167320045262,661.12364312944,0.3,0.379746835443038,749.035008430481
2918,2,0.4,0.6,0,20000,500000,100,306.792464294439,319.769045615922,12.9765813214832,25.3892444553837,0.65,651.782604805218,664.759186126701,0.3,0.416666666666667,746.759243011475
2919,2,0.5,0.6,0,20000,500000,100,313.453683429624,325.922568686993,12.4688852573693,23.1376056958437,0.71,656.760193118454,669.229078375823,0.3,0.461538461538462,745.486186742783
2920,2,0.1,0.7,0,20000,500000,100,301.386457764441,306.799302123345,5.41284435890468,30.2891633444044,0.57,645.976247343644,651.389091702549,0.3,0.32258064516129,751.737297534943
2921,2,0.2,0.7,0,20000,500000,100,309.311606143092,316.705934601285,7.39432845819295,27.1311943361341,0.59,654.565293106293,661.959621564486,0.3,0.348837209302326,750.629452228546
2922,2,0.3,0.7,0,20000,500000,100,310.440864272205,319.738926197997,9.2980619257918,29.1812699070261,0.6,655.197444671006,664.495506596798,0.3,0.379746835443038,753.479545116425
2923,2,0.4,0.7,0,20000,500000,100,311.303308860394,322.176751517964,10.8734426575693,22.227326045859,0.74,656.963903047582,667.837345705151,0.3,0.416666666666667,752.407031297684
2924,2,0.5,0.7,0,20000,500000,100,308.268455818583,319.612318173375,11.3438623547915,24.466497576472,0.65,653.088214566658,664.43207692145,0.3,0.461538461538462,751.79904460907
2925,2,0.1,0.3,1,20000,500000,100,309.053999148499,310.861533209015,1.80753406051632,29.9522018697223,0.5,654.621514819462,656.429048879978,0.3,0.32258064516129,738.328651666641
2926,2,0.2,0.3,1,20000,500000,100,298.944123360808,304.120503194528,5.17637983371949,27.2682833746233,0.51,652.87569195744,658.052071791159,0.3,0.348837209302326,739.61971616745
2927,2,0.3,0.3,1,20000,500000,100,310.03966766395,321.330958354942,11.2912906909921,20.8898664839261,0.72,655.694352045246,666.985642736238,0.3,0.379746835443038,740.911245584488
2928,2,0.4,0.3,1,20000,500000,100,296.836342220917,306.923781228786,10.0874390078694,28.8070055746873,0.63,641.523428741303,651.610867749173,0.3,0.416666666666667,751.101912498474
2929,2,0.5,0.3,1,20000,500000,100,305.385835602533,312.097307834162,6.71147223162847,21.9059500371438,0.62,651.273555515842,657.98502774747,0.3,0.461538461538462,780.389999628067
2930,2,0.1,0.4,1,20000,500000,100,299.59808228952,303.173224394869,3.57514210534883,24.0761565143644,0.55,646.34327816869,649.918420274039,0.3,0.32258064516129,780.087605714798
2931,2,0.2,0.4,1,20000,500000,100,291.605588899306,299.206460741092,7.60087184178613,23.6892735307838,0.59,638.349887593541,645.950759435328,0.3,0.348837209302326,741.61436009407
2932,2,0.3,0.4,1,20000,500000,100,304.638597674961,313.209387437015,8.5707897620537,24.2642982489596,0.64,645.888302198398,654.459091960452,0.3,0.379746835443038,741.089150190353
2933,2,0.4,0.4,1,20000,500000,100,311.400255485139,320.962073519711,9.56181803457174,20.9803719687899,0.63,655.827634909861,665.389452944433,0.3,0.416666666666667,742.61490559578
2934,2,0.5,0.4,1,20000,500000,100,301.486578621758,313.053402013084,11.5668233913259,25.2212360665384,0.69,646.972178937435,658.539002328761,0.3,0.461538461538462,746.466078996658
2935,2,0.1,0.5,1,20000,500000,100,303.092791807155,307.238608150338,4.14581634318282,26.5553274984462,0.55,649.436464564175,653.582280907358,0.3,0.32258064516129,742.033387899399
2936,2,0.2,0.5,1,20000,500000,100,304.796387492379,310.90876975189,6.11238225951135,20.9589154431484,0.64,652.499817426311,658.612199685822,0.3,0.348837209302326,753.998361110687
2937,2,0.3,0.5,1,20000,500000,100,314.123415650608,319.585018204291,5.46160255368263,24.2351218533524,0.58,656.840842525272,662.302445078955,0.3,0.379746835443038,750.99214220047
2938,2,0.4,0.5,1,20000,500000,100,300.966052134822,311.820857386231,10.8548052514093,24.8095066103453,0.68,648.797024418278,659.651829669688,0.3,0.416666666666667,751.221631288528
2939,2,0.5,0.5,1,20000,500000,100,309.639435819162,318.421408547394,8.78197272823184,23.8693359822458,0.62,658.755833586381,667.537806314613,0.3,0.461538461538462,751.350622177124
2940,2,0.1,0.6,1,20000,500000,100,308.147435339114,312.947539606929,4.800104267815,27.728284816291,0.59,653.935091820229,658.735196088044,0.3,0.32258064516129,750.363591194153
2941,2,0.2,0.6,1,20000,500000,100,304.793229622622,313.597946712107,8.80471708948488,28.9746477045619,0.59,644.802652179691,653.607369269176,0.3,0.348837209302326,737.523145437241
2942,2,0.3,0.6,1,20000,500000,100,313.821897318381,321.640065063542,7.8181677451607,23.1996782364905,0.64,656.050962894055,663.869130639215,0.3,0.379746835443038,736.798475265503
2943,2,0.4,0.6,1,20000,500000,100,298.455088651448,308.864362620974,10.4092739695268,22.0991497259651,0.68,649.193378778711,659.602652748238,0.3,0.416666666666667,737.641162395477
2944,2,0.5,0.6,1,20000,500000,100,307.118936978787,316.458790059488,9.33985308070117,23.9067775121234,0.63,653.319035520573,662.658888601274,0.3,0.461538461538462,749.751130342484
2945,2,0.1,0.7,1,20000,500000,100,304.284444462919,306.877568806275,2.593124343356,23.7371333903579,0.58,654.784424822859,657.377549166215,0.3,0.32258064516129,780.799870967865
2946,2,0.2,0.7,1,20000,500000,100,299.045190041403,304.263735552842,5.21854551143905,24.474307768909,0.6,645.791209006568,651.009754518007,0.3,0.348837209302326,783.955394029617
2947,2,0.3,0.7,1,20000,500000,100,304.306396251999,312.540960286624,8.23456403462413,29.9884016362417,0.6,649.82540240289,658.059966437514,0.3,0.379746835443038,737.609136104584
2948,2,0.4,0.7,1,20000,500000,100,310.899933113579,317.719786678955,6.8198535653762,22.8944672005003,0.6,655.525133947865,662.344987513241,0.3,0.416666666666667,742.971770524979
2949,2,0.5,0.7,1,20000,500000,100,297.501101048372,308.746201180528,11.2451001321556,25.3519046497883,0.63,644.038501966991,655.283602099146,0.3,0.461538461538462,749.494882822037
2950,2,0.1,0.3,2,20000,500000,100,315.569125041407,321.54342516263,5.97430012122304,25.1325967354562,0.6,662.768161141141,668.742461262364,0.3,0.32258064516129,747.665111780167
2951,2,0.2,0.3,2,20000,500000,100,300.756032437424,305.799820676367,5.04378823894291,25.0903743572687,0.6,641.022648593311,646.066436832254,0.3,0.348837209302326,743.726998090744
2952,2,0.3,0.3,2,20000,500000,100,304.749931045107,310.624965549479,5.87503450437215,28.6173494909343,0.57,652.413206826276,658.288241330648,0.3,0.379746835443038,756.3192923069
2953,2,0.4,0.3,2,20000,500000,100,309.818711605718,318.51180753997,8.693095934252,23.4392263699106,0.63,654.810925421645,663.504021355897,0.3,0.416666666666667,750.6541659832
2954,2,0.5,0.3,2,20000,500000,100,310.723935883502,322.9818122125,12.2578763289989,25.4204627423744,0.7,655.871771388512,668.12964771751,0.3,0.461538461538462,752.638377189636
2955,2,0.1,0.4,2,20000,500000,100,308.298059636541,315.72068624403,7.42262660748906,25.1928441413527,0.57,651.258495627356,658.681122234845,0.3,0.32258064516129,751.8762383461
2956,2,0.2,0.4,2,20000,500000,100,304.968163667249,311.637998132786,6.66983446553676,24.4189204203402,0.59,655.922964976969,662.592799442506,0.3,0.348837209302326,752.531668186188
2957,2,0.3,0.4,2,20000,500000,100,302.663857808013,314.808241935635,12.1443841276217,22.4669330071355,0.75,648.067927259616,660.212311387238,0.3,0.379746835443038,744.200481176376
2958,2,0.4,0.4,2,20000,500000,100,307.431406050215,316.262229768574,8.83082371835926,28.6026596246123,0.59,651.272348182083,660.103171900442,0.3,0.416666666666667,738.18043923378
2959,2,0.5,0.4,2,20000,500000,100,297.999482904886,308.401088606988,10.4016057021012,25.9283804905134,0.64,648.359540802469,658.761146504571,0.3,0.461538461538462,740.773741722107
2960,2,0.1,0.5,2,20000,500000,100,306.065367482393,311.047016707737,4.98164922534397,26.4297159393295,0.55,653.031980026227,658.013629251571,0.3,0.32258064516129,751.000750541687
2961,2,0.2,0.5,2,20000,500000,100,301.018927343562,305.316601340278,4.29767399671603,24.8137897646456,0.52,651.151045194156,655.448719190872,0.3,0.348837209302326,779.498215436936
2962,2,0.3,0.5,2,20000,500000,100,305.119926632208,312.184677307729,7.06475067552055,22.4365655639499,0.59,647.66170950502,654.72646018054,0.3,0.379746835443038,787.735145330429
2963,2,0.4,0.5,2,20000,500000,100,300.176841852664,308.637597563386,8.46075571072257,24.1738056711304,0.64,644.875781799721,653.336537510443,0.3,0.416666666666667,736.803097009659
2964,2,0.5,0.5,2,20000,500000,100,307.409814495297,318.261376266952,10.8515617716549,23.570904000856,0.7,648.867859664581,659.719421436236,0.3,0.461538461538462,740.39963722229
2965,2,0.1,0.6,2,20000,500000,100,306.301297021841,308.92002918457,2.61873216272905,25.7189219598454,0.47,648.618275051802,651.237007214531,0.3,0.32258064516129,748.066836357117
2966,2,0.2,0.6,2,20000,500000,100,311.336014383402,319.897124845806,8.56111046240356,23.2787806110793,0.61,662.809119145507,671.37022960791,0.3,0.348837209302326,740.308752775192
2967,2,0.3,0.6,2,20000,500000,100,306.467195786292,316.533206760993,10.0660109747013,25.2227380436074,0.63,649.098529676534,659.164540651235,0.3,0.379746835443038,740.586477041245
2968,2,0.4,0.6,2,20000,500000,100,299.218794209315,304.779517088755,5.56072287943931,24.0881044638995,0.58,641.707101531923,647.267824411362,0.3,0.416666666666667,752.10359287262
2969,2,0.5,0.6,2,20000,500000,100,306.258045659568,318.945463195089,12.6874175355207,24.6149060565357,0.64,654.439687968041,667.127105503561,0.3,0.461538461538462,751.832291603088
2970,2,0.1,0.7,2,20000,500000,100,294.381067439377,299.216870807733,4.83580336835549,25.6463805891145,0.59,638.925630632175,643.76143400053,0.3,0.32258064516129,749.084083557129
2971,2,0.2,0.7,2,20000,500000,100,301.902949896768,308.507224106375,6.60427420960698,22.3111969179223,0.58,646.875742556615,653.480016766222,0.3,0.348837209302326,751.688407182694
2972,2,0.3,0.7,2,20000,500000,100,304.739451968378,313.571197466076,8.83174549769801,21.9657648503683,0.63,646.493863872621,655.325609370319,0.3,0.379746835443038,751.892487049103
2973,2,0.4,0.7,2,20000,500000,100,296.296490119608,305.053337994345,8.7568478747368,25.0869812443988,0.62,639.44247060603,648.199318480767,0.3,0.416666666666667,737.452379465103
2974,2,0.5,0.7,2,20000,500000,100,303.029053536401,318.208201038799,15.1791475023977,22.559701519363,0.77,644.88235551153,660.061503013928,0.3,0.461538461538462,740.108184576035
2975,2,0.1,0.3,3,20000,500000,100,313.153574721528,314.139084857842,0.985510136314367,22.4259850227894,0.52,656.616832331579,657.602342467893,0.3,0.32258064516129,739.28248667717
2976,2,0.2,0.3,3,20000,500000,100,315.207256147841,326.36646905601,11.1592129081688,25.2401511902462,0.7,653.379104552706,664.538317460874,0.3,0.348837209302326,752.617421627045
2977,2,0.3,0.3,3,20000,500000,100,304.285211571679,314.074069767464,9.78885819578522,26.8891618540037,0.57,648.088864837948,657.877723033733,0.3,0.379746835443038,778.654869794846
2978,2,0.4,0.3,3,20000,500000,100,301.890650664105,310.420923088451,8.53027242434598,23.480908025962,0.63,646.26756930108,654.797841725426,0.3,0.416666666666667,780.571303367615
2979,2,0.5,0.3,3,20000,500000,100,300.044966856627,302.191321110375,2.14635425374737,23.8131371209643,0.48,647.450060036536,649.596414290283,0.3,0.461538461538462,740.951856851578
2980,2,0.1,0.4,3,20000,500000,100,312.804989674854,312.510671482694,-0.294318192160133,25.4679518392068,0.57,656.603419222908,656.309101030748,0.3,0.32258064516129,743.686313152313
2981,2,0.2,0.4,3,20000,500000,100,312.93950457521,319.880218317936,6.9407137427256,24.5464243615207,0.64,653.474287059386,660.415000802111,0.3,0.348837209302326,740.717848300934
2982,2,0.3,0.4,3,20000,500000,100,309.229466544634,312.414311348396,3.1848448037623,24.4934614400839,0.58,658.723817257397,661.90866206116,0.3,0.379746835443038,743.696854829788
2983,2,0.4,0.4,3,20000,500000,100,308.24430985768,313.68324335852,5.43893350083982,22.7681845889286,0.62,653.366683581435,658.805617082275,0.3,0.416666666666667,739.902168512344
2984,2,0.5,0.4,3,20000,500000,100,297.54631501315,311.097410006132,13.5510949929822,25.9922808554297,0.69,642.985188551783,656.536283544765,0.3,0.461538461538462,752.430816173554
2985,2,0.1,0.5,3,20000,500000,100,301.547907634929,305.165914265556,3.61800663062763,26.6253261725258,0.56,653.641320950109,657.259327580736,0.3,0.32258064516129,750.083882331848
2986,2,0.2,0.5,3,20000,500000,100,295.815639628181,299.169285019463,3.35364539128188,20.9714170497327,0.56,642.885689322839,646.239334714121,0.3,0.348837209302326,748.312101840973
2987,2,0.3,0.5,3,20000,500000,100,306.352247725125,312.77740670522,6.42515898009498,25.9349289826211,0.59,653.258997697122,659.684156677217,0.3,0.379746835443038,751.542941093445
2988,2,0.4,0.5,3,20000,500000,100,300.710001492128,307.832047842058,7.12204634993002,26.097993776033,0.58,649.671653296431,656.793699646361,0.3,0.416666666666667,750.390294790268
2989,2,0.5,0.5,3,20000,500000,100,294.538370624095,309.212002082774,14.6736314586784,29.0664304790192,0.66,645.298768026157,659.972399484835,0.3,0.461538461538462,736.985774040222
2990,2,0.1,0.6,3,20000,500000,100,305.760888535286,309.64257015085,3.88168161556396,24.2064072295221,0.53,654.407713307802,658.289394923366,0.3,0.32258064516129,739.181357622147
2991,2,0.2,0.6,3,20000,500000,100,305.518989884803,312.040701019155,6.52171113435194,24.1072605406637,0.52,652.104936270232,658.626647404584,0.3,0.348837209302326,735.49084854126
2992,2,0.3,0.6,3,20000,500000,100,309.14271298443,319.158210509,10.0154975245705,26.5679136449626,0.64,656.281830299833,666.297327824403,0.3,0.379746835443038,749.161118507385
2993,2,0.4,0.6,3,20000,500000,100,307.733648184568,316.216983006968,8.48333482240043,22.4188531174848,0.58,650.916517808176,659.399852630577,0.3,0.416666666666667,777.167230844498
2994,2,0.5,0.6,3,20000,500000,100,304.838000889673,315.439315787799,10.6013148981261,23.883270330965,0.7,646.009262423402,656.610577321529,0.3,0.461538461538462,777.739764690399
2995,2,0.1,0.7,3,20000,500000,100,312.558313121369,312.118717128456,-0.439595992913321,27.1209812801293,0.53,659.38819608823,658.948600095317,0.3,0.32258064516129,740.967603206635
2996,2,0.2,0.7,3,20000,500000,100,315.385525009882,322.979983010727,7.59445800084549,23.7093185225213,0.59,661.001562836287,668.596020837132,0.3,0.348837209302326,744.278066635132
2997,2,0.3,0.7,3,20000,500000,100,300.958082867712,307.309221019148,6.35113815143681,24.6266560623378,0.53,649.028266409999,655.379404561436,0.3,0.379746835443038,740.646557092667
2998,2,0.4,0.7,3,20000,500000,100,304.207306759105,308.576318693051,4.36901193394596,25.6805217737357,0.55,646.074773044465,650.443784978411,0.3,0.416666666666667,746.601145744324
2999,2,0.5,0.7,3,20000,500000,100,306.187374857596,315.91513358969,9.72775873209322,22.8546579480728,0.69,656.673422498758,666.401181230851,0.3,0.461538461538462,743.291453361511
